# Blender 4.2.23 LTS
# www.blender.org
o body
v 0.000000 1.520459 -0.038823
v 0.000000 1.492487 -0.075000
v 0.000000 1.322469 -0.144889
v 0.000000 1.250000 -0.150000
v 0.000000 1.177531 -0.144889
v 0.000000 1.007513 -0.075000
v 0.000000 0.979541 -0.038823
v 0.019195 1.520459 -0.036923
v 0.037082 1.492487 -0.071329
v 0.052442 1.447990 -0.100875
v 0.064228 1.390000 -0.123546
v 0.071637 1.322469 -0.137798
v 0.074164 1.250000 -0.142658
v 0.071637 1.177531 -0.137798
v 0.064228 1.110000 -0.123546
v 0.052442 1.052010 -0.100875
v 0.037082 1.007513 -0.071329
v 0.019195 0.979541 -0.036923
v 0.036511 1.520459 -0.031408
v 0.070534 1.492487 -0.060676
v 0.099750 1.447990 -0.085809
v 0.122169 1.390000 -0.105094
v 0.136262 1.322469 -0.117218
v 0.141068 1.250000 -0.121353
v 0.136262 1.177531 -0.117218
v 0.122169 1.110000 -0.105094
v 0.099750 1.052010 -0.085809
v 0.070534 1.007513 -0.060676
v 0.036511 0.979541 -0.031408
v 0.000000 0.970000 0.000000
v 0.050253 1.520459 -0.022820
v 0.097082 1.492487 -0.044084
v 0.137295 1.447990 -0.062344
v 0.168151 1.390000 -0.076356
v 0.187548 1.322469 -0.085164
v 0.194164 1.250000 -0.088168
v 0.187548 1.177531 -0.085164
v 0.168151 1.110000 -0.076356
v 0.137295 1.052010 -0.062344
v 0.097082 1.007513 -0.044084
v 0.050253 0.979541 -0.022820
v 0.059076 1.520459 -0.011997
v 0.114127 1.492487 -0.023176
v 0.161400 1.447990 -0.032776
v 0.197673 1.390000 -0.040142
v 0.220476 1.322469 -0.044773
v 0.228254 1.250000 -0.046353
v 0.220476 1.177531 -0.044773
v 0.197673 1.110000 -0.040142
v 0.161400 1.052010 -0.032776
v 0.114127 1.007513 -0.023176
v 0.059076 0.979541 -0.011997
v 0.062117 1.520459 0.000000
v 0.120000 1.492487 0.000000
v 0.169706 1.447990 0.000000
v 0.207846 1.390000 -0.000000
v 0.231822 1.322469 0.000000
v 0.240000 1.250000 0.000000
v 0.231822 1.177531 0.000000
v 0.207846 1.110000 -0.000000
v 0.169706 1.052010 0.000000
v 0.120000 1.007513 0.000000
v 0.062117 0.979541 0.000000
v 0.059076 1.520459 0.011997
v 0.114127 1.492487 0.023176
v 0.161400 1.447990 0.032776
v 0.197673 1.390000 0.040142
v 0.220476 1.322469 0.044773
v 0.228254 1.250000 0.046353
v 0.220476 1.177531 0.044773
v 0.197673 1.110000 0.040142
v 0.161400 1.052010 0.032776
v 0.114127 1.007513 0.023176
v 0.059076 0.979541 0.011997
v 0.050253 1.520459 0.022820
v 0.097082 1.492487 0.044084
v 0.137295 1.447990 0.062344
v 0.168151 1.390000 0.076356
v 0.187548 1.322469 0.085164
v 0.194164 1.250000 0.088168
v 0.187548 1.177531 0.085164
v 0.168151 1.110000 0.076356
v 0.137295 1.052010 0.062344
v 0.097082 1.007513 0.044084
v 0.050253 0.979541 0.022820
v 0.036511 1.520459 0.031408
v 0.070534 1.492487 0.060676
v 0.099750 1.447990 0.085809
v 0.122169 1.390000 0.105094
v 0.136262 1.322469 0.117218
v 0.141068 1.250000 0.121353
v 0.136262 1.177531 0.117218
v 0.122169 1.110000 0.105094
v 0.099750 1.052010 0.085809
v 0.070534 1.007513 0.060676
v 0.036511 0.979541 0.031408
v 0.019195 1.520459 0.036923
v 0.037082 1.492487 0.071329
v 0.052442 1.447990 0.100875
v 0.064228 1.390000 0.123546
v 0.071637 1.322469 0.137798
v 0.074164 1.250000 0.142659
v 0.071637 1.177531 0.137798
v 0.064228 1.110000 0.123546
v 0.052442 1.052010 0.100875
v 0.037082 1.007513 0.071329
v 0.019195 0.979541 0.036923
v 0.000000 1.530000 0.000000
v -0.000000 1.520459 0.038823
v 0.000000 1.492487 0.075000
v 0.000000 1.447990 0.106066
v 0.000000 1.390000 0.129904
v 0.000000 1.322469 0.144889
v 0.000000 1.250000 0.150000
v 0.000000 1.177531 0.144889
v 0.000000 1.110000 0.129904
v 0.000000 1.052010 0.106066
v 0.000000 1.007513 0.075000
v -0.000000 0.979541 0.038823
v -0.019195 1.520459 0.036923
v -0.037082 1.492487 0.071329
v -0.052442 1.447990 0.100875
v -0.064228 1.390000 0.123546
v -0.071637 1.322469 0.137798
v -0.074164 1.250000 0.142659
v -0.071637 1.177531 0.137798
v -0.064228 1.110000 0.123546
v -0.052442 1.052010 0.100875
v -0.037082 1.007513 0.071329
v -0.019195 0.979541 0.036923
v -0.036511 1.520459 0.031408
v -0.070534 1.492487 0.060676
v -0.099750 1.447990 0.085809
v -0.122169 1.390000 0.105094
v -0.136262 1.322469 0.117218
v -0.141069 1.250000 0.121353
v -0.136262 1.177531 0.117218
v -0.122169 1.110000 0.105094
v -0.099750 1.052010 0.085809
v -0.070534 1.007513 0.060676
v -0.036511 0.979541 0.031408
v -0.050253 1.520459 0.022820
v -0.097082 1.492487 0.044084
v -0.137295 1.447990 0.062344
v -0.168151 1.390000 0.076356
v -0.187548 1.322469 0.085164
v -0.194164 1.250000 0.088168
v -0.187548 1.177531 0.085164
v -0.168151 1.110000 0.076356
v -0.137295 1.052010 0.062344
v -0.097082 1.007513 0.044084
v -0.050253 0.979541 0.022820
v -0.059076 1.520459 0.011997
v -0.114127 1.492487 0.023176
v -0.161400 1.447990 0.032776
v -0.197673 1.390000 0.040143
v -0.220476 1.322469 0.044773
v -0.228254 1.250000 0.046353
v -0.220476 1.177531 0.044773
v -0.197673 1.110000 0.040143
v -0.161400 1.052010 0.032776
v -0.114127 1.007513 0.023176
v -0.059076 0.979541 0.011997
v -0.062117 1.520459 -0.000000
v -0.120000 1.492487 0.000000
v -0.169706 1.447990 0.000000
v -0.207846 1.390000 0.000000
v -0.231822 1.322469 -0.000000
v -0.240000 1.250000 0.000000
v -0.231822 1.177531 -0.000000
v -0.207846 1.110000 0.000000
v -0.169706 1.052010 0.000000
v -0.120000 1.007513 0.000000
v -0.062117 0.979541 -0.000000
v -0.059076 1.520459 -0.011997
v -0.114127 1.492487 -0.023176
v -0.161400 1.447990 -0.032776
v -0.197673 1.390000 -0.040143
v -0.220476 1.322469 -0.044773
v -0.228254 1.250000 -0.046353
v -0.220476 1.177531 -0.044773
v -0.197673 1.110000 -0.040143
v -0.161400 1.052010 -0.032776
v -0.114127 1.007513 -0.023176
v -0.059076 0.979541 -0.011997
v -0.050253 1.520459 -0.022820
v -0.097082 1.492487 -0.044084
v -0.137295 1.447990 -0.062344
v -0.168151 1.390000 -0.076356
v -0.187548 1.322469 -0.085164
v -0.194164 1.250000 -0.088168
v -0.187548 1.177531 -0.085164
v -0.168151 1.110000 -0.076356
v -0.137295 1.052010 -0.062344
v -0.097082 1.007513 -0.044084
v -0.050253 0.979541 -0.022820
v -0.036511 1.520459 -0.031408
v -0.070534 1.492487 -0.060676
v -0.099751 1.447990 -0.085809
v -0.122169 1.390000 -0.105094
v -0.136262 1.322469 -0.117218
v -0.141069 1.250000 -0.121353
v -0.136262 1.177531 -0.117218
v -0.122169 1.110000 -0.105094
v -0.099751 1.052010 -0.085809
v -0.070534 1.007513 -0.060676
v -0.036511 0.979541 -0.031408
v -0.019195 1.520459 -0.036923
v -0.037082 1.492487 -0.071329
v -0.052442 1.447990 -0.100875
v -0.064228 1.390000 -0.123546
v -0.071637 1.322469 -0.137798
v -0.074164 1.250000 -0.142659
v -0.071637 1.177531 -0.137798
v -0.064228 1.110000 -0.123546
v -0.052442 1.052010 -0.100875
v -0.037082 1.007513 -0.071329
v -0.019195 0.979541 -0.036923
v -0.000000 1.447990 -0.106066
v 0.000000 1.390000 -0.129904
v 0.000000 1.110000 -0.129904
v -0.000000 1.052010 -0.106066
v 0.000000 1.232504 -0.033646
v 0.000000 1.210526 -0.065000
v 0.000000 1.076940 -0.125570
v 0.000000 1.020000 -0.130000
v 0.000000 0.963060 -0.125570
v 0.000000 0.829474 -0.065000
v 0.000000 0.807496 -0.033646
v 0.013597 1.232504 -0.032000
v 0.026266 1.210526 -0.061819
v 0.037146 1.175563 -0.087425
v 0.045495 1.130000 -0.107073
v 0.050743 1.076940 -0.119425
v 0.052533 1.020000 -0.123637
v 0.050743 0.963060 -0.119425
v 0.045495 0.910000 -0.107073
v 0.037146 0.864437 -0.087425
v 0.026266 0.829474 -0.061819
v 0.013597 0.807496 -0.032000
v 0.025862 1.232504 -0.027221
v 0.049962 1.210526 -0.052586
v 0.070657 1.175563 -0.074368
v 0.086536 1.130000 -0.091082
v 0.096519 1.076940 -0.101589
v 0.099924 1.020000 -0.105172
v 0.096519 0.963060 -0.101589
v 0.086536 0.910000 -0.091082
v 0.070657 0.864437 -0.074368
v 0.049962 0.829474 -0.052586
v 0.025862 0.807496 -0.027221
v 0.000000 0.800000 0.000000
v 0.035596 1.232504 -0.019777
v 0.068766 1.210526 -0.038206
v 0.097250 1.175563 -0.054032
v 0.119107 1.130000 -0.066175
v 0.132847 1.076940 -0.073808
v 0.137533 1.020000 -0.076412
v 0.132847 0.963060 -0.073808
v 0.119107 0.910000 -0.066175
v 0.097250 0.864437 -0.054032
v 0.068766 0.829474 -0.038206
v 0.035596 0.807496 -0.019777
v 0.041846 1.232504 -0.010397
v 0.080840 1.210526 -0.020086
v 0.114325 1.175563 -0.028406
v 0.140019 1.130000 -0.034790
v 0.156171 1.076940 -0.038803
v 0.161680 1.020000 -0.040172
v 0.156171 0.963060 -0.038803
v 0.140019 0.910000 -0.034790
v 0.114325 0.864437 -0.028406
v 0.080840 0.829474 -0.020086
v 0.041846 0.807496 -0.010397
v 0.043999 1.232504 0.000000
v 0.085000 1.210526 0.000000
v 0.120208 1.175563 0.000000
v 0.147224 1.130000 -0.000000
v 0.164207 1.076940 0.000000
v 0.170000 1.020000 0.000000
v 0.164207 0.963060 0.000000
v 0.147224 0.910000 -0.000000
v 0.120208 0.864437 0.000000
v 0.085000 0.829474 0.000000
v 0.043999 0.807496 0.000000
v 0.041846 1.232504 0.010397
v 0.080840 1.210526 0.020086
v 0.114325 1.175563 0.028406
v 0.140019 1.130000 0.034790
v 0.156171 1.076940 0.038803
v 0.161680 1.020000 0.040172
v 0.156171 0.963060 0.038803
v 0.140019 0.910000 0.034790
v 0.114325 0.864437 0.028406
v 0.080840 0.829474 0.020086
v 0.041846 0.807496 0.010397
v 0.035596 1.232504 0.019777
v 0.068766 1.210526 0.038206
v 0.097250 1.175563 0.054032
v 0.119107 1.130000 0.066175
v 0.132847 1.076940 0.073808
v 0.137533 1.020000 0.076412
v 0.132847 0.963060 0.073808
v 0.119107 0.910000 0.066175
v 0.097250 0.864437 0.054032
v 0.068766 0.829474 0.038206
v 0.035596 0.807496 0.019777
v 0.025862 1.232504 0.027221
v 0.049962 1.210526 0.052586
v 0.070657 1.175563 0.074368
v 0.086536 1.130000 0.091082
v 0.096519 1.076940 0.101589
v 0.099924 1.020000 0.105172
v 0.096519 0.963060 0.101589
v 0.086536 0.910000 0.091082
v 0.070657 0.864437 0.074368
v 0.049962 0.829474 0.052586
v 0.025862 0.807496 0.027221
v 0.013597 1.232504 0.032000
v 0.026266 1.210526 0.061819
v 0.037146 1.175563 0.087425
v 0.045495 1.130000 0.107073
v 0.050743 1.076940 0.119425
v 0.052533 1.020000 0.123637
v 0.050743 0.963060 0.119425
v 0.045495 0.910000 0.107073
v 0.037146 0.864437 0.087425
v 0.026266 0.829474 0.061819
v 0.013597 0.807496 0.032000
v 0.000000 1.240000 0.000000
v -0.000000 1.232504 0.033646
v 0.000000 1.210526 0.065000
v 0.000000 1.175563 0.091924
v 0.000000 1.130000 0.112583
v 0.000000 1.076940 0.125570
v 0.000000 1.020000 0.130000
v 0.000000 0.963060 0.125570
v 0.000000 0.910000 0.112583
v 0.000000 0.864437 0.091924
v 0.000000 0.829474 0.065000
v -0.000000 0.807496 0.033646
v -0.013597 1.232504 0.032000
v -0.026266 1.210526 0.061819
v -0.037146 1.175563 0.087425
v -0.045495 1.130000 0.107073
v -0.050743 1.076940 0.119425
v -0.052533 1.020000 0.123637
v -0.050743 0.963060 0.119425
v -0.045495 0.910000 0.107073
v -0.037146 0.864437 0.087425
v -0.026266 0.829474 0.061819
v -0.013597 0.807496 0.032000
v -0.025862 1.232504 0.027221
v -0.049962 1.210526 0.052586
v -0.070657 1.175563 0.074368
v -0.086536 1.130000 0.091082
v -0.096519 1.076940 0.101589
v -0.099924 1.020000 0.105172
v -0.096519 0.963060 0.101589
v -0.086536 0.910000 0.091082
v -0.070657 0.864437 0.074368
v -0.049962 0.829474 0.052586
v -0.025862 0.807496 0.027221
v -0.035596 1.232504 0.019777
v -0.068766 1.210526 0.038206
v -0.097250 1.175563 0.054032
v -0.119107 1.130000 0.066175
v -0.132847 1.076940 0.073808
v -0.137533 1.020000 0.076412
v -0.132847 0.963060 0.073808
v -0.119107 0.910000 0.066175
v -0.097250 0.864437 0.054032
v -0.068766 0.829474 0.038206
v -0.035596 0.807496 0.019777
v -0.041846 1.232504 0.010397
v -0.080840 1.210526 0.020086
v -0.114325 1.175563 0.028406
v -0.140019 1.130000 0.034790
v -0.156171 1.076940 0.038803
v -0.161680 1.020000 0.040172
v -0.156171 0.963060 0.038803
v -0.140019 0.910000 0.034790
v -0.114325 0.864437 0.028406
v -0.080840 0.829474 0.020086
v -0.041846 0.807496 0.010397
v -0.043999 1.232504 -0.000000
v -0.085000 1.210526 0.000000
v -0.120208 1.175563 0.000000
v -0.147224 1.130000 0.000000
v -0.164207 1.076940 -0.000000
v -0.170000 1.020000 0.000000
v -0.164207 0.963060 -0.000000
v -0.147224 0.910000 0.000000
v -0.120208 0.864437 0.000000
v -0.085000 0.829474 0.000000
v -0.043999 0.807496 -0.000000
v -0.041846 1.232504 -0.010397
v -0.080840 1.210526 -0.020086
v -0.114325 1.175563 -0.028406
v -0.140019 1.130000 -0.034790
v -0.156171 1.076940 -0.038803
v -0.161680 1.020000 -0.040172
v -0.156171 0.963060 -0.038803
v -0.140019 0.910000 -0.034790
v -0.114325 0.864437 -0.028406
v -0.080840 0.829474 -0.020086
v -0.041846 0.807496 -0.010397
v -0.035596 1.232504 -0.019777
v -0.068766 1.210526 -0.038206
v -0.097250 1.175563 -0.054032
v -0.119107 1.130000 -0.066175
v -0.132847 1.076940 -0.073808
v -0.137533 1.020000 -0.076412
v -0.132847 0.963060 -0.073808
v -0.119107 0.910000 -0.066175
v -0.097250 0.864437 -0.054032
v -0.068766 0.829474 -0.038206
v -0.035596 0.807496 -0.019777
v -0.025862 1.232504 -0.027221
v -0.049962 1.210526 -0.052586
v -0.070657 1.175563 -0.074368
v -0.086536 1.130000 -0.091082
v -0.096519 1.076940 -0.101589
v -0.099924 1.020000 -0.105172
v -0.096519 0.963060 -0.101589
v -0.086536 0.910000 -0.091082
v -0.070657 0.864437 -0.074368
v -0.049962 0.829474 -0.052586
v -0.025862 0.807496 -0.027221
v -0.013597 1.232504 -0.032000
v -0.026266 1.210526 -0.061819
v -0.037146 1.175563 -0.087425
v -0.045495 1.130000 -0.107073
v -0.050743 1.076940 -0.119425
v -0.052533 1.020000 -0.123637
v -0.050743 0.963060 -0.119425
v -0.045495 0.910000 -0.107073
v -0.037146 0.864437 -0.087425
v -0.026266 0.829474 -0.061819
v -0.013597 0.807496 -0.032000
v -0.000000 1.175563 -0.091924
v 0.000000 1.130000 -0.112583
v 0.000000 0.910000 -0.112583
v -0.000000 0.864437 -0.091924
v 0.000000 1.014548 -0.038823
v 0.000000 0.998564 -0.075000
v 0.000000 0.901411 -0.144889
v 0.000000 0.860000 -0.150000
v 0.000000 0.818589 -0.144889
v 0.000000 0.721436 -0.075000
v 0.000000 0.705452 -0.038823
v 0.016796 1.014548 -0.036923
v 0.032447 0.998564 -0.071329
v 0.045887 0.973137 -0.100875
v 0.056199 0.940000 -0.123546
v 0.062682 0.901411 -0.137798
v 0.064894 0.860000 -0.142658
v 0.062682 0.818589 -0.137798
v 0.056199 0.780000 -0.123546
v 0.045887 0.746863 -0.100875
v 0.032447 0.721436 -0.071329
v 0.016796 0.705452 -0.036923
v 0.031947 1.014548 -0.031408
v 0.061717 0.998564 -0.060676
v 0.087282 0.973137 -0.085809
v 0.106898 0.940000 -0.105094
v 0.119229 0.901411 -0.117218
v 0.123435 0.860000 -0.121353
v 0.119229 0.818589 -0.117218
v 0.106898 0.780000 -0.105094
v 0.087282 0.746863 -0.085809
v 0.061717 0.721436 -0.060676
v 0.031947 0.705452 -0.031408
v 0.000000 0.700000 0.000000
v 0.043972 1.014548 -0.022820
v 0.084947 0.998564 -0.044084
v 0.120133 0.973137 -0.062344
v 0.147132 0.940000 -0.076356
v 0.164105 0.901411 -0.085164
v 0.169894 0.860000 -0.088168
v 0.164105 0.818589 -0.085164
v 0.147132 0.780000 -0.076356
v 0.120133 0.746863 -0.062344
v 0.084947 0.721436 -0.044084
v 0.043972 0.705452 -0.022820
v 0.051692 1.014548 -0.011997
v 0.099861 0.998564 -0.023176
v 0.141225 0.973137 -0.032776
v 0.172964 0.940000 -0.040142
v 0.192917 0.901411 -0.044773
v 0.199722 0.860000 -0.046353
v 0.192917 0.818589 -0.044773
v 0.172964 0.780000 -0.040142
v 0.141225 0.746863 -0.032776
v 0.099861 0.721436 -0.023176
v 0.051692 0.705452 -0.011997
v 0.054352 1.014548 0.000000
v 0.105000 0.998564 0.000000
v 0.148492 0.973137 0.000000
v 0.181865 0.940000 -0.000000
v 0.202844 0.901411 0.000000
v 0.210000 0.860000 0.000000
v 0.202844 0.818589 0.000000
v 0.181865 0.780000 -0.000000
v 0.148492 0.746863 0.000000
v 0.105000 0.721436 0.000000
v 0.054352 0.705452 0.000000
v 0.051692 1.014548 0.011997
v 0.099861 0.998564 0.023176
v 0.141225 0.973137 0.032776
v 0.172964 0.940000 0.040142
v 0.192917 0.901411 0.044773
v 0.199722 0.860000 0.046353
v 0.192917 0.818589 0.044773
v 0.172964 0.780000 0.040142
v 0.141225 0.746863 0.032776
v 0.099861 0.721436 0.023176
v 0.051692 0.705452 0.011997
v 0.043972 1.014548 0.022820
v 0.084947 0.998564 0.044084
v 0.120133 0.973137 0.062344
v 0.147132 0.940000 0.076356
v 0.164105 0.901411 0.085164
v 0.169894 0.860000 0.088168
v 0.164105 0.818589 0.085164
v 0.147132 0.780000 0.076356
v 0.120133 0.746863 0.062344
v 0.084947 0.721436 0.044084
v 0.043972 0.705452 0.022820
v 0.031947 1.014548 0.031408
v 0.061717 0.998564 0.060676
v 0.087282 0.973137 0.085809
v 0.106898 0.940000 0.105094
v 0.119229 0.901411 0.117218
v 0.123435 0.860000 0.121353
v 0.119229 0.818589 0.117218
v 0.106898 0.780000 0.105094
v 0.087282 0.746863 0.085809
v 0.061717 0.721436 0.060676
v 0.031947 0.705452 0.031408
v 0.016796 1.014548 0.036923
v 0.032447 0.998564 0.071329
v 0.045887 0.973137 0.100875
v 0.056200 0.940000 0.123546
v 0.062682 0.901411 0.137798
v 0.064894 0.860000 0.142659
v 0.062682 0.818589 0.137798
v 0.056200 0.780000 0.123546
v 0.045887 0.746863 0.100875
v 0.032447 0.721436 0.071329
v 0.016796 0.705452 0.036923
v 0.000000 1.020000 0.000000
v -0.000000 1.014548 0.038823
v 0.000000 0.998564 0.075000
v 0.000000 0.973137 0.106066
v 0.000000 0.940000 0.129904
v 0.000000 0.901411 0.144889
v 0.000000 0.860000 0.150000
v 0.000000 0.818589 0.144889
v 0.000000 0.780000 0.129904
v 0.000000 0.746863 0.106066
v 0.000000 0.721436 0.075000
v -0.000000 0.705452 0.038823
v -0.016796 1.014548 0.036923
v -0.032447 0.998564 0.071329
v -0.045887 0.973137 0.100875
v -0.056199 0.940000 0.123546
v -0.062682 0.901411 0.137798
v -0.064894 0.860000 0.142659
v -0.062682 0.818589 0.137798
v -0.056199 0.780000 0.123546
v -0.045887 0.746863 0.100875
v -0.032447 0.721436 0.071329
v -0.016796 0.705452 0.036923
v -0.031947 1.014548 0.031408
v -0.061717 0.998564 0.060676
v -0.087282 0.973137 0.085809
v -0.106898 0.940000 0.105094
v -0.119229 0.901411 0.117218
v -0.123435 0.860000 0.121353
v -0.119229 0.818589 0.117218
v -0.106898 0.780000 0.105094
v -0.087282 0.746863 0.085809
v -0.061717 0.721436 0.060676
v -0.031947 0.705452 0.031408
v -0.043972 1.014548 0.022820
v -0.084947 0.998564 0.044084
v -0.120133 0.973137 0.062344
v -0.147132 0.940000 0.076356
v -0.164105 0.901411 0.085164
v -0.169894 0.860000 0.088168
v -0.164105 0.818589 0.085164
v -0.147132 0.780000 0.076356
v -0.120133 0.746863 0.062344
v -0.084947 0.721436 0.044084
v -0.043972 0.705452 0.022820
v -0.051692 1.014548 0.011997
v -0.099861 0.998564 0.023176
v -0.141225 0.973137 0.032776
v -0.172964 0.940000 0.040143
v -0.192917 0.901411 0.044773
v -0.199722 0.860000 0.046353
v -0.192917 0.818589 0.044773
v -0.172964 0.780000 0.040143
v -0.141225 0.746863 0.032776
v -0.099861 0.721436 0.023176
v -0.051692 0.705452 0.011997
v -0.054352 1.014548 -0.000000
v -0.105000 0.998564 0.000000
v -0.148492 0.973137 0.000000
v -0.181865 0.940000 0.000000
v -0.202845 0.901411 -0.000000
v -0.210000 0.860000 0.000000
v -0.202845 0.818589 -0.000000
v -0.181865 0.780000 0.000000
v -0.148492 0.746863 0.000000
v -0.105000 0.721436 0.000000
v -0.054352 0.705452 -0.000000
v -0.051692 1.014548 -0.011997
v -0.099861 0.998564 -0.023176
v -0.141225 0.973137 -0.032776
v -0.172964 0.940000 -0.040143
v -0.192917 0.901411 -0.044773
v -0.199722 0.860000 -0.046353
v -0.192917 0.818589 -0.044773
v -0.172964 0.780000 -0.040143
v -0.141225 0.746863 -0.032776
v -0.099861 0.721436 -0.023176
v -0.051692 0.705452 -0.011997
v -0.043972 1.014548 -0.022820
v -0.084947 0.998564 -0.044084
v -0.120133 0.973137 -0.062344
v -0.147132 0.940000 -0.076356
v -0.164105 0.901411 -0.085164
v -0.169894 0.860000 -0.088168
v -0.164105 0.818589 -0.085164
v -0.147132 0.780000 -0.076356
v -0.120133 0.746863 -0.062344
v -0.084947 0.721436 -0.044084
v -0.043972 0.705452 -0.022820
v -0.031947 1.014548 -0.031408
v -0.061717 0.998564 -0.060676
v -0.087282 0.973137 -0.085809
v -0.106898 0.940000 -0.105094
v -0.119229 0.901411 -0.117218
v -0.123435 0.860000 -0.121353
v -0.119229 0.818589 -0.117218
v -0.106898 0.780000 -0.105094
v -0.087282 0.746863 -0.085809
v -0.061717 0.721436 -0.060676
v -0.031947 0.705452 -0.031408
v -0.016796 1.014548 -0.036923
v -0.032447 0.998564 -0.071329
v -0.045887 0.973137 -0.100875
v -0.056199 0.940000 -0.123546
v -0.062682 0.901411 -0.137798
v -0.064894 0.860000 -0.142659
v -0.062682 0.818589 -0.137798
v -0.056199 0.780000 -0.123546
v -0.045887 0.746863 -0.100875
v -0.032447 0.721436 -0.071329
v -0.016796 0.705452 -0.036923
v -0.000000 0.973137 -0.106066
v 0.000000 0.940000 -0.129904
v 0.000000 0.780000 -0.129904
v -0.000000 0.746863 -0.106066
v 0.000000 1.844207 -0.018646
v 0.000000 1.827224 -0.050000
v 0.000000 1.723999 -0.110570
v 0.000000 1.680000 -0.115000
v 0.000000 1.636001 -0.110570
v 0.000000 1.532776 -0.050000
v 0.000000 1.515793 -0.018646
v 0.011197 1.844207 -0.017000
v 0.021631 1.827224 -0.046819
v 0.030591 1.800208 -0.072425
v 0.037466 1.765000 -0.092073
v 0.041788 1.723999 -0.104425
v 0.043262 1.680000 -0.108637
v 0.041788 1.636001 -0.104425
v 0.037466 1.595000 -0.092073
v 0.030591 1.559792 -0.072425
v 0.021631 1.532776 -0.046819
v 0.011197 1.515793 -0.017000
v 0.021298 1.844207 -0.012221
v 0.041145 1.827224 -0.037586
v 0.058188 1.800208 -0.059368
v 0.071265 1.765000 -0.076082
v 0.079486 1.723999 -0.086589
v 0.082290 1.680000 -0.090172
v 0.079486 1.636001 -0.086589
v 0.071265 1.595000 -0.076082
v 0.058188 1.559792 -0.059368
v 0.041145 1.532776 -0.037586
v 0.021298 1.515793 -0.012221
v 0.000000 1.510000 0.015000
v 0.029314 1.844207 -0.004777
v 0.056631 1.827224 -0.023206
v 0.080089 1.800208 -0.039032
v 0.098088 1.765000 -0.051175
v 0.109403 1.723999 -0.058808
v 0.113262 1.680000 -0.061412
v 0.109403 1.636001 -0.058808
v 0.098088 1.595000 -0.051175
v 0.080089 1.559792 -0.039032
v 0.056631 1.532776 -0.023206
v 0.029314 1.515793 -0.004777
v 0.034461 1.844207 0.004603
v 0.066574 1.827224 -0.005086
v 0.094150 1.800208 -0.013406
v 0.115309 1.765000 -0.019790
v 0.128611 1.723999 -0.023803
v 0.133148 1.680000 -0.025172
v 0.128611 1.636001 -0.023803
v 0.115309 1.595000 -0.019790
v 0.094150 1.559792 -0.013406
v 0.066574 1.532776 -0.005086
v 0.034461 1.515793 0.004603
v 0.036235 1.844207 0.015000
v 0.070000 1.827224 0.015000
v 0.098995 1.800208 0.015000
v 0.121244 1.765000 0.015000
v 0.135230 1.723999 0.015000
v 0.140000 1.680000 0.015000
v 0.135230 1.636001 0.015000
v 0.121244 1.595000 0.015000
v 0.098995 1.559792 0.015000
v 0.070000 1.532776 0.015000
v 0.036235 1.515793 0.015000
v 0.034461 1.844207 0.025397
v 0.066574 1.827224 0.035086
v 0.094150 1.800208 0.043406
v 0.115309 1.765000 0.049790
v 0.128611 1.723999 0.053803
v 0.133148 1.680000 0.055172
v 0.128611 1.636001 0.053803
v 0.115309 1.595000 0.049790
v 0.094150 1.559792 0.043406
v 0.066574 1.532776 0.035086
v 0.034461 1.515793 0.025397
v 0.029314 1.844207 0.034777
v 0.056631 1.827224 0.053206
v 0.080089 1.800208 0.069032
v 0.098088 1.765000 0.081175
v 0.109403 1.723999 0.088808
v 0.113262 1.680000 0.091412
v 0.109403 1.636001 0.088808
v 0.098088 1.595000 0.081175
v 0.080089 1.559792 0.069032
v 0.056631 1.532776 0.053206
v 0.029314 1.515793 0.034777
v 0.021298 1.844207 0.042221
v 0.041145 1.827224 0.067586
v 0.058188 1.800208 0.089368
v 0.071265 1.765000 0.106082
v 0.079486 1.723999 0.116589
v 0.082290 1.680000 0.120172
v 0.079486 1.636001 0.116589
v 0.071265 1.595000 0.106082
v 0.058188 1.559792 0.089368
v 0.041145 1.532776 0.067586
v 0.021298 1.515793 0.042221
v 0.011197 1.844207 0.047000
v 0.021631 1.827224 0.076819
v 0.030591 1.800208 0.102425
v 0.037466 1.765000 0.122073
v 0.041788 1.723999 0.134425
v 0.043262 1.680000 0.138637
v 0.041788 1.636001 0.134425
v 0.037466 1.595000 0.122073
v 0.030591 1.559792 0.102425
v 0.021631 1.532776 0.076819
v 0.011197 1.515793 0.047000
v 0.000000 1.850000 0.015000
v -0.000000 1.844207 0.048646
v 0.000000 1.827224 0.080000
v 0.000000 1.800208 0.106924
v 0.000000 1.765000 0.127583
v 0.000000 1.723999 0.140570
v 0.000000 1.680000 0.145000
v 0.000000 1.636001 0.140570
v 0.000000 1.595000 0.127583
v 0.000000 1.559792 0.106924
v 0.000000 1.532776 0.080000
v -0.000000 1.515793 0.048646
v -0.011197 1.844207 0.047000
v -0.021631 1.827224 0.076819
v -0.030591 1.800208 0.102425
v -0.037466 1.765000 0.122073
v -0.041788 1.723999 0.134425
v -0.043262 1.680000 0.138637
v -0.041788 1.636001 0.134425
v -0.037466 1.595000 0.122073
v -0.030591 1.559792 0.102425
v -0.021631 1.532776 0.076819
v -0.011197 1.515793 0.047000
v -0.021298 1.844207 0.042221
v -0.041145 1.827224 0.067586
v -0.058188 1.800208 0.089368
v -0.071265 1.765000 0.106082
v -0.079486 1.723999 0.116589
v -0.082290 1.680000 0.120172
v -0.079486 1.636001 0.116589
v -0.071265 1.595000 0.106082
v -0.058188 1.559792 0.089368
v -0.041145 1.532776 0.067586
v -0.021298 1.515793 0.042221
v -0.029314 1.844207 0.034777
v -0.056631 1.827224 0.053206
v -0.080089 1.800208 0.069032
v -0.098088 1.765000 0.081175
v -0.109403 1.723999 0.088808
v -0.113262 1.680000 0.091412
v -0.109403 1.636001 0.088808
v -0.098088 1.595000 0.081175
v -0.080089 1.559792 0.069032
v -0.056631 1.532776 0.053206
v -0.029314 1.515793 0.034777
v -0.034461 1.844207 0.025397
v -0.066574 1.827224 0.035086
v -0.094150 1.800208 0.043406
v -0.115310 1.765000 0.049790
v -0.128611 1.723999 0.053803
v -0.133148 1.680000 0.055172
v -0.128611 1.636001 0.053803
v -0.115310 1.595000 0.049790
v -0.094150 1.559792 0.043406
v -0.066574 1.532776 0.035086
v -0.034461 1.515793 0.025397
v -0.036235 1.844207 0.015000
v -0.070000 1.827224 0.015000
v -0.098995 1.800208 0.015000
v -0.121244 1.765000 0.015000
v -0.135230 1.723999 0.015000
v -0.140000 1.680000 0.015000
v -0.135230 1.636001 0.015000
v -0.121244 1.595000 0.015000
v -0.098995 1.559792 0.015000
v -0.070000 1.532776 0.015000
v -0.036235 1.515793 0.015000
v -0.034461 1.844207 0.004603
v -0.066574 1.827224 -0.005086
v -0.094150 1.800208 -0.013406
v -0.115310 1.765000 -0.019790
v -0.128611 1.723999 -0.023803
v -0.133148 1.680000 -0.025172
v -0.128611 1.636001 -0.023803
v -0.115310 1.595000 -0.019790
v -0.094150 1.559792 -0.013406
v -0.066574 1.532776 -0.005086
v -0.034461 1.515793 0.004603
v -0.029314 1.844207 -0.004777
v -0.056631 1.827224 -0.023206
v -0.080089 1.800208 -0.039032
v -0.098088 1.765000 -0.051175
v -0.109403 1.723999 -0.058808
v -0.113262 1.680000 -0.061412
v -0.109403 1.636001 -0.058808
v -0.098088 1.595000 -0.051175
v -0.080089 1.559792 -0.039032
v -0.056631 1.532776 -0.023206
v -0.029314 1.515793 -0.004777
v -0.021298 1.844207 -0.012221
v -0.041145 1.827224 -0.037586
v -0.058188 1.800208 -0.059368
v -0.071265 1.765000 -0.076082
v -0.079486 1.723999 -0.086589
v -0.082290 1.680000 -0.090172
v -0.079486 1.636001 -0.086589
v -0.071265 1.595000 -0.076082
v -0.058188 1.559792 -0.059368
v -0.041145 1.532776 -0.037586
v -0.021298 1.515793 -0.012221
v -0.011197 1.844207 -0.017000
v -0.021631 1.827224 -0.046819
v -0.030591 1.800208 -0.072425
v -0.037466 1.765000 -0.092073
v -0.041788 1.723999 -0.104425
v -0.043262 1.680000 -0.108637
v -0.041788 1.636001 -0.104425
v -0.037466 1.595000 -0.092073
v -0.030591 1.559792 -0.072425
v -0.021631 1.532776 -0.046819
v -0.011197 1.515793 -0.017000
v -0.000000 1.800208 -0.076924
v 0.000000 1.765000 -0.097583
v 0.000000 1.595000 -0.097583
v -0.000000 1.559792 -0.076924
v 0.000000 1.480000 0.070000
v 0.000000 1.550000 0.075000
v -0.018117 1.480000 0.067615
v -0.019411 1.550000 0.072444
v -0.035000 1.480000 0.060622
v -0.037500 1.550000 0.064952
v -0.049497 1.480000 0.049497
v -0.053033 1.550000 0.053033
v -0.060622 1.480000 0.035000
v -0.064952 1.550000 0.037500
v -0.067615 1.480000 0.018117
v -0.072444 1.550000 0.019411
v -0.070000 1.480000 0.000000
v -0.075000 1.550000 0.000000
v -0.067615 1.480000 -0.018117
v -0.072444 1.550000 -0.019411
v -0.060622 1.480000 -0.035000
v -0.064952 1.550000 -0.037500
v -0.049497 1.480000 -0.049497
v -0.053033 1.550000 -0.053033
v -0.035000 1.480000 -0.060622
v -0.037500 1.550000 -0.064952
v -0.018117 1.480000 -0.067615
v -0.019411 1.550000 -0.072444
v -0.000000 1.480000 -0.070000
v -0.000000 1.550000 -0.075000
v 0.018117 1.480000 -0.067615
v 0.019411 1.550000 -0.072444
v 0.035000 1.480000 -0.060622
v 0.037500 1.550000 -0.064952
v 0.049497 1.480000 -0.049497
v 0.053033 1.550000 -0.053033
v 0.060622 1.480000 -0.035000
v 0.064952 1.550000 -0.037500
v 0.067615 1.480000 -0.018117
v 0.072444 1.550000 -0.019411
v 0.070000 1.480000 -0.000000
v 0.075000 1.550000 -0.000000
v 0.067615 1.480000 0.018117
v 0.072444 1.550000 0.019411
v 0.060622 1.480000 0.035000
v 0.064952 1.550000 0.037500
v 0.049497 1.480000 0.049497
v 0.053033 1.550000 0.053033
v 0.035000 1.480000 0.060622
v 0.037500 1.550000 0.064952
v 0.018117 1.480000 0.067615
v 0.019411 1.550000 0.072444
v 0.200000 1.472104 -0.022000
v 0.200000 1.463612 -0.042500
v 0.200000 1.412000 -0.082104
v 0.200000 1.390000 -0.085000
v 0.200000 1.368000 -0.082104
v 0.200000 1.316388 -0.042500
v 0.200000 1.307896 -0.022000
v 0.206798 1.472104 -0.020923
v 0.213133 1.463612 -0.040420
v 0.218573 1.450104 -0.057162
v 0.222747 1.432500 -0.070009
v 0.225371 1.412000 -0.078085
v 0.226266 1.390000 -0.080840
v 0.225371 1.368000 -0.078085
v 0.222747 1.347500 -0.070009
v 0.218573 1.329896 -0.057162
v 0.213133 1.316388 -0.040420
v 0.206798 1.307896 -0.020923
v 0.212931 1.472104 -0.017798
v 0.224981 1.463612 -0.034383
v 0.235328 1.450104 -0.048625
v 0.243268 1.432500 -0.059553
v 0.248259 1.412000 -0.066423
v 0.249962 1.390000 -0.068766
v 0.248259 1.368000 -0.066423
v 0.243268 1.347500 -0.059553
v 0.235328 1.329896 -0.048625
v 0.224981 1.316388 -0.034383
v 0.212931 1.307896 -0.017798
v 0.200000 1.305000 0.000000
v 0.217798 1.472104 -0.012931
v 0.234383 1.463612 -0.024981
v 0.248625 1.450104 -0.035328
v 0.259553 1.432500 -0.043268
v 0.266423 1.412000 -0.048259
v 0.268766 1.390000 -0.049962
v 0.266423 1.368000 -0.048259
v 0.259553 1.347500 -0.043268
v 0.248625 1.329896 -0.035328
v 0.234383 1.316388 -0.024981
v 0.217798 1.307896 -0.012931
v 0.220923 1.472104 -0.006798
v 0.240420 1.463612 -0.013133
v 0.257162 1.450104 -0.018573
v 0.270009 1.432500 -0.022747
v 0.278085 1.412000 -0.025371
v 0.280840 1.390000 -0.026266
v 0.278085 1.368000 -0.025371
v 0.270009 1.347500 -0.022747
v 0.257162 1.329896 -0.018573
v 0.240420 1.316388 -0.013133
v 0.220923 1.307896 -0.006798
v 0.222000 1.472104 0.000000
v 0.242500 1.463612 0.000000
v 0.260104 1.450104 0.000000
v 0.273612 1.432500 -0.000000
v 0.282104 1.412000 0.000000
v 0.285000 1.390000 0.000000
v 0.282104 1.368000 0.000000
v 0.273612 1.347500 -0.000000
v 0.260104 1.329896 0.000000
v 0.242500 1.316388 0.000000
v 0.222000 1.307896 0.000000
v 0.220923 1.472104 0.006798
v 0.240420 1.463612 0.013133
v 0.257162 1.450104 0.018573
v 0.270009 1.432500 0.022747
v 0.278085 1.412000 0.025371
v 0.280840 1.390000 0.026266
v 0.278085 1.368000 0.025371
v 0.270009 1.347500 0.022747
v 0.257162 1.329896 0.018573
v 0.240420 1.316388 0.013133
v 0.220923 1.307896 0.006798
v 0.217798 1.472104 0.012931
v 0.234383 1.463612 0.024981
v 0.248625 1.450104 0.035328
v 0.259553 1.432500 0.043268
v 0.266423 1.412000 0.048259
v 0.268766 1.390000 0.049962
v 0.266423 1.368000 0.048259
v 0.259553 1.347500 0.043268
v 0.248625 1.329896 0.035328
v 0.234383 1.316388 0.024981
v 0.217798 1.307896 0.012931
v 0.212931 1.472104 0.017798
v 0.224981 1.463612 0.034383
v 0.235328 1.450104 0.048625
v 0.243268 1.432500 0.059554
v 0.248259 1.412000 0.066423
v 0.249962 1.390000 0.068766
v 0.248259 1.368000 0.066423
v 0.243268 1.347500 0.059554
v 0.235328 1.329896 0.048625
v 0.224981 1.316388 0.034383
v 0.212931 1.307896 0.017798
v 0.206798 1.472104 0.020923
v 0.213133 1.463612 0.040420
v 0.218573 1.450104 0.057162
v 0.222747 1.432500 0.070009
v 0.225371 1.412000 0.078085
v 0.226266 1.390000 0.080840
v 0.225371 1.368000 0.078085
v 0.222747 1.347500 0.070009
v 0.218573 1.329896 0.057162
v 0.213133 1.316388 0.040420
v 0.206798 1.307896 0.020923
v 0.200000 1.475000 0.000000
v 0.200000 1.472104 0.022000
v 0.200000 1.463612 0.042500
v 0.200000 1.450104 0.060104
v 0.200000 1.432500 0.073612
v 0.200000 1.412000 0.082104
v 0.200000 1.390000 0.085000
v 0.200000 1.368000 0.082104
v 0.200000 1.347500 0.073612
v 0.200000 1.329896 0.060104
v 0.200000 1.316388 0.042500
v 0.200000 1.307896 0.022000
v 0.193202 1.472104 0.020923
v 0.186867 1.463612 0.040420
v 0.181427 1.450104 0.057162
v 0.177253 1.432500 0.070009
v 0.174629 1.412000 0.078085
v 0.173734 1.390000 0.080840
v 0.174629 1.368000 0.078085
v 0.177253 1.347500 0.070009
v 0.181427 1.329896 0.057162
v 0.186867 1.316388 0.040420
v 0.193202 1.307896 0.020923
v 0.187069 1.472104 0.017798
v 0.175019 1.463612 0.034383
v 0.164672 1.450104 0.048625
v 0.156732 1.432500 0.059554
v 0.151741 1.412000 0.066423
v 0.150038 1.390000 0.068766
v 0.151741 1.368000 0.066423
v 0.156732 1.347500 0.059554
v 0.164672 1.329896 0.048625
v 0.175019 1.316388 0.034383
v 0.187069 1.307896 0.017798
v 0.182202 1.472104 0.012931
v 0.165617 1.463612 0.024981
v 0.151375 1.450104 0.035328
v 0.140446 1.432500 0.043268
v 0.133577 1.412000 0.048259
v 0.131234 1.390000 0.049962
v 0.133577 1.368000 0.048259
v 0.140446 1.347500 0.043268
v 0.151375 1.329896 0.035328
v 0.165617 1.316388 0.024981
v 0.182202 1.307896 0.012931
v 0.179077 1.472104 0.006798
v 0.159580 1.463612 0.013133
v 0.142838 1.450104 0.018573
v 0.129991 1.432500 0.022747
v 0.121915 1.412000 0.025371
v 0.119160 1.390000 0.026266
v 0.121915 1.368000 0.025371
v 0.129991 1.347500 0.022747
v 0.142838 1.329896 0.018573
v 0.159580 1.316388 0.013133
v 0.179077 1.307896 0.006798
v 0.178000 1.472104 -0.000000
v 0.157500 1.463612 0.000000
v 0.139896 1.450104 0.000000
v 0.126388 1.432500 0.000000
v 0.117896 1.412000 -0.000000
v 0.115000 1.390000 0.000000
v 0.117896 1.368000 -0.000000
v 0.126388 1.347500 0.000000
v 0.139896 1.329896 0.000000
v 0.157500 1.316388 0.000000
v 0.178000 1.307896 -0.000000
v 0.179077 1.472104 -0.006798
v 0.159580 1.463612 -0.013133
v 0.142838 1.450104 -0.018573
v 0.129991 1.432500 -0.022747
v 0.121915 1.412000 -0.025371
v 0.119160 1.390000 -0.026266
v 0.121915 1.368000 -0.025371
v 0.129991 1.347500 -0.022747
v 0.142838 1.329896 -0.018573
v 0.159580 1.316388 -0.013133
v 0.179077 1.307896 -0.006798
v 0.182202 1.472104 -0.012931
v 0.165617 1.463612 -0.024981
v 0.151375 1.450104 -0.035328
v 0.140446 1.432500 -0.043268
v 0.133577 1.412000 -0.048259
v 0.131234 1.390000 -0.049962
v 0.133577 1.368000 -0.048259
v 0.140446 1.347500 -0.043268
v 0.151375 1.329896 -0.035328
v 0.165617 1.316388 -0.024981
v 0.182202 1.307896 -0.012931
v 0.187069 1.472104 -0.017798
v 0.175019 1.463612 -0.034383
v 0.164672 1.450104 -0.048625
v 0.156732 1.432500 -0.059554
v 0.151741 1.412000 -0.066423
v 0.150038 1.390000 -0.068766
v 0.151741 1.368000 -0.066423
v 0.156732 1.347500 -0.059554
v 0.164672 1.329896 -0.048625
v 0.175019 1.316388 -0.034383
v 0.187069 1.307896 -0.017798
v 0.193202 1.472104 -0.020923
v 0.186867 1.463612 -0.040420
v 0.181427 1.450104 -0.057162
v 0.177253 1.432500 -0.070009
v 0.174629 1.412000 -0.078085
v 0.173734 1.390000 -0.080840
v 0.174629 1.368000 -0.078085
v 0.177253 1.347500 -0.070009
v 0.181427 1.329896 -0.057162
v 0.186867 1.316388 -0.040420
v 0.193202 1.307896 -0.020923
v 0.200000 1.450104 -0.060104
v 0.200000 1.432500 -0.073612
v 0.200000 1.347500 -0.073612
v 0.200000 1.329896 -0.060104
v 0.256151 1.420452 -0.012032
v 0.404789 1.155137 -0.043883
v 0.250712 1.419414 -0.028072
v 0.398514 1.153940 -0.062391
v 0.241818 1.416372 -0.042199
v 0.388252 1.150429 -0.078691
v 0.230074 1.411533 -0.053450
v 0.374701 1.144846 -0.091673
v 0.216281 1.405226 -0.061058
v 0.358785 1.137568 -0.100452
v 0.201378 1.397882 -0.064506
v 0.341589 1.129094 -0.104430
v 0.186381 1.390000 -0.063557
v 0.324285 1.120000 -0.103335
v 0.172312 1.382118 -0.058277
v 0.308052 1.110906 -0.097243
v 0.160130 1.374774 -0.049026
v 0.293996 1.102432 -0.086568
v 0.150665 1.368467 -0.036434
v 0.283075 1.095154 -0.072039
v 0.144562 1.363628 -0.021358
v 0.276034 1.089571 -0.054644
v 0.142238 1.360586 -0.004828
v 0.273351 1.086060 -0.035570
v 0.143849 1.359548 0.012032
v 0.275211 1.084863 -0.016117
v 0.149288 1.360586 0.028072
v 0.281486 1.086060 0.002391
v 0.158182 1.363628 0.042199
v 0.291748 1.089571 0.018691
v 0.169926 1.368467 0.053450
v 0.305299 1.095154 0.031673
v 0.183719 1.374774 0.061058
v 0.321215 1.102432 0.040452
v 0.198622 1.382118 0.064506
v 0.338411 1.110906 0.044430
v 0.213619 1.390000 0.063557
v 0.355715 1.120000 0.043335
v 0.227688 1.397882 0.058277
v 0.371948 1.129094 0.037243
v 0.239870 1.405226 0.049026
v 0.386004 1.137568 0.026568
v 0.249335 1.411533 0.036434
v 0.396925 1.144846 0.012039
v 0.255438 1.416372 0.021358
v 0.403966 1.150429 -0.005356
v 0.257762 1.419414 0.004828
v 0.406649 1.153940 -0.024430
v 0.340000 1.185683 -0.047600
v 0.340000 1.178890 -0.064000
v 0.340000 1.137600 -0.095683
v 0.340000 1.120000 -0.098000
v 0.340000 1.102400 -0.095683
v 0.340000 1.061110 -0.064000
v 0.340000 1.054317 -0.047600
v 0.345439 1.185683 -0.046738
v 0.350507 1.178890 -0.062336
v 0.354859 1.168083 -0.075730
v 0.358198 1.154000 -0.086007
v 0.360297 1.137600 -0.092468
v 0.361013 1.120000 -0.094672
v 0.360297 1.102400 -0.092468
v 0.358198 1.086000 -0.086007
v 0.354859 1.071917 -0.075730
v 0.350507 1.061110 -0.062336
v 0.345439 1.054317 -0.046738
v 0.350345 1.185683 -0.044238
v 0.359985 1.178890 -0.057507
v 0.368263 1.168083 -0.068900
v 0.374615 1.154000 -0.077643
v 0.378607 1.137600 -0.083139
v 0.379969 1.120000 -0.085013
v 0.378607 1.102400 -0.083139
v 0.374615 1.086000 -0.077643
v 0.368263 1.071917 -0.068900
v 0.359985 1.061110 -0.057507
v 0.350345 1.054317 -0.044238
v 0.340000 1.052000 -0.030000
v 0.354238 1.185683 -0.040345
v 0.367507 1.178890 -0.049985
v 0.378900 1.168083 -0.058263
v 0.387643 1.154000 -0.064615
v 0.393139 1.137600 -0.068607
v 0.395013 1.120000 -0.069969
v 0.393139 1.102400 -0.068607
v 0.387643 1.086000 -0.064615
v 0.378900 1.071917 -0.058263
v 0.367507 1.061110 -0.049985
v 0.354238 1.054317 -0.040345
v 0.356738 1.185683 -0.035439
v 0.372336 1.178890 -0.040507
v 0.385730 1.168083 -0.044859
v 0.396007 1.154000 -0.048198
v 0.402468 1.137600 -0.050297
v 0.404672 1.120000 -0.051013
v 0.402468 1.102400 -0.050297
v 0.396007 1.086000 -0.048198
v 0.385730 1.071917 -0.044859
v 0.372336 1.061110 -0.040507
v 0.356738 1.054317 -0.035439
v 0.357600 1.185683 -0.030000
v 0.374000 1.178890 -0.030000
v 0.388083 1.168083 -0.030000
v 0.398890 1.154000 -0.030000
v 0.405683 1.137600 -0.030000
v 0.408000 1.120000 -0.030000
v 0.405683 1.102400 -0.030000
v 0.398890 1.086000 -0.030000
v 0.388083 1.071917 -0.030000
v 0.374000 1.061110 -0.030000
v 0.357600 1.054317 -0.030000
v 0.356738 1.185683 -0.024561
v 0.372336 1.178890 -0.019493
v 0.385730 1.168083 -0.015141
v 0.396007 1.154000 -0.011802
v 0.402468 1.137600 -0.009703
v 0.404672 1.120000 -0.008987
v 0.402468 1.102400 -0.009703
v 0.396007 1.086000 -0.011802
v 0.385730 1.071917 -0.015141
v 0.372336 1.061110 -0.019493
v 0.356738 1.054317 -0.024561
v 0.354238 1.185683 -0.019655
v 0.367507 1.178890 -0.010015
v 0.378900 1.168083 -0.001737
v 0.387643 1.154000 0.004615
v 0.393139 1.137600 0.008607
v 0.395013 1.120000 0.009969
v 0.393139 1.102400 0.008607
v 0.387643 1.086000 0.004615
v 0.378900 1.071917 -0.001737
v 0.367507 1.061110 -0.010015
v 0.354238 1.054317 -0.019655
v 0.350345 1.185683 -0.015762
v 0.359985 1.178890 -0.002493
v 0.368263 1.168083 0.008900
v 0.374615 1.154000 0.017643
v 0.378607 1.137600 0.023139
v 0.379969 1.120000 0.025013
v 0.378607 1.102400 0.023139
v 0.374615 1.086000 0.017643
v 0.368263 1.071917 0.008900
v 0.359985 1.061110 -0.002493
v 0.350345 1.054317 -0.015762
v 0.345439 1.185683 -0.013262
v 0.350507 1.178890 0.002336
v 0.354859 1.168083 0.015730
v 0.358198 1.154000 0.026007
v 0.360297 1.137600 0.032468
v 0.361013 1.120000 0.034672
v 0.360297 1.102400 0.032468
v 0.358198 1.086000 0.026007
v 0.354859 1.071917 0.015730
v 0.350507 1.061110 0.002336
v 0.345439 1.054317 -0.013262
v 0.340000 1.188000 -0.030000
v 0.340000 1.185683 -0.012400
v 0.340000 1.178890 0.004000
v 0.340000 1.168083 0.018083
v 0.340000 1.154000 0.028890
v 0.340000 1.137600 0.035683
v 0.340000 1.120000 0.038000
v 0.340000 1.102400 0.035683
v 0.340000 1.086000 0.028890
v 0.340000 1.071917 0.018083
v 0.340000 1.061110 0.004000
v 0.340000 1.054317 -0.012400
v 0.334561 1.185683 -0.013262
v 0.329493 1.178890 0.002336
v 0.325141 1.168083 0.015730
v 0.321802 1.154000 0.026007
v 0.319703 1.137600 0.032468
v 0.318987 1.120000 0.034672
v 0.319703 1.102400 0.032468
v 0.321802 1.086000 0.026007
v 0.325141 1.071917 0.015730
v 0.329493 1.061110 0.002336
v 0.334561 1.054317 -0.013262
v 0.329655 1.185683 -0.015762
v 0.320015 1.178890 -0.002493
v 0.311737 1.168083 0.008900
v 0.305385 1.154000 0.017643
v 0.301392 1.137600 0.023139
v 0.300031 1.120000 0.025013
v 0.301392 1.102400 0.023139
v 0.305385 1.086000 0.017643
v 0.311737 1.071917 0.008900
v 0.320015 1.061110 -0.002493
v 0.329655 1.054317 -0.015762
v 0.325762 1.185683 -0.019655
v 0.312493 1.178890 -0.010015
v 0.301100 1.168083 -0.001737
v 0.292357 1.154000 0.004615
v 0.286861 1.137600 0.008607
v 0.284987 1.120000 0.009969
v 0.286861 1.102400 0.008607
v 0.292357 1.086000 0.004615
v 0.301100 1.071917 -0.001737
v 0.312493 1.061110 -0.010015
v 0.325762 1.054317 -0.019655
v 0.323262 1.185683 -0.024561
v 0.307664 1.178890 -0.019493
v 0.294270 1.168083 -0.015141
v 0.283993 1.154000 -0.011802
v 0.277532 1.137600 -0.009703
v 0.275328 1.120000 -0.008987
v 0.277532 1.102400 -0.009703
v 0.283993 1.086000 -0.011802
v 0.294270 1.071917 -0.015141
v 0.307664 1.061110 -0.019493
v 0.323262 1.054317 -0.024561
v 0.322400 1.185683 -0.030000
v 0.306000 1.178890 -0.030000
v 0.291917 1.168083 -0.030000
v 0.281110 1.154000 -0.030000
v 0.274317 1.137600 -0.030000
v 0.272000 1.120000 -0.030000
v 0.274317 1.102400 -0.030000
v 0.281110 1.086000 -0.030000
v 0.291917 1.071917 -0.030000
v 0.306000 1.061110 -0.030000
v 0.322400 1.054317 -0.030000
v 0.323262 1.185683 -0.035439
v 0.307664 1.178890 -0.040507
v 0.294270 1.168083 -0.044859
v 0.283993 1.154000 -0.048198
v 0.277532 1.137600 -0.050297
v 0.275328 1.120000 -0.051013
v 0.277532 1.102400 -0.050297
v 0.283993 1.086000 -0.048198
v 0.294270 1.071917 -0.044859
v 0.307664 1.061110 -0.040507
v 0.323262 1.054317 -0.035439
v 0.325762 1.185683 -0.040345
v 0.312493 1.178890 -0.049985
v 0.301100 1.168083 -0.058263
v 0.292357 1.154000 -0.064615
v 0.286861 1.137600 -0.068608
v 0.284987 1.120000 -0.069969
v 0.286861 1.102400 -0.068608
v 0.292357 1.086000 -0.064615
v 0.301100 1.071917 -0.058263
v 0.312493 1.061110 -0.049985
v 0.325762 1.054317 -0.040345
v 0.329655 1.185683 -0.044238
v 0.320015 1.178890 -0.057507
v 0.311737 1.168083 -0.068900
v 0.305385 1.154000 -0.077643
v 0.301392 1.137600 -0.083139
v 0.300031 1.120000 -0.085013
v 0.301392 1.102400 -0.083139
v 0.305385 1.086000 -0.077643
v 0.311737 1.071917 -0.068900
v 0.320015 1.061110 -0.057507
v 0.329655 1.054317 -0.044238
v 0.334561 1.185683 -0.046738
v 0.329493 1.178890 -0.062336
v 0.325141 1.168083 -0.075730
v 0.321802 1.154000 -0.086007
v 0.319703 1.137600 -0.092468
v 0.318987 1.120000 -0.094672
v 0.319703 1.102400 -0.092468
v 0.321802 1.086000 -0.086007
v 0.325141 1.071917 -0.075730
v 0.329493 1.061110 -0.062336
v 0.334561 1.054317 -0.046738
v 0.340000 1.168083 -0.078083
v 0.340000 1.154000 -0.088890
v 0.340000 1.086000 -0.088890
v 0.340000 1.071917 -0.078083
v 0.378262 1.151126 -0.038199
v 0.528975 0.979841 -0.070495
v 0.374247 1.150065 -0.050573
v 0.523836 0.978483 -0.086334
v 0.367897 1.146956 -0.061546
v 0.515709 0.974503 -0.100378
v 0.359647 1.142009 -0.070368
v 0.505148 0.968172 -0.111671
v 0.350058 1.135563 -0.076440
v 0.492874 0.959920 -0.119443
v 0.339783 1.128056 -0.079346
v 0.479723 0.950312 -0.123163
v 0.329524 1.120000 -0.078890
v 0.466590 0.940000 -0.122579
v 0.319978 1.111944 -0.075102
v 0.454371 0.929688 -0.117731
v 0.311796 1.104437 -0.068241
v 0.443899 0.920079 -0.108948
v 0.305537 1.097991 -0.058773
v 0.435887 0.911828 -0.096829
v 0.301626 1.093044 -0.047345
v 0.430881 0.905497 -0.082201
v 0.300330 1.089935 -0.034734
v 0.429223 0.901517 -0.066060
v 0.301738 1.088874 -0.021801
v 0.431025 0.900159 -0.049505
v 0.305753 1.089935 -0.009427
v 0.436164 0.901517 -0.033666
v 0.312102 1.093044 0.001546
v 0.444291 0.905497 -0.019622
v 0.320353 1.097991 0.010368
v 0.454852 0.911828 -0.008329
v 0.329942 1.104437 0.016440
v 0.467126 0.920079 -0.000557
v 0.340217 1.111944 0.019346
v 0.480277 0.929688 0.003163
v 0.350476 1.120000 0.018890
v 0.493410 0.940000 0.002579
v 0.360022 1.128056 0.015102
v 0.505629 0.950312 -0.002269
v 0.368204 1.135563 0.008241
v 0.516101 0.959920 -0.011052
v 0.374463 1.142009 -0.001227
v 0.524113 0.968172 -0.023171
v 0.378374 1.146956 -0.012655
v 0.529119 0.974503 -0.037799
v 0.379670 1.150065 -0.025266
v 0.530777 0.978483 -0.053940
v 0.514436 0.968013 -0.067379
v 0.611132 0.867786 -0.088100
v 0.510822 0.967059 -0.078516
v 0.606313 0.866513 -0.102949
v 0.505108 0.964260 -0.088391
v 0.598694 0.862782 -0.116116
v 0.497683 0.959808 -0.096331
v 0.588794 0.856846 -0.126703
v 0.489052 0.954007 -0.101796
v 0.577287 0.849110 -0.133988
v 0.479805 0.947250 -0.104412
v 0.564957 0.840102 -0.137476
v 0.470571 0.940000 -0.104001
v 0.552646 0.830435 -0.136929
v 0.461980 0.932750 -0.100592
v 0.541191 0.820768 -0.132383
v 0.454617 0.925993 -0.094417
v 0.531373 0.811759 -0.124150
v 0.448983 0.920192 -0.085896
v 0.523862 0.804024 -0.112788
v 0.445463 0.915740 -0.075610
v 0.519169 0.798088 -0.099074
v 0.444297 0.912941 -0.064261
v 0.517614 0.794357 -0.083942
v 0.445564 0.911987 -0.052621
v 0.519303 0.793084 -0.068422
v 0.449178 0.912941 -0.041484
v 0.524121 0.794357 -0.053573
v 0.454892 0.915740 -0.031609
v 0.531740 0.798088 -0.040406
v 0.462317 0.920192 -0.023669
v 0.541641 0.804024 -0.029819
v 0.470948 0.925993 -0.018204
v 0.553148 0.811759 -0.022533
v 0.480195 0.932750 -0.015588
v 0.565477 0.820768 -0.019045
v 0.489429 0.940000 -0.015999
v 0.577789 0.830435 -0.019593
v 0.498020 0.947250 -0.019408
v 0.589244 0.840102 -0.024138
v 0.505383 0.954007 -0.025583
v 0.599062 0.849110 -0.032372
v 0.511017 0.959808 -0.034104
v 0.606573 0.856846 -0.043733
v 0.514537 0.964260 -0.044390
v 0.611266 0.862782 -0.057447
v 0.515703 0.967059 -0.055739
v 0.612821 0.866513 -0.072580
v 0.565217 0.883561 -0.092496
v 0.565217 0.878066 -0.105761
v 0.565217 0.844670 -0.131387
v 0.565217 0.830435 -0.133261
v 0.565217 0.816200 -0.131387
v 0.565217 0.782803 -0.105761
v 0.565217 0.777309 -0.092496
v 0.569616 0.883561 -0.091799
v 0.573715 0.878066 -0.104415
v 0.577235 0.869326 -0.115248
v 0.579936 0.857935 -0.123561
v 0.581634 0.844670 -0.128787
v 0.582213 0.830435 -0.130569
v 0.581634 0.816200 -0.128787
v 0.579936 0.802935 -0.123561
v 0.577235 0.791544 -0.115248
v 0.573715 0.782803 -0.104415
v 0.569616 0.777309 -0.091799
v 0.573585 0.883561 -0.089777
v 0.581381 0.878066 -0.100509
v 0.588077 0.869326 -0.109724
v 0.593214 0.857935 -0.116795
v 0.596444 0.844670 -0.121241
v 0.597546 0.830435 -0.122757
v 0.596444 0.816200 -0.121241
v 0.593214 0.802935 -0.116795
v 0.588077 0.791544 -0.109724
v 0.581381 0.782803 -0.100509
v 0.573585 0.777309 -0.089777
v 0.565217 0.775435 -0.078261
v 0.576734 0.883561 -0.086628
v 0.587465 0.878066 -0.094425
v 0.596681 0.869326 -0.101120
v 0.603752 0.857935 -0.106258
v 0.608197 0.844670 -0.109488
v 0.609713 0.830435 -0.110589
v 0.608197 0.816200 -0.109488
v 0.603752 0.802935 -0.106258
v 0.596681 0.791544 -0.101120
v 0.587465 0.782803 -0.094425
v 0.576734 0.777309 -0.086628
v 0.578756 0.883561 -0.082660
v 0.591371 0.878066 -0.086759
v 0.602205 0.869326 -0.090279
v 0.610518 0.857935 -0.092980
v 0.615743 0.844670 -0.094678
v 0.617525 0.830435 -0.095257
v 0.615743 0.816200 -0.094678
v 0.610518 0.802935 -0.092980
v 0.602205 0.791544 -0.090279
v 0.591371 0.782803 -0.086759
v 0.578756 0.777309 -0.082660
v 0.579452 0.883561 -0.078261
v 0.592717 0.878066 -0.078261
v 0.604108 0.869326 -0.078261
v 0.612849 0.857935 -0.078261
v 0.618343 0.844670 -0.078261
v 0.620217 0.830435 -0.078261
v 0.618343 0.816200 -0.078261
v 0.612849 0.802935 -0.078261
v 0.604108 0.791544 -0.078261
v 0.592717 0.782803 -0.078261
v 0.579452 0.777309 -0.078261
v 0.578756 0.883561 -0.073862
v 0.591371 0.878066 -0.069763
v 0.602205 0.869326 -0.066243
v 0.610518 0.857935 -0.063542
v 0.615743 0.844670 -0.061844
v 0.617526 0.830435 -0.061265
v 0.615743 0.816200 -0.061844
v 0.610518 0.802935 -0.063542
v 0.602205 0.791544 -0.066243
v 0.591371 0.782803 -0.069763
v 0.578756 0.777309 -0.073862
v 0.576734 0.883561 -0.069894
v 0.587465 0.878066 -0.062097
v 0.596681 0.869326 -0.055401
v 0.603752 0.857935 -0.050264
v 0.608197 0.844670 -0.047034
v 0.609713 0.830435 -0.045933
v 0.608197 0.816200 -0.047034
v 0.603752 0.802935 -0.050264
v 0.596681 0.791544 -0.055401
v 0.587465 0.782803 -0.062097
v 0.576734 0.777309 -0.069894
v 0.573584 0.883561 -0.066744
v 0.581381 0.878066 -0.056013
v 0.588077 0.869326 -0.046797
v 0.593214 0.857935 -0.039726
v 0.596444 0.844670 -0.035281
v 0.597546 0.830435 -0.033765
v 0.596444 0.816200 -0.035281
v 0.593214 0.802935 -0.039726
v 0.588077 0.791544 -0.046797
v 0.581381 0.782803 -0.056013
v 0.573584 0.777309 -0.066744
v 0.569616 0.883561 -0.064723
v 0.573715 0.878066 -0.052107
v 0.577235 0.869326 -0.041273
v 0.579936 0.857935 -0.032961
v 0.581634 0.844670 -0.027735
v 0.582213 0.830435 -0.025953
v 0.581634 0.816200 -0.027735
v 0.579936 0.802935 -0.032961
v 0.577235 0.791544 -0.041273
v 0.573715 0.782803 -0.052107
v 0.569616 0.777309 -0.064723
v 0.565217 0.885435 -0.078261
v 0.565217 0.883561 -0.064026
v 0.565217 0.878066 -0.050761
v 0.565217 0.869326 -0.039370
v 0.565217 0.857935 -0.030629
v 0.565217 0.844670 -0.025135
v 0.565217 0.830435 -0.023261
v 0.565217 0.816200 -0.025135
v 0.565217 0.802935 -0.030629
v 0.565217 0.791544 -0.039370
v 0.565217 0.782803 -0.050761
v 0.565217 0.777309 -0.064026
v 0.560818 0.883561 -0.064723
v 0.556719 0.878066 -0.052107
v 0.553199 0.869326 -0.041273
v 0.550498 0.857935 -0.032961
v 0.548801 0.844670 -0.027735
v 0.548221 0.830435 -0.025953
v 0.548801 0.816200 -0.027735
v 0.550498 0.802935 -0.032961
v 0.553199 0.791544 -0.041273
v 0.556719 0.782803 -0.052107
v 0.560818 0.777309 -0.064723
v 0.556850 0.883561 -0.066744
v 0.549053 0.878066 -0.056013
v 0.542358 0.869326 -0.046797
v 0.537220 0.857935 -0.039726
v 0.533991 0.844670 -0.035281
v 0.532889 0.830435 -0.033765
v 0.533991 0.816200 -0.035281
v 0.537220 0.802935 -0.039726
v 0.542358 0.791544 -0.046797
v 0.549053 0.782803 -0.056013
v 0.556850 0.777309 -0.066744
v 0.553701 0.883561 -0.069894
v 0.542969 0.878066 -0.062097
v 0.533754 0.869326 -0.055401
v 0.526683 0.857935 -0.050264
v 0.522238 0.844670 -0.047034
v 0.520721 0.830435 -0.045933
v 0.522238 0.816200 -0.047034
v 0.526683 0.802935 -0.050264
v 0.533754 0.791544 -0.055401
v 0.542969 0.782803 -0.062097
v 0.553701 0.777309 -0.069894
v 0.551679 0.883561 -0.073862
v 0.539063 0.878066 -0.069763
v 0.528230 0.869326 -0.066243
v 0.519917 0.857935 -0.063542
v 0.514692 0.844670 -0.061844
v 0.512909 0.830435 -0.061265
v 0.514692 0.816200 -0.061844
v 0.519917 0.802935 -0.063542
v 0.528230 0.791544 -0.066243
v 0.539063 0.782803 -0.069763
v 0.551679 0.777309 -0.073862
v 0.550982 0.883561 -0.078261
v 0.537717 0.878066 -0.078261
v 0.526326 0.869326 -0.078261
v 0.517586 0.857935 -0.078261
v 0.512091 0.844670 -0.078261
v 0.510217 0.830435 -0.078261
v 0.512091 0.816200 -0.078261
v 0.517586 0.802935 -0.078261
v 0.526326 0.791544 -0.078261
v 0.537717 0.782803 -0.078261
v 0.550982 0.777309 -0.078261
v 0.551679 0.883561 -0.082660
v 0.539063 0.878066 -0.086759
v 0.528230 0.869326 -0.090279
v 0.519917 0.857935 -0.092980
v 0.514692 0.844670 -0.094678
v 0.512909 0.830435 -0.095257
v 0.514692 0.816200 -0.094678
v 0.519917 0.802935 -0.092980
v 0.528230 0.791544 -0.090279
v 0.539063 0.782803 -0.086759
v 0.551679 0.777309 -0.082660
v 0.553701 0.883561 -0.086628
v 0.542969 0.878066 -0.094425
v 0.533754 0.869326 -0.101120
v 0.526683 0.857935 -0.106258
v 0.522238 0.844670 -0.109488
v 0.520721 0.830435 -0.110589
v 0.522238 0.816200 -0.109488
v 0.526683 0.802935 -0.106258
v 0.533754 0.791544 -0.101120
v 0.542969 0.782803 -0.094425
v 0.553701 0.777309 -0.086628
v 0.556850 0.883561 -0.089777
v 0.549053 0.878066 -0.100509
v 0.542358 0.869326 -0.109724
v 0.537220 0.857935 -0.116796
v 0.533991 0.844670 -0.121241
v 0.532889 0.830435 -0.122757
v 0.533991 0.816200 -0.121241
v 0.537220 0.802935 -0.116796
v 0.542358 0.791544 -0.109724
v 0.549053 0.782803 -0.100509
v 0.556850 0.777309 -0.089777
v 0.560818 0.883561 -0.091799
v 0.556719 0.878066 -0.104415
v 0.553199 0.869326 -0.115248
v 0.550498 0.857935 -0.123561
v 0.548801 0.844670 -0.128787
v 0.548221 0.830435 -0.130569
v 0.548801 0.816200 -0.128787
v 0.550498 0.802935 -0.123561
v 0.553199 0.791544 -0.115248
v 0.556719 0.782803 -0.104415
v 0.560818 0.777309 -0.091799
v 0.565217 0.869326 -0.117152
v 0.565217 0.857935 -0.125892
v 0.565217 0.802935 -0.125892
v 0.565217 0.791544 -0.117152
v 0.100000 0.981422 -0.027176
v 0.100000 0.970933 -0.052500
v 0.100000 0.907176 -0.101422
v 0.100000 0.880000 -0.105000
v 0.100000 0.852824 -0.101422
v 0.100000 0.789067 -0.052500
v 0.100000 0.778578 -0.027176
v 0.108398 0.981422 -0.025846
v 0.116223 0.970933 -0.049930
v 0.122943 0.954246 -0.070612
v 0.128100 0.932500 -0.086482
v 0.131341 0.907176 -0.096458
v 0.132447 0.880000 -0.099861
v 0.131341 0.852824 -0.096458
v 0.128100 0.827500 -0.086482
v 0.122943 0.805754 -0.070612
v 0.116223 0.789067 -0.049930
v 0.108398 0.778578 -0.025846
v 0.115974 0.981422 -0.021986
v 0.130859 0.970933 -0.042473
v 0.143641 0.954246 -0.060066
v 0.153449 0.932500 -0.073566
v 0.159614 0.907176 -0.082052
v 0.161717 0.880000 -0.084947
v 0.159614 0.852824 -0.082052
v 0.153449 0.827500 -0.073566
v 0.143641 0.805754 -0.060066
v 0.130859 0.789067 -0.042473
v 0.115974 0.778578 -0.021986
v 0.100000 0.775000 0.000000
v 0.121986 0.981422 -0.015974
v 0.142473 0.970933 -0.030859
v 0.160066 0.954246 -0.043641
v 0.173566 0.932500 -0.053449
v 0.182052 0.907176 -0.059614
v 0.184947 0.880000 -0.061717
v 0.182052 0.852824 -0.059614
v 0.173566 0.827500 -0.053449
v 0.160066 0.805754 -0.043641
v 0.142473 0.789067 -0.030859
v 0.121986 0.778578 -0.015974
v 0.125846 0.981422 -0.008398
v 0.149930 0.970933 -0.016223
v 0.170612 0.954246 -0.022943
v 0.186482 0.932500 -0.028100
v 0.196458 0.907176 -0.031341
v 0.199861 0.880000 -0.032447
v 0.196458 0.852824 -0.031341
v 0.186482 0.827500 -0.028100
v 0.170612 0.805754 -0.022943
v 0.149930 0.789067 -0.016223
v 0.125846 0.778578 -0.008398
v 0.127176 0.981422 0.000000
v 0.152500 0.970933 0.000000
v 0.174246 0.954246 0.000000
v 0.190933 0.932500 -0.000000
v 0.201422 0.907176 0.000000
v 0.205000 0.880000 0.000000
v 0.201422 0.852824 0.000000
v 0.190933 0.827500 -0.000000
v 0.174246 0.805754 0.000000
v 0.152500 0.789067 0.000000
v 0.127176 0.778578 0.000000
v 0.125846 0.981422 0.008398
v 0.149930 0.970933 0.016223
v 0.170612 0.954246 0.022943
v 0.186482 0.932500 0.028100
v 0.196458 0.907176 0.031341
v 0.199861 0.880000 0.032447
v 0.196458 0.852824 0.031341
v 0.186482 0.827500 0.028100
v 0.170612 0.805754 0.022943
v 0.149930 0.789067 0.016223
v 0.125846 0.778578 0.008398
v 0.121986 0.981422 0.015974
v 0.142473 0.970933 0.030859
v 0.160066 0.954246 0.043641
v 0.173566 0.932500 0.053449
v 0.182052 0.907176 0.059614
v 0.184947 0.880000 0.061717
v 0.182052 0.852824 0.059614
v 0.173566 0.827500 0.053449
v 0.160066 0.805754 0.043641
v 0.142473 0.789067 0.030859
v 0.121986 0.778578 0.015974
v 0.115974 0.981422 0.021986
v 0.130859 0.970933 0.042473
v 0.143641 0.954246 0.060066
v 0.153449 0.932500 0.073566
v 0.159615 0.907176 0.082052
v 0.161717 0.880000 0.084947
v 0.159615 0.852824 0.082052
v 0.153449 0.827500 0.073566
v 0.143641 0.805754 0.060066
v 0.130859 0.789067 0.042473
v 0.115974 0.778578 0.021986
v 0.108398 0.981422 0.025846
v 0.116223 0.970933 0.049930
v 0.122943 0.954246 0.070612
v 0.128100 0.932500 0.086482
v 0.131341 0.907176 0.096458
v 0.132447 0.880000 0.099861
v 0.131341 0.852824 0.096458
v 0.128100 0.827500 0.086482
v 0.122943 0.805754 0.070612
v 0.116223 0.789067 0.049930
v 0.108398 0.778578 0.025846
v 0.100000 0.985000 0.000000
v 0.100000 0.981422 0.027176
v 0.100000 0.970933 0.052500
v 0.100000 0.954246 0.074246
v 0.100000 0.932500 0.090933
v 0.100000 0.907176 0.101422
v 0.100000 0.880000 0.105000
v 0.100000 0.852824 0.101422
v 0.100000 0.827500 0.090933
v 0.100000 0.805754 0.074246
v 0.100000 0.789067 0.052500
v 0.100000 0.778578 0.027176
v 0.091602 0.981422 0.025846
v 0.083777 0.970933 0.049930
v 0.077057 0.954246 0.070612
v 0.071900 0.932500 0.086482
v 0.068659 0.907176 0.096458
v 0.067553 0.880000 0.099861
v 0.068659 0.852824 0.096458
v 0.071900 0.827500 0.086482
v 0.077057 0.805754 0.070612
v 0.083777 0.789067 0.049930
v 0.091602 0.778578 0.025846
v 0.084026 0.981422 0.021986
v 0.069141 0.970933 0.042473
v 0.056359 0.954246 0.060066
v 0.046551 0.932500 0.073566
v 0.040385 0.907176 0.082052
v 0.038283 0.880000 0.084947
v 0.040385 0.852824 0.082052
v 0.046551 0.827500 0.073566
v 0.056359 0.805754 0.060066
v 0.069141 0.789067 0.042473
v 0.084026 0.778578 0.021986
v 0.078014 0.981422 0.015974
v 0.057527 0.970933 0.030859
v 0.039934 0.954246 0.043641
v 0.026434 0.932500 0.053449
v 0.017948 0.907176 0.059615
v 0.015053 0.880000 0.061717
v 0.017948 0.852824 0.059615
v 0.026434 0.827500 0.053449
v 0.039934 0.805754 0.043641
v 0.057527 0.789067 0.030859
v 0.078014 0.778578 0.015974
v 0.074154 0.981422 0.008398
v 0.050070 0.970933 0.016223
v 0.029388 0.954246 0.022943
v 0.013518 0.932500 0.028100
v 0.003542 0.907176 0.031341
v 0.000139 0.880000 0.032447
v 0.003542 0.852824 0.031341
v 0.013518 0.827500 0.028100
v 0.029388 0.805754 0.022943
v 0.050070 0.789067 0.016223
v 0.074154 0.778578 0.008398
v 0.072824 0.981422 -0.000000
v 0.047500 0.970933 0.000000
v 0.025754 0.954246 0.000000
v 0.009067 0.932500 0.000000
v -0.001422 0.907176 -0.000000
v -0.005000 0.880000 0.000000
v -0.001422 0.852824 -0.000000
v 0.009067 0.827500 0.000000
v 0.025754 0.805754 0.000000
v 0.047500 0.789067 0.000000
v 0.072824 0.778578 -0.000000
v 0.074154 0.981422 -0.008398
v 0.050070 0.970933 -0.016223
v 0.029388 0.954246 -0.022943
v 0.013518 0.932500 -0.028100
v 0.003542 0.907176 -0.031341
v 0.000139 0.880000 -0.032447
v 0.003542 0.852824 -0.031341
v 0.013518 0.827500 -0.028100
v 0.029388 0.805754 -0.022943
v 0.050070 0.789067 -0.016223
v 0.074154 0.778578 -0.008398
v 0.078014 0.981422 -0.015974
v 0.057527 0.970933 -0.030859
v 0.039934 0.954246 -0.043641
v 0.026434 0.932500 -0.053449
v 0.017948 0.907176 -0.059615
v 0.015053 0.880000 -0.061717
v 0.017948 0.852824 -0.059615
v 0.026434 0.827500 -0.053449
v 0.039934 0.805754 -0.043641
v 0.057527 0.789067 -0.030859
v 0.078014 0.778578 -0.015974
v 0.084026 0.981422 -0.021986
v 0.069141 0.970933 -0.042473
v 0.056359 0.954246 -0.060066
v 0.046551 0.932500 -0.073566
v 0.040385 0.907176 -0.082052
v 0.038283 0.880000 -0.084947
v 0.040385 0.852824 -0.082052
v 0.046551 0.827500 -0.073566
v 0.056359 0.805754 -0.060066
v 0.069141 0.789067 -0.042473
v 0.084026 0.778578 -0.021986
v 0.091602 0.981422 -0.025846
v 0.083777 0.970933 -0.049930
v 0.077057 0.954246 -0.070612
v 0.071900 0.932500 -0.086482
v 0.068659 0.907176 -0.096458
v 0.067553 0.880000 -0.099861
v 0.068659 0.852824 -0.096458
v 0.071900 0.827500 -0.086482
v 0.077057 0.805754 -0.070612
v 0.083777 0.789067 -0.049930
v 0.091602 0.778578 -0.025846
v 0.100000 0.954246 -0.074246
v 0.100000 0.932500 -0.090933
v 0.100000 0.827500 -0.090933
v 0.100000 0.805754 -0.074246
v 0.100000 0.880000 -0.082000
v 0.100000 0.480000 -0.100000
v 0.078777 0.880000 -0.079206
v 0.074118 0.480000 -0.096593
v 0.059000 0.880000 -0.071014
v 0.050000 0.480000 -0.086603
v 0.042017 0.880000 -0.057983
v 0.029289 0.480000 -0.070711
v 0.028986 0.880000 -0.041000
v 0.013397 0.480000 -0.050000
v 0.020794 0.880000 -0.021223
v 0.003407 0.480000 -0.025882
v 0.018000 0.880000 -0.000000
v 0.000000 0.480000 0.000000
v 0.020794 0.880000 0.021223
v 0.003407 0.480000 0.025882
v 0.028986 0.880000 0.041000
v 0.013397 0.480000 0.050000
v 0.042017 0.880000 0.057983
v 0.029289 0.480000 0.070711
v 0.059000 0.880000 0.071014
v 0.050000 0.480000 0.086603
v 0.078777 0.880000 0.079206
v 0.074118 0.480000 0.096593
v 0.100000 0.880000 0.082000
v 0.100000 0.480000 0.100000
v 0.121223 0.880000 0.079206
v 0.125882 0.480000 0.096593
v 0.141000 0.880000 0.071014
v 0.150000 0.480000 0.086603
v 0.157983 0.880000 0.057983
v 0.170711 0.480000 0.070711
v 0.171014 0.880000 0.041000
v 0.186603 0.480000 0.050000
v 0.179206 0.880000 0.021223
v 0.196593 0.480000 0.025882
v 0.182000 0.880000 -0.000000
v 0.200000 0.480000 0.000000
v 0.179206 0.880000 -0.021223
v 0.196593 0.480000 -0.025882
v 0.171014 0.880000 -0.041000
v 0.186603 0.480000 -0.050000
v 0.157983 0.880000 -0.057983
v 0.170711 0.480000 -0.070711
v 0.141000 0.880000 -0.071014
v 0.150000 0.480000 -0.086603
v 0.121223 0.880000 -0.079206
v 0.125882 0.480000 -0.096593
v 0.100000 0.562104 -0.022000
v 0.100000 0.553612 -0.042500
v 0.100000 0.502000 -0.082104
v 0.100000 0.480000 -0.085000
v 0.100000 0.458000 -0.082104
v 0.100000 0.406388 -0.042500
v 0.100000 0.397896 -0.022000
v 0.106798 0.562104 -0.020923
v 0.113133 0.553612 -0.040420
v 0.118573 0.540104 -0.057162
v 0.122747 0.522500 -0.070009
v 0.125371 0.502000 -0.078085
v 0.126266 0.480000 -0.080840
v 0.125371 0.458000 -0.078085
v 0.122747 0.437500 -0.070009
v 0.118573 0.419896 -0.057162
v 0.113133 0.406388 -0.040420
v 0.106798 0.397896 -0.020923
v 0.112931 0.562104 -0.017798
v 0.124981 0.553612 -0.034383
v 0.135328 0.540104 -0.048625
v 0.143268 0.522500 -0.059553
v 0.148259 0.502000 -0.066423
v 0.149962 0.480000 -0.068766
v 0.148259 0.458000 -0.066423
v 0.143268 0.437500 -0.059553
v 0.135328 0.419896 -0.048625
v 0.124981 0.406388 -0.034383
v 0.112931 0.397896 -0.017798
v 0.100000 0.395000 0.000000
v 0.117798 0.562104 -0.012931
v 0.134383 0.553612 -0.024981
v 0.148625 0.540104 -0.035328
v 0.159553 0.522500 -0.043268
v 0.166423 0.502000 -0.048259
v 0.168766 0.480000 -0.049962
v 0.166423 0.458000 -0.048259
v 0.159553 0.437500 -0.043268
v 0.148625 0.419896 -0.035328
v 0.134383 0.406388 -0.024981
v 0.117798 0.397896 -0.012931
v 0.120923 0.562104 -0.006798
v 0.140420 0.553612 -0.013133
v 0.157162 0.540104 -0.018573
v 0.170009 0.522500 -0.022747
v 0.178085 0.502000 -0.025371
v 0.180840 0.480000 -0.026266
v 0.178085 0.458000 -0.025371
v 0.170009 0.437500 -0.022747
v 0.157162 0.419896 -0.018573
v 0.140420 0.406388 -0.013133
v 0.120923 0.397896 -0.006798
v 0.122000 0.562104 0.000000
v 0.142500 0.553612 0.000000
v 0.160104 0.540104 0.000000
v 0.173612 0.522500 -0.000000
v 0.182104 0.502000 0.000000
v 0.185000 0.480000 0.000000
v 0.182104 0.458000 0.000000
v 0.173612 0.437500 -0.000000
v 0.160104 0.419896 0.000000
v 0.142500 0.406388 0.000000
v 0.122000 0.397896 0.000000
v 0.120923 0.562104 0.006798
v 0.140420 0.553612 0.013133
v 0.157162 0.540104 0.018573
v 0.170009 0.522500 0.022747
v 0.178085 0.502000 0.025371
v 0.180840 0.480000 0.026266
v 0.178085 0.458000 0.025371
v 0.170009 0.437500 0.022747
v 0.157162 0.419896 0.018573
v 0.140420 0.406388 0.013133
v 0.120923 0.397896 0.006798
v 0.117798 0.562104 0.012931
v 0.134383 0.553612 0.024981
v 0.148625 0.540104 0.035328
v 0.159553 0.522500 0.043268
v 0.166423 0.502000 0.048259
v 0.168766 0.480000 0.049962
v 0.166423 0.458000 0.048259
v 0.159553 0.437500 0.043268
v 0.148625 0.419896 0.035328
v 0.134383 0.406388 0.024981
v 0.117798 0.397896 0.012931
v 0.112931 0.562104 0.017798
v 0.124981 0.553612 0.034383
v 0.135328 0.540104 0.048625
v 0.143268 0.522500 0.059554
v 0.148259 0.502000 0.066423
v 0.149962 0.480000 0.068766
v 0.148259 0.458000 0.066423
v 0.143268 0.437500 0.059554
v 0.135328 0.419896 0.048625
v 0.124981 0.406388 0.034383
v 0.112931 0.397896 0.017798
v 0.106798 0.562104 0.020923
v 0.113133 0.553612 0.040420
v 0.118573 0.540104 0.057162
v 0.122747 0.522500 0.070009
v 0.125371 0.502000 0.078085
v 0.126266 0.480000 0.080840
v 0.125371 0.458000 0.078085
v 0.122747 0.437500 0.070009
v 0.118573 0.419896 0.057162
v 0.113133 0.406388 0.040420
v 0.106798 0.397896 0.020923
v 0.100000 0.565000 0.000000
v 0.100000 0.562104 0.022000
v 0.100000 0.553612 0.042500
v 0.100000 0.540104 0.060104
v 0.100000 0.522500 0.073612
v 0.100000 0.502000 0.082104
v 0.100000 0.480000 0.085000
v 0.100000 0.458000 0.082104
v 0.100000 0.437500 0.073612
v 0.100000 0.419896 0.060104
v 0.100000 0.406388 0.042500
v 0.100000 0.397896 0.022000
v 0.093202 0.562104 0.020923
v 0.086867 0.553612 0.040420
v 0.081427 0.540104 0.057162
v 0.077253 0.522500 0.070009
v 0.074629 0.502000 0.078085
v 0.073734 0.480000 0.080840
v 0.074629 0.458000 0.078085
v 0.077253 0.437500 0.070009
v 0.081427 0.419896 0.057162
v 0.086867 0.406388 0.040420
v 0.093202 0.397896 0.020923
v 0.087069 0.562104 0.017798
v 0.075019 0.553612 0.034383
v 0.064672 0.540104 0.048625
v 0.056732 0.522500 0.059554
v 0.051741 0.502000 0.066423
v 0.050038 0.480000 0.068766
v 0.051741 0.458000 0.066423
v 0.056732 0.437500 0.059554
v 0.064672 0.419896 0.048625
v 0.075019 0.406388 0.034383
v 0.087069 0.397896 0.017798
v 0.082202 0.562104 0.012931
v 0.065617 0.553612 0.024981
v 0.051375 0.540104 0.035328
v 0.040446 0.522500 0.043268
v 0.033577 0.502000 0.048259
v 0.031234 0.480000 0.049962
v 0.033577 0.458000 0.048259
v 0.040446 0.437500 0.043268
v 0.051375 0.419896 0.035328
v 0.065617 0.406388 0.024981
v 0.082202 0.397896 0.012931
v 0.079077 0.562104 0.006798
v 0.059580 0.553612 0.013133
v 0.042838 0.540104 0.018573
v 0.029991 0.522500 0.022747
v 0.021915 0.502000 0.025371
v 0.019160 0.480000 0.026266
v 0.021915 0.458000 0.025371
v 0.029991 0.437500 0.022747
v 0.042838 0.419896 0.018573
v 0.059580 0.406388 0.013133
v 0.079077 0.397896 0.006798
v 0.078000 0.562104 -0.000000
v 0.057500 0.553612 0.000000
v 0.039896 0.540104 0.000000
v 0.026388 0.522500 0.000000
v 0.017896 0.502000 -0.000000
v 0.015000 0.480000 0.000000
v 0.017896 0.458000 -0.000000
v 0.026388 0.437500 0.000000
v 0.039896 0.419896 0.000000
v 0.057500 0.406388 0.000000
v 0.078000 0.397896 -0.000000
v 0.079077 0.562104 -0.006798
v 0.059580 0.553612 -0.013133
v 0.042838 0.540104 -0.018573
v 0.029991 0.522500 -0.022747
v 0.021915 0.502000 -0.025371
v 0.019160 0.480000 -0.026266
v 0.021915 0.458000 -0.025371
v 0.029991 0.437500 -0.022747
v 0.042838 0.419896 -0.018573
v 0.059580 0.406388 -0.013133
v 0.079077 0.397896 -0.006798
v 0.082202 0.562104 -0.012931
v 0.065617 0.553612 -0.024981
v 0.051375 0.540104 -0.035328
v 0.040446 0.522500 -0.043268
v 0.033577 0.502000 -0.048259
v 0.031234 0.480000 -0.049962
v 0.033577 0.458000 -0.048259
v 0.040446 0.437500 -0.043268
v 0.051375 0.419896 -0.035328
v 0.065617 0.406388 -0.024981
v 0.082202 0.397896 -0.012931
v 0.087069 0.562104 -0.017798
v 0.075019 0.553612 -0.034383
v 0.064672 0.540104 -0.048625
v 0.056732 0.522500 -0.059554
v 0.051741 0.502000 -0.066423
v 0.050038 0.480000 -0.068766
v 0.051741 0.458000 -0.066423
v 0.056732 0.437500 -0.059554
v 0.064672 0.419896 -0.048625
v 0.075019 0.406388 -0.034383
v 0.087069 0.397896 -0.017798
v 0.093202 0.562104 -0.020923
v 0.086867 0.553612 -0.040420
v 0.081427 0.540104 -0.057162
v 0.077253 0.522500 -0.070009
v 0.074629 0.502000 -0.078085
v 0.073734 0.480000 -0.080840
v 0.074629 0.458000 -0.078085
v 0.077253 0.437500 -0.070009
v 0.081427 0.419896 -0.057162
v 0.086867 0.406388 -0.040420
v 0.093202 0.397896 -0.020923
v 0.100000 0.540104 -0.060104
v 0.100000 0.522500 -0.073612
v 0.100000 0.437500 -0.073612
v 0.100000 0.419896 -0.060104
v 0.100000 0.480000 -0.060000
v 0.100000 0.080000 -0.080000
v 0.084471 0.480000 -0.057956
v 0.079294 0.080000 -0.077274
v 0.070000 0.480000 -0.051962
v 0.060000 0.080000 -0.069282
v 0.057574 0.480000 -0.042426
v 0.043431 0.080000 -0.056569
v 0.048038 0.480000 -0.030000
v 0.030718 0.080000 -0.040000
v 0.042044 0.480000 -0.015529
v 0.022726 0.080000 -0.020706
v 0.040000 0.480000 -0.000000
v 0.020000 0.080000 0.000000
v 0.042044 0.480000 0.015529
v 0.022726 0.080000 0.020706
v 0.048038 0.480000 0.030000
v 0.030718 0.080000 0.040000
v 0.057574 0.480000 0.042426
v 0.043431 0.080000 0.056569
v 0.070000 0.480000 0.051962
v 0.060000 0.080000 0.069282
v 0.084471 0.480000 0.057956
v 0.079294 0.080000 0.077274
v 0.100000 0.480000 0.060000
v 0.100000 0.080000 0.080000
v 0.115529 0.480000 0.057956
v 0.120706 0.080000 0.077274
v 0.130000 0.480000 0.051962
v 0.140000 0.080000 0.069282
v 0.142426 0.480000 0.042426
v 0.156569 0.080000 0.056569
v 0.151962 0.480000 0.030000
v 0.169282 0.080000 0.040000
v 0.157956 0.480000 0.015529
v 0.177274 0.080000 0.020706
v 0.160000 0.480000 -0.000000
v 0.180000 0.080000 0.000000
v 0.157956 0.480000 -0.015529
v 0.177274 0.080000 -0.020705
v 0.151962 0.480000 -0.030000
v 0.169282 0.080000 -0.040000
v 0.142426 0.480000 -0.042426
v 0.156569 0.080000 -0.056569
v 0.130000 0.480000 -0.051962
v 0.140000 0.080000 -0.069282
v 0.115529 0.480000 -0.057956
v 0.120706 0.080000 -0.077274
v 0.100000 0.139887 -0.016047
v 0.100000 0.133694 -0.031000
v 0.100000 0.096047 -0.059887
v 0.100000 0.080000 -0.062000
v 0.100000 0.063953 -0.059887
v 0.100000 0.026307 -0.031000
v 0.100000 0.020113 -0.016047
v 0.104959 0.139887 -0.015261
v 0.109580 0.133694 -0.029483
v 0.113547 0.123841 -0.041695
v 0.116592 0.111000 -0.051066
v 0.118506 0.096047 -0.056956
v 0.119159 0.080000 -0.058966
v 0.118506 0.063953 -0.056956
v 0.116592 0.049000 -0.051066
v 0.113547 0.036159 -0.041695
v 0.109580 0.026307 -0.029483
v 0.104959 0.020113 -0.015261
v 0.109432 0.139887 -0.012982
v 0.118221 0.133694 -0.025080
v 0.125769 0.123841 -0.035468
v 0.131560 0.111000 -0.043439
v 0.135201 0.096047 -0.048450
v 0.136443 0.080000 -0.050159
v 0.135201 0.063953 -0.048450
v 0.131560 0.049000 -0.043439
v 0.125769 0.036159 -0.035468
v 0.118221 0.026307 -0.025080
v 0.109432 0.020113 -0.012982
v 0.100000 0.018000 0.000000
v 0.112982 0.139887 -0.009432
v 0.125080 0.133694 -0.018221
v 0.135468 0.123841 -0.025769
v 0.143439 0.111000 -0.031560
v 0.148450 0.096047 -0.035201
v 0.150159 0.080000 -0.036443
v 0.148450 0.063953 -0.035201
v 0.143439 0.049000 -0.031560
v 0.135468 0.036159 -0.025769
v 0.125080 0.026307 -0.018221
v 0.112982 0.020113 -0.009432
v 0.115261 0.139887 -0.004959
v 0.129483 0.133694 -0.009580
v 0.141695 0.123841 -0.013547
v 0.151066 0.111000 -0.016592
v 0.156956 0.096047 -0.018506
v 0.158966 0.080000 -0.019159
v 0.156956 0.063953 -0.018506
v 0.151066 0.049000 -0.016592
v 0.141695 0.036159 -0.013547
v 0.129483 0.026307 -0.009580
v 0.115261 0.020113 -0.004959
v 0.116047 0.139887 0.000000
v 0.131000 0.133694 0.000000
v 0.143841 0.123841 0.000000
v 0.153694 0.111000 -0.000000
v 0.159887 0.096047 0.000000
v 0.162000 0.080000 0.000000
v 0.159887 0.063953 0.000000
v 0.153694 0.049000 -0.000000
v 0.143841 0.036159 0.000000
v 0.131000 0.026307 0.000000
v 0.116047 0.020113 0.000000
v 0.115261 0.139887 0.004959
v 0.129483 0.133694 0.009580
v 0.141695 0.123841 0.013547
v 0.151066 0.111000 0.016592
v 0.156956 0.096047 0.018506
v 0.158966 0.080000 0.019159
v 0.156956 0.063953 0.018506
v 0.151066 0.049000 0.016592
v 0.141695 0.036159 0.013547
v 0.129483 0.026307 0.009580
v 0.115261 0.020113 0.004959
v 0.112982 0.139887 0.009432
v 0.125080 0.133694 0.018221
v 0.135468 0.123841 0.025769
v 0.143439 0.111000 0.031560
v 0.148450 0.096047 0.035201
v 0.150159 0.080000 0.036443
v 0.148450 0.063953 0.035201
v 0.143439 0.049000 0.031560
v 0.135468 0.036159 0.025769
v 0.125080 0.026307 0.018221
v 0.112982 0.020113 0.009432
v 0.109432 0.139887 0.012982
v 0.118221 0.133694 0.025080
v 0.125769 0.123841 0.035468
v 0.131560 0.111000 0.043439
v 0.135201 0.096047 0.048450
v 0.136443 0.080000 0.050159
v 0.135201 0.063953 0.048450
v 0.131560 0.049000 0.043439
v 0.125769 0.036159 0.035468
v 0.118221 0.026307 0.025080
v 0.109432 0.020113 0.012982
v 0.104959 0.139887 0.015261
v 0.109580 0.133694 0.029483
v 0.113548 0.123841 0.041695
v 0.116592 0.111000 0.051066
v 0.118506 0.096047 0.056956
v 0.119159 0.080000 0.058966
v 0.118506 0.063953 0.056956
v 0.116592 0.049000 0.051066
v 0.113548 0.036159 0.041695
v 0.109580 0.026307 0.029483
v 0.104959 0.020113 0.015261
v 0.100000 0.142000 0.000000
v 0.100000 0.139887 0.016047
v 0.100000 0.133694 0.031000
v 0.100000 0.123841 0.043841
v 0.100000 0.111000 0.053694
v 0.100000 0.096047 0.059887
v 0.100000 0.080000 0.062000
v 0.100000 0.063953 0.059887
v 0.100000 0.049000 0.053694
v 0.100000 0.036159 0.043841
v 0.100000 0.026307 0.031000
v 0.100000 0.020113 0.016047
v 0.095041 0.139887 0.015261
v 0.090420 0.133694 0.029483
v 0.086453 0.123841 0.041695
v 0.083408 0.111000 0.051066
v 0.081494 0.096047 0.056956
v 0.080841 0.080000 0.058966
v 0.081494 0.063953 0.056956
v 0.083408 0.049000 0.051066
v 0.086453 0.036159 0.041695
v 0.090420 0.026307 0.029483
v 0.095041 0.020113 0.015261
v 0.090568 0.139887 0.012982
v 0.081779 0.133694 0.025080
v 0.074231 0.123841 0.035468
v 0.068440 0.111000 0.043439
v 0.064799 0.096047 0.048450
v 0.063557 0.080000 0.050159
v 0.064799 0.063953 0.048450
v 0.068440 0.049000 0.043439
v 0.074231 0.036159 0.035468
v 0.081779 0.026307 0.025080
v 0.090568 0.020113 0.012982
v 0.087018 0.139887 0.009432
v 0.074920 0.133694 0.018221
v 0.064532 0.123841 0.025769
v 0.056561 0.111000 0.031560
v 0.051550 0.096047 0.035201
v 0.049841 0.080000 0.036443
v 0.051550 0.063953 0.035201
v 0.056561 0.049000 0.031560
v 0.064532 0.036159 0.025769
v 0.074920 0.026307 0.018221
v 0.087018 0.020113 0.009432
v 0.084739 0.139887 0.004959
v 0.070517 0.133694 0.009580
v 0.058305 0.123841 0.013548
v 0.048934 0.111000 0.016592
v 0.043044 0.096047 0.018506
v 0.041034 0.080000 0.019159
v 0.043044 0.063953 0.018506
v 0.048934 0.049000 0.016592
v 0.058305 0.036159 0.013548
v 0.070517 0.026307 0.009580
v 0.084739 0.020113 0.004959
v 0.083953 0.139887 -0.000000
v 0.069000 0.133694 0.000000
v 0.056159 0.123841 0.000000
v 0.046306 0.111000 0.000000
v 0.040113 0.096047 -0.000000
v 0.038000 0.080000 0.000000
v 0.040113 0.063953 -0.000000
v 0.046306 0.049000 0.000000
v 0.056159 0.036159 0.000000
v 0.069000 0.026307 0.000000
v 0.083953 0.020113 -0.000000
v 0.084739 0.139887 -0.004959
v 0.070517 0.133694 -0.009580
v 0.058305 0.123841 -0.013548
v 0.048934 0.111000 -0.016592
v 0.043044 0.096047 -0.018506
v 0.041034 0.080000 -0.019159
v 0.043044 0.063953 -0.018506
v 0.048934 0.049000 -0.016592
v 0.058305 0.036159 -0.013548
v 0.070517 0.026307 -0.009580
v 0.084739 0.020113 -0.004959
v 0.087018 0.139887 -0.009432
v 0.074920 0.133694 -0.018221
v 0.064532 0.123841 -0.025769
v 0.056561 0.111000 -0.031560
v 0.051550 0.096047 -0.035201
v 0.049841 0.080000 -0.036443
v 0.051550 0.063953 -0.035201
v 0.056561 0.049000 -0.031560
v 0.064532 0.036159 -0.025769
v 0.074920 0.026307 -0.018221
v 0.087018 0.020113 -0.009432
v 0.090568 0.139887 -0.012982
v 0.081779 0.133694 -0.025080
v 0.074231 0.123841 -0.035468
v 0.068440 0.111000 -0.043439
v 0.064799 0.096047 -0.048450
v 0.063557 0.080000 -0.050159
v 0.064799 0.063953 -0.048450
v 0.068440 0.049000 -0.043439
v 0.074231 0.036159 -0.035468
v 0.081779 0.026307 -0.025080
v 0.090568 0.020113 -0.012982
v 0.095041 0.139887 -0.015261
v 0.090420 0.133694 -0.029483
v 0.086452 0.123841 -0.041695
v 0.083408 0.111000 -0.051066
v 0.081494 0.096047 -0.056956
v 0.080841 0.080000 -0.058966
v 0.081494 0.063953 -0.056956
v 0.083408 0.049000 -0.051066
v 0.086452 0.036159 -0.041695
v 0.090420 0.026307 -0.029483
v 0.095041 0.020113 -0.015261
v 0.100000 0.123841 -0.043841
v 0.100000 0.111000 -0.053694
v 0.100000 0.049000 -0.053694
v 0.100000 0.036159 -0.043841
v 0.100000 0.108126 0.103765
v 0.100000 0.102631 0.070000
v 0.100000 0.069235 0.004770
v 0.100000 0.055000 0.000000
v 0.100000 0.040765 0.004770
v 0.100000 0.007369 0.070000
v 0.100000 0.001874 0.103765
v 0.105998 0.108126 0.105539
v 0.111588 0.102631 0.073426
v 0.116388 0.093891 0.045850
v 0.120071 0.082500 0.024691
v 0.122387 0.069235 0.011389
v 0.123176 0.055000 0.006852
v 0.122387 0.040765 0.011389
v 0.120071 0.027500 0.024691
v 0.116388 0.016109 0.045850
v 0.111588 0.007369 0.073426
v 0.105998 0.001874 0.105539
v 0.111410 0.108126 0.110686
v 0.122042 0.102631 0.083369
v 0.131172 0.093891 0.059911
v 0.138178 0.082500 0.041912
v 0.142582 0.069235 0.030597
v 0.144084 0.055000 0.026738
v 0.142582 0.040765 0.030597
v 0.138178 0.027500 0.041912
v 0.131172 0.016109 0.059911
v 0.122042 0.007369 0.083369
v 0.111410 0.001874 0.110686
v 0.100000 0.000000 0.140000
v 0.115704 0.108126 0.118702
v 0.130338 0.102631 0.098855
v 0.142905 0.093891 0.081812
v 0.152547 0.082500 0.068735
v 0.158609 0.069235 0.060514
v 0.160676 0.055000 0.057710
v 0.158609 0.040765 0.060514
v 0.152547 0.027500 0.068735
v 0.142905 0.016109 0.081812
v 0.130338 0.007369 0.098855
v 0.115704 0.001874 0.118702
v 0.118461 0.108126 0.128803
v 0.135665 0.102631 0.118369
v 0.150437 0.093891 0.109409
v 0.161773 0.082500 0.102534
v 0.168899 0.069235 0.098212
v 0.171329 0.055000 0.096738
v 0.168899 0.040765 0.098212
v 0.161773 0.027500 0.102534
v 0.150437 0.016109 0.109409
v 0.135665 0.007369 0.118369
v 0.118461 0.001874 0.128803
v 0.119411 0.108126 0.140000
v 0.137500 0.102631 0.140000
v 0.153033 0.093891 0.140000
v 0.164952 0.082500 0.140000
v 0.172444 0.069235 0.140000
v 0.175000 0.055000 0.140000
v 0.172444 0.040765 0.140000
v 0.164952 0.027500 0.140000
v 0.153033 0.016109 0.140000
v 0.137500 0.007369 0.140000
v 0.119411 0.001874 0.140000
v 0.118461 0.108126 0.151197
v 0.135665 0.102631 0.161631
v 0.150437 0.093891 0.170591
v 0.161773 0.082500 0.177466
v 0.168899 0.069235 0.181788
v 0.171329 0.055000 0.183262
v 0.168899 0.040765 0.181788
v 0.161773 0.027500 0.177466
v 0.150437 0.016109 0.170591
v 0.135665 0.007369 0.161631
v 0.118461 0.001874 0.151197
v 0.115704 0.108126 0.161298
v 0.130338 0.102631 0.181145
v 0.142905 0.093891 0.198188
v 0.152547 0.082500 0.211265
v 0.158609 0.069235 0.219486
v 0.160676 0.055000 0.222290
v 0.158609 0.040765 0.219486
v 0.152547 0.027500 0.211265
v 0.142905 0.016109 0.198188
v 0.130338 0.007369 0.181145
v 0.115704 0.001874 0.161298
v 0.111410 0.108126 0.169314
v 0.122042 0.102631 0.196631
v 0.131172 0.093891 0.220089
v 0.138178 0.082500 0.238088
v 0.142582 0.069235 0.249403
v 0.144084 0.055000 0.253262
v 0.142582 0.040765 0.249403
v 0.138178 0.027500 0.238088
v 0.131172 0.016109 0.220089
v 0.122042 0.007369 0.196631
v 0.111410 0.001874 0.169314
v 0.105998 0.108126 0.174461
v 0.111588 0.102631 0.206574
v 0.116388 0.093891 0.234150
v 0.120071 0.082500 0.255310
v 0.122387 0.069235 0.268611
v 0.123176 0.055000 0.273148
v 0.122387 0.040765 0.268611
v 0.120071 0.027500 0.255310
v 0.116388 0.016109 0.234150
v 0.111588 0.007369 0.206574
v 0.105998 0.001874 0.174461
v 0.100000 0.110000 0.140000
v 0.100000 0.108126 0.176235
v 0.100000 0.102631 0.210000
v 0.100000 0.093891 0.238995
v 0.100000 0.082500 0.261244
v 0.100000 0.069235 0.275230
v 0.100000 0.055000 0.280000
v 0.100000 0.040765 0.275230
v 0.100000 0.027500 0.261244
v 0.100000 0.016109 0.238995
v 0.100000 0.007369 0.210000
v 0.100000 0.001874 0.176235
v 0.094002 0.108126 0.174461
v 0.088412 0.102631 0.206574
v 0.083612 0.093891 0.234150
v 0.079929 0.082500 0.255310
v 0.077613 0.069235 0.268611
v 0.076824 0.055000 0.273148
v 0.077613 0.040765 0.268611
v 0.079929 0.027500 0.255310
v 0.083612 0.016109 0.234150
v 0.088412 0.007369 0.206574
v 0.094002 0.001874 0.174461
v 0.088590 0.108126 0.169314
v 0.077958 0.102631 0.196631
v 0.068828 0.093891 0.220089
v 0.061822 0.082500 0.238088
v 0.057418 0.069235 0.249403
v 0.055916 0.055000 0.253262
v 0.057418 0.040765 0.249403
v 0.061822 0.027500 0.238088
v 0.068828 0.016109 0.220089
v 0.077958 0.007369 0.196631
v 0.088590 0.001874 0.169314
v 0.084296 0.108126 0.161298
v 0.069662 0.102631 0.181145
v 0.057095 0.093891 0.198188
v 0.047453 0.082500 0.211265
v 0.041391 0.069235 0.219486
v 0.039324 0.055000 0.222290
v 0.041391 0.040765 0.219486
v 0.047453 0.027500 0.211265
v 0.057095 0.016109 0.198188
v 0.069662 0.007369 0.181145
v 0.084296 0.001874 0.161298
v 0.081539 0.108126 0.151197
v 0.064335 0.102631 0.161631
v 0.049563 0.093891 0.170591
v 0.038227 0.082500 0.177466
v 0.031101 0.069235 0.181788
v 0.028671 0.055000 0.183262
v 0.031101 0.040765 0.181788
v 0.038227 0.027500 0.177466
v 0.049563 0.016109 0.170591
v 0.064335 0.007369 0.161631
v 0.081539 0.001874 0.151197
v 0.080589 0.108126 0.140000
v 0.062500 0.102631 0.140000
v 0.046967 0.093891 0.140000
v 0.035048 0.082500 0.140000
v 0.027556 0.069235 0.140000
v 0.025000 0.055000 0.140000
v 0.027556 0.040765 0.140000
v 0.035048 0.027500 0.140000
v 0.046967 0.016109 0.140000
v 0.062500 0.007369 0.140000
v 0.080589 0.001874 0.140000
v 0.081539 0.108126 0.128803
v 0.064335 0.102631 0.118369
v 0.049563 0.093891 0.109409
v 0.038227 0.082500 0.102534
v 0.031101 0.069235 0.098212
v 0.028671 0.055000 0.096738
v 0.031101 0.040765 0.098212
v 0.038227 0.027500 0.102534
v 0.049563 0.016109 0.109409
v 0.064335 0.007369 0.118369
v 0.081539 0.001874 0.128803
v 0.084296 0.108126 0.118702
v 0.069662 0.102631 0.098855
v 0.057095 0.093891 0.081812
v 0.047453 0.082500 0.068735
v 0.041391 0.069235 0.060514
v 0.039324 0.055000 0.057710
v 0.041391 0.040765 0.060514
v 0.047453 0.027500 0.068735
v 0.057095 0.016109 0.081812
v 0.069662 0.007369 0.098855
v 0.084296 0.001874 0.118702
v 0.088590 0.108126 0.110686
v 0.077958 0.102631 0.083369
v 0.068828 0.093891 0.059911
v 0.061822 0.082500 0.041912
v 0.057418 0.069235 0.030597
v 0.055916 0.055000 0.026738
v 0.057418 0.040765 0.030597
v 0.061822 0.027500 0.041912
v 0.068828 0.016109 0.059911
v 0.077958 0.007369 0.083369
v 0.088590 0.001874 0.110686
v 0.094002 0.108126 0.105539
v 0.088412 0.102631 0.073426
v 0.083612 0.093891 0.045850
v 0.079929 0.082500 0.024690
v 0.077613 0.069235 0.011389
v 0.076824 0.055000 0.006852
v 0.077613 0.040765 0.011389
v 0.079929 0.027500 0.024690
v 0.083612 0.016109 0.045850
v 0.088412 0.007369 0.073426
v 0.094002 0.001874 0.105539
v 0.100000 0.093891 0.041005
v 0.100000 0.082500 0.018756
v 0.100000 0.027500 0.018756
v 0.100000 0.016109 0.041005
v -0.200000 1.472104 -0.022000
v -0.200000 1.463612 -0.042500
v -0.200000 1.412000 -0.082104
v -0.200000 1.390000 -0.085000
v -0.200000 1.368000 -0.082104
v -0.200000 1.316388 -0.042500
v -0.200000 1.307896 -0.022000
v -0.193202 1.472104 -0.020923
v -0.186867 1.463612 -0.040420
v -0.181427 1.450104 -0.057162
v -0.177253 1.432500 -0.070009
v -0.174629 1.412000 -0.078085
v -0.173734 1.390000 -0.080840
v -0.174629 1.368000 -0.078085
v -0.177253 1.347500 -0.070009
v -0.181427 1.329896 -0.057162
v -0.186867 1.316388 -0.040420
v -0.193202 1.307896 -0.020923
v -0.187069 1.472104 -0.017798
v -0.175019 1.463612 -0.034383
v -0.164672 1.450104 -0.048625
v -0.156732 1.432500 -0.059553
v -0.151741 1.412000 -0.066423
v -0.150038 1.390000 -0.068766
v -0.151741 1.368000 -0.066423
v -0.156732 1.347500 -0.059553
v -0.164672 1.329896 -0.048625
v -0.175019 1.316388 -0.034383
v -0.187069 1.307896 -0.017798
v -0.200000 1.305000 0.000000
v -0.182202 1.472104 -0.012931
v -0.165617 1.463612 -0.024981
v -0.151375 1.450104 -0.035328
v -0.140447 1.432500 -0.043268
v -0.133577 1.412000 -0.048259
v -0.131234 1.390000 -0.049962
v -0.133577 1.368000 -0.048259
v -0.140447 1.347500 -0.043268
v -0.151375 1.329896 -0.035328
v -0.165617 1.316388 -0.024981
v -0.182202 1.307896 -0.012931
v -0.179077 1.472104 -0.006798
v -0.159580 1.463612 -0.013133
v -0.142838 1.450104 -0.018573
v -0.129991 1.432500 -0.022747
v -0.121915 1.412000 -0.025371
v -0.119160 1.390000 -0.026266
v -0.121915 1.368000 -0.025371
v -0.129991 1.347500 -0.022747
v -0.142838 1.329896 -0.018573
v -0.159580 1.316388 -0.013133
v -0.179077 1.307896 -0.006798
v -0.178000 1.472104 0.000000
v -0.157500 1.463612 0.000000
v -0.139896 1.450104 0.000000
v -0.126388 1.432500 -0.000000
v -0.117896 1.412000 0.000000
v -0.115000 1.390000 0.000000
v -0.117896 1.368000 0.000000
v -0.126388 1.347500 -0.000000
v -0.139896 1.329896 0.000000
v -0.157500 1.316388 0.000000
v -0.178000 1.307896 0.000000
v -0.179077 1.472104 0.006798
v -0.159580 1.463612 0.013133
v -0.142838 1.450104 0.018573
v -0.129991 1.432500 0.022747
v -0.121915 1.412000 0.025371
v -0.119160 1.390000 0.026266
v -0.121915 1.368000 0.025371
v -0.129991 1.347500 0.022747
v -0.142838 1.329896 0.018573
v -0.159580 1.316388 0.013133
v -0.179077 1.307896 0.006798
v -0.182202 1.472104 0.012931
v -0.165617 1.463612 0.024981
v -0.151375 1.450104 0.035328
v -0.140446 1.432500 0.043268
v -0.133577 1.412000 0.048259
v -0.131234 1.390000 0.049962
v -0.133577 1.368000 0.048259
v -0.140446 1.347500 0.043268
v -0.151375 1.329896 0.035328
v -0.165617 1.316388 0.024981
v -0.182202 1.307896 0.012931
v -0.187069 1.472104 0.017798
v -0.175019 1.463612 0.034383
v -0.164672 1.450104 0.048625
v -0.156732 1.432500 0.059554
v -0.151741 1.412000 0.066423
v -0.150038 1.390000 0.068766
v -0.151741 1.368000 0.066423
v -0.156732 1.347500 0.059554
v -0.164672 1.329896 0.048625
v -0.175019 1.316388 0.034383
v -0.187069 1.307896 0.017798
v -0.193202 1.472104 0.020923
v -0.186867 1.463612 0.040420
v -0.181427 1.450104 0.057162
v -0.177253 1.432500 0.070009
v -0.174629 1.412000 0.078085
v -0.173734 1.390000 0.080840
v -0.174629 1.368000 0.078085
v -0.177253 1.347500 0.070009
v -0.181427 1.329896 0.057162
v -0.186867 1.316388 0.040420
v -0.193202 1.307896 0.020923
v -0.200000 1.475000 0.000000
v -0.200000 1.472104 0.022000
v -0.200000 1.463612 0.042500
v -0.200000 1.450104 0.060104
v -0.200000 1.432500 0.073612
v -0.200000 1.412000 0.082104
v -0.200000 1.390000 0.085000
v -0.200000 1.368000 0.082104
v -0.200000 1.347500 0.073612
v -0.200000 1.329896 0.060104
v -0.200000 1.316388 0.042500
v -0.200000 1.307896 0.022000
v -0.206798 1.472104 0.020923
v -0.213133 1.463612 0.040420
v -0.218573 1.450104 0.057162
v -0.222747 1.432500 0.070009
v -0.225371 1.412000 0.078085
v -0.226266 1.390000 0.080840
v -0.225371 1.368000 0.078085
v -0.222747 1.347500 0.070009
v -0.218573 1.329896 0.057162
v -0.213133 1.316388 0.040420
v -0.206798 1.307896 0.020923
v -0.212931 1.472104 0.017798
v -0.224981 1.463612 0.034383
v -0.235328 1.450104 0.048625
v -0.243268 1.432500 0.059554
v -0.248259 1.412000 0.066423
v -0.249962 1.390000 0.068766
v -0.248259 1.368000 0.066423
v -0.243268 1.347500 0.059554
v -0.235328 1.329896 0.048625
v -0.224981 1.316388 0.034383
v -0.212931 1.307896 0.017798
v -0.217798 1.472104 0.012931
v -0.234383 1.463612 0.024981
v -0.248625 1.450104 0.035328
v -0.259554 1.432500 0.043268
v -0.266423 1.412000 0.048259
v -0.268766 1.390000 0.049962
v -0.266423 1.368000 0.048259
v -0.259554 1.347500 0.043268
v -0.248625 1.329896 0.035328
v -0.234383 1.316388 0.024981
v -0.217798 1.307896 0.012931
v -0.220923 1.472104 0.006798
v -0.240420 1.463612 0.013133
v -0.257162 1.450104 0.018573
v -0.270009 1.432500 0.022747
v -0.278085 1.412000 0.025371
v -0.280840 1.390000 0.026266
v -0.278085 1.368000 0.025371
v -0.270009 1.347500 0.022747
v -0.257162 1.329896 0.018573
v -0.240420 1.316388 0.013133
v -0.220923 1.307896 0.006798
v -0.222000 1.472104 -0.000000
v -0.242500 1.463612 0.000000
v -0.260104 1.450104 0.000000
v -0.273612 1.432500 0.000000
v -0.282104 1.412000 -0.000000
v -0.285000 1.390000 0.000000
v -0.282104 1.368000 -0.000000
v -0.273612 1.347500 0.000000
v -0.260104 1.329896 0.000000
v -0.242500 1.316388 0.000000
v -0.222000 1.307896 -0.000000
v -0.220923 1.472104 -0.006798
v -0.240420 1.463612 -0.013133
v -0.257162 1.450104 -0.018573
v -0.270009 1.432500 -0.022747
v -0.278085 1.412000 -0.025371
v -0.280840 1.390000 -0.026266
v -0.278085 1.368000 -0.025371
v -0.270009 1.347500 -0.022747
v -0.257162 1.329896 -0.018573
v -0.240420 1.316388 -0.013133
v -0.220923 1.307896 -0.006798
v -0.217798 1.472104 -0.012931
v -0.234383 1.463612 -0.024981
v -0.248625 1.450104 -0.035328
v -0.259554 1.432500 -0.043268
v -0.266423 1.412000 -0.048259
v -0.268766 1.390000 -0.049962
v -0.266423 1.368000 -0.048259
v -0.259554 1.347500 -0.043268
v -0.248625 1.329896 -0.035328
v -0.234383 1.316388 -0.024981
v -0.217798 1.307896 -0.012931
v -0.212931 1.472104 -0.017798
v -0.224981 1.463612 -0.034383
v -0.235328 1.450104 -0.048625
v -0.243268 1.432500 -0.059554
v -0.248259 1.412000 -0.066423
v -0.249962 1.390000 -0.068766
v -0.248259 1.368000 -0.066423
v -0.243268 1.347500 -0.059554
v -0.235328 1.329896 -0.048625
v -0.224981 1.316388 -0.034383
v -0.212931 1.307896 -0.017798
v -0.206798 1.472104 -0.020923
v -0.213133 1.463612 -0.040420
v -0.218573 1.450104 -0.057162
v -0.222747 1.432500 -0.070009
v -0.225371 1.412000 -0.078085
v -0.226266 1.390000 -0.080840
v -0.225371 1.368000 -0.078085
v -0.222747 1.347500 -0.070009
v -0.218573 1.329896 -0.057162
v -0.213133 1.316388 -0.040420
v -0.206798 1.307896 -0.020923
v -0.200000 1.450104 -0.060104
v -0.200000 1.432500 -0.073612
v -0.200000 1.347500 -0.073612
v -0.200000 1.329896 -0.060104
v -0.227358 1.440971 0.029638
v -0.351567 1.308813 0.164198
v -0.214064 1.439234 0.040039
v -0.336228 1.306809 0.176199
v -0.199812 1.434142 0.047712
v -0.319783 1.300934 0.185052
v -0.185572 1.426042 0.052133
v -0.303353 1.291587 0.190153
v -0.172316 1.415486 0.053001
v -0.288057 1.279407 0.191155
v -0.160946 1.403192 0.050257
v -0.274938 1.265222 0.187989
v -0.152238 1.390000 0.044088
v -0.264890 1.250000 0.180871
v -0.146784 1.376808 0.034915
v -0.258597 1.234778 0.170287
v -0.144957 1.364514 0.023362
v -0.256489 1.220593 0.156957
v -0.146882 1.353958 0.010218
v -0.258710 1.208413 0.141790
v -0.152426 1.345857 -0.003623
v -0.265107 1.199066 0.125819
v -0.161212 1.340765 -0.017218
v -0.275245 1.193191 0.110134
v -0.172642 1.339028 -0.029638
v -0.288433 1.191187 0.095802
v -0.185936 1.340765 -0.040039
v -0.303772 1.193191 0.083801
v -0.200188 1.345857 -0.047712
v -0.320217 1.199066 0.074948
v -0.214428 1.353958 -0.052133
v -0.336647 1.208413 0.069847
v -0.227684 1.364514 -0.053001
v -0.351943 1.220593 0.068845
v -0.239054 1.376808 -0.050257
v -0.365062 1.234778 0.072011
v -0.247762 1.390000 -0.044088
v -0.375110 1.250000 0.079129
v -0.253216 1.403192 -0.034915
v -0.381403 1.265222 0.089713
v -0.255043 1.415486 -0.023362
v -0.383511 1.279407 0.103043
v -0.253118 1.426042 -0.010218
v -0.381290 1.291587 0.118210
v -0.247574 1.434142 0.003623
v -0.374893 1.300934 0.134181
v -0.238788 1.439234 0.017218
v -0.364755 1.306809 0.149866
v -0.320000 1.315683 0.112400
v -0.320000 1.308890 0.096000
v -0.320000 1.267600 0.064317
v -0.320000 1.250000 0.062000
v -0.320000 1.232400 0.064317
v -0.320000 1.191110 0.096000
v -0.320000 1.184317 0.112400
v -0.314561 1.315683 0.113262
v -0.309493 1.308890 0.097664
v -0.305141 1.298083 0.084270
v -0.301802 1.284000 0.073993
v -0.299703 1.267600 0.067532
v -0.298987 1.250000 0.065328
v -0.299703 1.232400 0.067532
v -0.301802 1.216000 0.073993
v -0.305141 1.201917 0.084270
v -0.309493 1.191110 0.097664
v -0.314561 1.184317 0.113262
v -0.309655 1.315683 0.115762
v -0.300015 1.308890 0.102493
v -0.291737 1.298083 0.091100
v -0.285385 1.284000 0.082357
v -0.281393 1.267600 0.076861
v -0.280031 1.250000 0.074987
v -0.281393 1.232400 0.076861
v -0.285385 1.216000 0.082357
v -0.291737 1.201917 0.091100
v -0.300015 1.191110 0.102493
v -0.309655 1.184317 0.115762
v -0.320000 1.182000 0.130000
v -0.305762 1.315683 0.119655
v -0.292493 1.308890 0.110015
v -0.281100 1.298083 0.101737
v -0.272357 1.284000 0.095385
v -0.266861 1.267600 0.091393
v -0.264987 1.250000 0.090031
v -0.266861 1.232400 0.091393
v -0.272357 1.216000 0.095385
v -0.281100 1.201917 0.101737
v -0.292493 1.191110 0.110015
v -0.305762 1.184317 0.119655
v -0.303262 1.315683 0.124561
v -0.287664 1.308890 0.119493
v -0.274270 1.298083 0.115141
v -0.263993 1.284000 0.111802
v -0.257532 1.267600 0.109703
v -0.255328 1.250000 0.108987
v -0.257532 1.232400 0.109703
v -0.263993 1.216000 0.111802
v -0.274270 1.201917 0.115141
v -0.287664 1.191110 0.119493
v -0.303262 1.184317 0.124561
v -0.302400 1.315683 0.130000
v -0.286000 1.308890 0.130000
v -0.271917 1.298083 0.130000
v -0.261110 1.284000 0.130000
v -0.254317 1.267600 0.130000
v -0.252000 1.250000 0.130000
v -0.254317 1.232400 0.130000
v -0.261110 1.216000 0.130000
v -0.271917 1.201917 0.130000
v -0.286000 1.191110 0.130000
v -0.302400 1.184317 0.130000
v -0.303262 1.315683 0.135439
v -0.287664 1.308890 0.140507
v -0.274270 1.298083 0.144859
v -0.263993 1.284000 0.148198
v -0.257532 1.267600 0.150297
v -0.255328 1.250000 0.151013
v -0.257532 1.232400 0.150297
v -0.263993 1.216000 0.148198
v -0.274270 1.201917 0.144859
v -0.287664 1.191110 0.140507
v -0.303262 1.184317 0.135439
v -0.305762 1.315683 0.140345
v -0.292493 1.308890 0.149985
v -0.281100 1.298083 0.158263
v -0.272357 1.284000 0.164615
v -0.266861 1.267600 0.168607
v -0.264987 1.250000 0.169969
v -0.266861 1.232400 0.168607
v -0.272357 1.216000 0.164615
v -0.281100 1.201917 0.158263
v -0.292493 1.191110 0.149985
v -0.305762 1.184317 0.140345
v -0.309655 1.315683 0.144238
v -0.300015 1.308890 0.157507
v -0.291737 1.298083 0.168900
v -0.285385 1.284000 0.177643
v -0.281393 1.267600 0.183139
v -0.280031 1.250000 0.185013
v -0.281393 1.232400 0.183139
v -0.285385 1.216000 0.177643
v -0.291737 1.201917 0.168900
v -0.300015 1.191110 0.157507
v -0.309655 1.184317 0.144238
v -0.314561 1.315683 0.146738
v -0.309493 1.308890 0.162336
v -0.305141 1.298083 0.175730
v -0.301802 1.284000 0.186007
v -0.299703 1.267600 0.192468
v -0.298987 1.250000 0.194672
v -0.299703 1.232400 0.192468
v -0.301802 1.216000 0.186007
v -0.305141 1.201917 0.175730
v -0.309493 1.191110 0.162336
v -0.314561 1.184317 0.146738
v -0.320000 1.318000 0.130000
v -0.320000 1.315683 0.147600
v -0.320000 1.308890 0.164000
v -0.320000 1.298083 0.178083
v -0.320000 1.284000 0.188890
v -0.320000 1.267600 0.195683
v -0.320000 1.250000 0.198000
v -0.320000 1.232400 0.195683
v -0.320000 1.216000 0.188890
v -0.320000 1.201917 0.178083
v -0.320000 1.191110 0.164000
v -0.320000 1.184317 0.147600
v -0.325439 1.315683 0.146738
v -0.330507 1.308890 0.162336
v -0.334859 1.298083 0.175730
v -0.338198 1.284000 0.186007
v -0.340297 1.267600 0.192468
v -0.341013 1.250000 0.194672
v -0.340297 1.232400 0.192468
v -0.338198 1.216000 0.186007
v -0.334859 1.201917 0.175730
v -0.330507 1.191110 0.162336
v -0.325439 1.184317 0.146738
v -0.330345 1.315683 0.144238
v -0.339985 1.308890 0.157507
v -0.348263 1.298083 0.168900
v -0.354615 1.284000 0.177643
v -0.358608 1.267600 0.183139
v -0.359969 1.250000 0.185013
v -0.358608 1.232400 0.183139
v -0.354615 1.216000 0.177643
v -0.348263 1.201917 0.168900
v -0.339985 1.191110 0.157507
v -0.330345 1.184317 0.144238
v -0.334238 1.315683 0.140345
v -0.347507 1.308890 0.149985
v -0.358900 1.298083 0.158263
v -0.367643 1.284000 0.164615
v -0.373139 1.267600 0.168607
v -0.375013 1.250000 0.169969
v -0.373139 1.232400 0.168607
v -0.367643 1.216000 0.164615
v -0.358900 1.201917 0.158263
v -0.347507 1.191110 0.149985
v -0.334238 1.184317 0.140345
v -0.336738 1.315683 0.135439
v -0.352336 1.308890 0.140507
v -0.365730 1.298083 0.144859
v -0.376007 1.284000 0.148198
v -0.382468 1.267600 0.150297
v -0.384672 1.250000 0.151013
v -0.382468 1.232400 0.150297
v -0.376007 1.216000 0.148198
v -0.365730 1.201917 0.144859
v -0.352336 1.191110 0.140507
v -0.336738 1.184317 0.135439
v -0.337600 1.315683 0.130000
v -0.354000 1.308890 0.130000
v -0.368083 1.298083 0.130000
v -0.378890 1.284000 0.130000
v -0.385683 1.267600 0.130000
v -0.388000 1.250000 0.130000
v -0.385683 1.232400 0.130000
v -0.378890 1.216000 0.130000
v -0.368083 1.201917 0.130000
v -0.354000 1.191110 0.130000
v -0.337600 1.184317 0.130000
v -0.336738 1.315683 0.124561
v -0.352336 1.308890 0.119493
v -0.365730 1.298083 0.115141
v -0.376007 1.284000 0.111802
v -0.382468 1.267600 0.109703
v -0.384672 1.250000 0.108987
v -0.382468 1.232400 0.109703
v -0.376007 1.216000 0.111802
v -0.365730 1.201917 0.115141
v -0.352336 1.191110 0.119493
v -0.336738 1.184317 0.124561
v -0.334238 1.315683 0.119655
v -0.347507 1.308890 0.110015
v -0.358900 1.298083 0.101737
v -0.367643 1.284000 0.095385
v -0.373139 1.267600 0.091392
v -0.375013 1.250000 0.090031
v -0.373139 1.232400 0.091392
v -0.367643 1.216000 0.095385
v -0.358900 1.201917 0.101737
v -0.347507 1.191110 0.110015
v -0.334238 1.184317 0.119655
v -0.330345 1.315683 0.115762
v -0.339985 1.308890 0.102493
v -0.348263 1.298083 0.091100
v -0.354615 1.284000 0.082357
v -0.358608 1.267600 0.076861
v -0.359969 1.250000 0.074987
v -0.358608 1.232400 0.076861
v -0.354615 1.216000 0.082357
v -0.348263 1.201917 0.091100
v -0.339985 1.191110 0.102493
v -0.330345 1.184317 0.115762
v -0.325439 1.315683 0.113262
v -0.330507 1.308890 0.097664
v -0.334859 1.298083 0.084270
v -0.338198 1.284000 0.073993
v -0.340297 1.267600 0.067532
v -0.341013 1.250000 0.065328
v -0.340297 1.232400 0.067532
v -0.338198 1.216000 0.073993
v -0.334859 1.201917 0.084270
v -0.330507 1.191110 0.097664
v -0.325439 1.184317 0.113262
v -0.320000 1.298083 0.081917
v -0.320000 1.284000 0.071110
v -0.320000 1.216000 0.071110
v -0.320000 1.201917 0.081917
v -0.321083 1.299946 0.132059
v -0.421387 1.303931 0.322635
v -0.309595 1.298244 0.138016
v -0.406681 1.301752 0.330260
v -0.298815 1.293254 0.143426
v -0.392884 1.295366 0.337186
v -0.289480 1.285317 0.147922
v -0.380934 1.285206 0.342940
v -0.282224 1.274973 0.151197
v -0.371646 1.271965 0.347132
v -0.277542 1.262927 0.153027
v -0.365654 1.256546 0.349474
v -0.275754 1.250000 0.153287
v -0.363365 1.240000 0.349808
v -0.276981 1.237073 0.151961
v -0.364936 1.223454 0.348110
v -0.281140 1.225027 0.149138
v -0.370259 1.208035 0.344497
v -0.287947 1.214683 0.145011
v -0.378973 1.194794 0.339214
v -0.296939 1.206746 0.139861
v -0.390482 1.184634 0.332622
v -0.307502 1.201756 0.134039
v -0.404002 1.178248 0.325170
v -0.318917 1.200054 0.127941
v -0.418613 1.176069 0.317365
v -0.330405 1.201756 0.121984
v -0.433319 1.178248 0.309740
v -0.341185 1.206746 0.116574
v -0.447116 1.184634 0.302814
v -0.350520 1.214683 0.112078
v -0.459066 1.194794 0.297060
v -0.357776 1.225027 0.108803
v -0.468354 1.208035 0.292868
v -0.362458 1.237073 0.106973
v -0.474346 1.223454 0.290526
v -0.364246 1.250000 0.106713
v -0.476635 1.240000 0.290192
v -0.363019 1.262927 0.108039
v -0.475064 1.256546 0.291890
v -0.358860 1.274973 0.110862
v -0.469741 1.271965 0.295503
v -0.352053 1.285317 0.114989
v -0.461027 1.285206 0.300786
v -0.343061 1.293254 0.120139
v -0.449518 1.295366 0.307378
v -0.332498 1.298244 0.125961
v -0.435998 1.301752 0.314830
v -0.420975 1.284951 0.321853
v -0.486434 1.293422 0.446225
v -0.410635 1.283420 0.327214
v -0.472648 1.291379 0.453373
v -0.400934 1.278929 0.332084
v -0.459712 1.285392 0.459866
v -0.392532 1.271785 0.336130
v -0.448509 1.275867 0.465261
v -0.386001 1.262476 0.339077
v -0.439802 1.263454 0.469190
v -0.381788 1.251634 0.340724
v -0.434184 1.248999 0.471386
v -0.380179 1.240000 0.340959
v -0.432039 1.233487 0.471699
v -0.381283 1.228366 0.339765
v -0.433511 1.217974 0.470108
v -0.385026 1.217524 0.337224
v -0.438502 1.203519 0.466720
v -0.391153 1.208215 0.333510
v -0.446671 1.191106 0.461768
v -0.399245 1.201071 0.328875
v -0.457460 1.181581 0.455588
v -0.408752 1.196580 0.323635
v -0.470136 1.175594 0.448601
v -0.419025 1.195049 0.318147
v -0.483834 1.173552 0.441284
v -0.429365 1.196580 0.312786
v -0.497620 1.175594 0.434136
v -0.439066 1.201071 0.307916
v -0.510556 1.181581 0.427643
v -0.447468 1.208215 0.303870
v -0.521758 1.191106 0.422248
v -0.453999 1.217524 0.300923
v -0.530465 1.203519 0.418318
v -0.458212 1.228366 0.299276
v -0.536083 1.217974 0.416122
v -0.459821 1.240000 0.299041
v -0.538229 1.233487 0.415810
v -0.458717 1.251634 0.300235
v -0.536756 1.248999 0.417401
v -0.454974 1.262476 0.302776
v -0.531766 1.263454 0.420789
v -0.448847 1.271785 0.306490
v -0.523597 1.275867 0.425741
v -0.440755 1.278929 0.311125
v -0.512807 1.285392 0.431921
v -0.431248 1.283420 0.316365
v -0.500132 1.291379 0.438908
v -0.485134 1.286613 0.429519
v -0.485134 1.281118 0.416254
v -0.485134 1.247722 0.390628
v -0.485134 1.233487 0.388754
v -0.485134 1.219252 0.390628
v -0.485134 1.185855 0.416254
v -0.485134 1.180361 0.429519
v -0.480735 1.286613 0.430216
v -0.476636 1.281118 0.417600
v -0.473116 1.272377 0.406767
v -0.470415 1.260987 0.398454
v -0.468717 1.247722 0.393229
v -0.468138 1.233487 0.391446
v -0.468717 1.219252 0.393229
v -0.470415 1.205987 0.398454
v -0.473116 1.194596 0.406767
v -0.476636 1.185855 0.417600
v -0.480735 1.180361 0.430216
v -0.476767 1.286613 0.432238
v -0.468970 1.281118 0.421506
v -0.462274 1.272377 0.412291
v -0.457137 1.260987 0.405220
v -0.453907 1.247722 0.400775
v -0.452806 1.233487 0.399258
v -0.453907 1.219252 0.400775
v -0.457137 1.205987 0.405220
v -0.462274 1.194596 0.412291
v -0.468970 1.185855 0.421506
v -0.476767 1.180361 0.432238
v -0.485134 1.178487 0.443754
v -0.473617 1.286613 0.435387
v -0.462886 1.281118 0.427590
v -0.453671 1.272377 0.420895
v -0.446599 1.260987 0.415757
v -0.442154 1.247722 0.412528
v -0.440638 1.233487 0.411426
v -0.442154 1.219252 0.412528
v -0.446599 1.205987 0.415757
v -0.453671 1.194596 0.420895
v -0.462886 1.185855 0.427590
v -0.473617 1.180361 0.435387
v -0.471596 1.286613 0.439355
v -0.458980 1.281118 0.435256
v -0.448146 1.272377 0.431736
v -0.439834 1.260987 0.429035
v -0.434608 1.247722 0.427338
v -0.432826 1.233487 0.426758
v -0.434608 1.219252 0.427338
v -0.439834 1.205987 0.429035
v -0.448146 1.194596 0.431736
v -0.458980 1.185855 0.435256
v -0.471596 1.180361 0.439355
v -0.470899 1.286613 0.443754
v -0.457634 1.281118 0.443754
v -0.446243 1.272377 0.443754
v -0.437502 1.260987 0.443754
v -0.432008 1.247722 0.443754
v -0.430134 1.233487 0.443754
v -0.432008 1.219252 0.443754
v -0.437502 1.205987 0.443754
v -0.446243 1.194596 0.443754
v -0.457634 1.185855 0.443754
v -0.470899 1.180361 0.443754
v -0.471596 1.286613 0.448153
v -0.458980 1.281118 0.452252
v -0.448146 1.272377 0.455772
v -0.439834 1.260987 0.458473
v -0.434608 1.247722 0.460171
v -0.432826 1.233487 0.460750
v -0.434608 1.219252 0.460171
v -0.439834 1.205987 0.458473
v -0.448146 1.194596 0.455772
v -0.458980 1.185855 0.452252
v -0.471596 1.180361 0.448153
v -0.473617 1.286613 0.452122
v -0.462886 1.281118 0.459918
v -0.453671 1.272377 0.466614
v -0.446599 1.260987 0.471751
v -0.442154 1.247722 0.474981
v -0.440638 1.233487 0.476083
v -0.442154 1.219252 0.474981
v -0.446599 1.205987 0.471751
v -0.453671 1.194596 0.466614
v -0.462886 1.185855 0.459918
v -0.473617 1.180361 0.452122
v -0.476767 1.286613 0.455271
v -0.468970 1.281118 0.466002
v -0.462274 1.272377 0.475218
v -0.457137 1.260987 0.482289
v -0.453907 1.247722 0.486734
v -0.452806 1.233487 0.488250
v -0.453907 1.219252 0.486734
v -0.457137 1.205987 0.482289
v -0.462274 1.194596 0.475218
v -0.468970 1.185855 0.466002
v -0.476767 1.180361 0.455271
v -0.480735 1.286613 0.457293
v -0.476636 1.281118 0.469908
v -0.473116 1.272377 0.480742
v -0.470415 1.260987 0.489055
v -0.468717 1.247722 0.494280
v -0.468138 1.233487 0.496062
v -0.468717 1.219252 0.494280
v -0.470415 1.205987 0.489055
v -0.473116 1.194596 0.480742
v -0.476636 1.185855 0.469908
v -0.480735 1.180361 0.457293
v -0.485134 1.288487 0.443754
v -0.485134 1.286613 0.457989
v -0.485134 1.281118 0.471254
v -0.485134 1.272377 0.482645
v -0.485134 1.260987 0.491386
v -0.485134 1.247722 0.496880
v -0.485134 1.233487 0.498754
v -0.485134 1.219252 0.496880
v -0.485134 1.205987 0.491386
v -0.485134 1.194596 0.482645
v -0.485134 1.185855 0.471254
v -0.485134 1.180361 0.457989
v -0.489533 1.286613 0.457293
v -0.493632 1.281118 0.469908
v -0.497152 1.272377 0.480742
v -0.499853 1.260987 0.489055
v -0.501551 1.247722 0.494280
v -0.502130 1.233487 0.496062
v -0.501551 1.219252 0.494280
v -0.499853 1.205987 0.489055
v -0.497152 1.194596 0.480742
v -0.493632 1.185855 0.469908
v -0.489533 1.180361 0.457293
v -0.493501 1.286613 0.455271
v -0.501298 1.281118 0.466002
v -0.507993 1.272377 0.475218
v -0.513131 1.260987 0.482289
v -0.516361 1.247722 0.486734
v -0.517462 1.233487 0.488250
v -0.516361 1.219252 0.486734
v -0.513131 1.205987 0.482289
v -0.507993 1.194596 0.475218
v -0.501298 1.185855 0.466002
v -0.493501 1.180361 0.455271
v -0.496650 1.286613 0.452122
v -0.507382 1.281118 0.459918
v -0.516597 1.272377 0.466614
v -0.523669 1.260987 0.471751
v -0.528114 1.247722 0.474981
v -0.529630 1.233487 0.476083
v -0.528114 1.219252 0.474981
v -0.523669 1.205987 0.471751
v -0.516597 1.194596 0.466614
v -0.507382 1.185855 0.459918
v -0.496650 1.180361 0.452122
v -0.498672 1.286613 0.448153
v -0.511288 1.281118 0.452252
v -0.522121 1.272377 0.455772
v -0.530434 1.260987 0.458473
v -0.535660 1.247722 0.460171
v -0.537442 1.233487 0.460750
v -0.535660 1.219252 0.460171
v -0.530434 1.205987 0.458473
v -0.522121 1.194596 0.455772
v -0.511288 1.185855 0.452252
v -0.498672 1.180361 0.448153
v -0.499369 1.286613 0.443754
v -0.512634 1.281118 0.443754
v -0.524025 1.272377 0.443754
v -0.532765 1.260987 0.443754
v -0.538260 1.247722 0.443754
v -0.540134 1.233487 0.443754
v -0.538260 1.219252 0.443754
v -0.532765 1.205987 0.443754
v -0.524025 1.194596 0.443754
v -0.512634 1.185855 0.443754
v -0.499369 1.180361 0.443754
v -0.498672 1.286613 0.439355
v -0.511288 1.281118 0.435256
v -0.522121 1.272377 0.431736
v -0.530434 1.260987 0.429035
v -0.535660 1.247722 0.427338
v -0.537442 1.233487 0.426758
v -0.535660 1.219252 0.427338
v -0.530434 1.205987 0.429035
v -0.522121 1.194596 0.431736
v -0.511288 1.185855 0.435256
v -0.498672 1.180361 0.439355
v -0.496650 1.286613 0.435387
v -0.507382 1.281118 0.427590
v -0.516597 1.272377 0.420895
v -0.523669 1.260987 0.415757
v -0.528114 1.247722 0.412528
v -0.529630 1.233487 0.411426
v -0.528114 1.219252 0.412528
v -0.523669 1.205987 0.415757
v -0.516597 1.194596 0.420895
v -0.507382 1.185855 0.427590
v -0.496650 1.180361 0.435387
v -0.493501 1.286613 0.432238
v -0.501298 1.281118 0.421506
v -0.507993 1.272377 0.412291
v -0.513131 1.260987 0.405220
v -0.516361 1.247722 0.400775
v -0.517462 1.233487 0.399258
v -0.516361 1.219252 0.400775
v -0.513131 1.205987 0.405220
v -0.507993 1.194596 0.412291
v -0.501298 1.185855 0.421506
v -0.493501 1.180361 0.432238
v -0.489533 1.286613 0.430216
v -0.493632 1.281118 0.417600
v -0.497152 1.272377 0.406767
v -0.499853 1.260987 0.398454
v -0.501551 1.247722 0.393229
v -0.502130 1.233487 0.391446
v -0.501551 1.219252 0.393229
v -0.499853 1.205987 0.398454
v -0.497152 1.194596 0.406767
v -0.493632 1.185855 0.417600
v -0.489533 1.180361 0.430216
v -0.485134 1.272377 0.404863
v -0.485134 1.260987 0.396123
v -0.485134 1.205987 0.396123
v -0.485134 1.194596 0.404863
v -0.100000 0.981422 -0.027176
v -0.100000 0.970933 -0.052500
v -0.100000 0.907176 -0.101422
v -0.100000 0.880000 -0.105000
v -0.100000 0.852824 -0.101422
v -0.100000 0.789067 -0.052500
v -0.100000 0.778578 -0.027176
v -0.091602 0.981422 -0.025846
v -0.083777 0.970933 -0.049930
v -0.077057 0.954246 -0.070612
v -0.071900 0.932500 -0.086482
v -0.068659 0.907176 -0.096458
v -0.067553 0.880000 -0.099861
v -0.068659 0.852824 -0.096458
v -0.071900 0.827500 -0.086482
v -0.077057 0.805754 -0.070612
v -0.083777 0.789067 -0.049930
v -0.091602 0.778578 -0.025846
v -0.084026 0.981422 -0.021986
v -0.069141 0.970933 -0.042473
v -0.056359 0.954246 -0.060066
v -0.046551 0.932500 -0.073566
v -0.040386 0.907176 -0.082052
v -0.038283 0.880000 -0.084947
v -0.040386 0.852824 -0.082052
v -0.046551 0.827500 -0.073566
v -0.056359 0.805754 -0.060066
v -0.069141 0.789067 -0.042473
v -0.084026 0.778578 -0.021986
v -0.100000 0.775000 0.000000
v -0.078014 0.981422 -0.015974
v -0.057527 0.970933 -0.030859
v -0.039934 0.954246 -0.043641
v -0.026434 0.932500 -0.053449
v -0.017948 0.907176 -0.059614
v -0.015053 0.880000 -0.061717
v -0.017948 0.852824 -0.059614
v -0.026434 0.827500 -0.053449
v -0.039934 0.805754 -0.043641
v -0.057527 0.789067 -0.030859
v -0.078014 0.778578 -0.015974
v -0.074154 0.981422 -0.008398
v -0.050070 0.970933 -0.016223
v -0.029388 0.954246 -0.022943
v -0.013518 0.932500 -0.028100
v -0.003542 0.907176 -0.031341
v -0.000139 0.880000 -0.032447
v -0.003542 0.852824 -0.031341
v -0.013518 0.827500 -0.028100
v -0.029388 0.805754 -0.022943
v -0.050070 0.789067 -0.016223
v -0.074154 0.778578 -0.008398
v -0.072824 0.981422 0.000000
v -0.047500 0.970933 0.000000
v -0.025754 0.954246 0.000000
v -0.009067 0.932500 -0.000000
v 0.001422 0.907176 0.000000
v 0.005000 0.880000 0.000000
v 0.001422 0.852824 0.000000
v -0.009067 0.827500 -0.000000
v -0.025754 0.805754 0.000000
v -0.047500 0.789067 0.000000
v -0.072824 0.778578 0.000000
v -0.074154 0.981422 0.008398
v -0.050070 0.970933 0.016223
v -0.029388 0.954246 0.022943
v -0.013518 0.932500 0.028100
v -0.003542 0.907176 0.031341
v -0.000139 0.880000 0.032447
v -0.003542 0.852824 0.031341
v -0.013518 0.827500 0.028100
v -0.029388 0.805754 0.022943
v -0.050070 0.789067 0.016223
v -0.074154 0.778578 0.008398
v -0.078014 0.981422 0.015974
v -0.057527 0.970933 0.030859
v -0.039934 0.954246 0.043641
v -0.026434 0.932500 0.053449
v -0.017948 0.907176 0.059614
v -0.015053 0.880000 0.061717
v -0.017948 0.852824 0.059614
v -0.026434 0.827500 0.053449
v -0.039934 0.805754 0.043641
v -0.057527 0.789067 0.030859
v -0.078014 0.778578 0.015974
v -0.084026 0.981422 0.021986
v -0.069141 0.970933 0.042473
v -0.056359 0.954246 0.060066
v -0.046551 0.932500 0.073566
v -0.040386 0.907176 0.082052
v -0.038283 0.880000 0.084947
v -0.040386 0.852824 0.082052
v -0.046551 0.827500 0.073566
v -0.056359 0.805754 0.060066
v -0.069141 0.789067 0.042473
v -0.084026 0.778578 0.021986
v -0.091602 0.981422 0.025846
v -0.083777 0.970933 0.049930
v -0.077057 0.954246 0.070612
v -0.071900 0.932500 0.086482
v -0.068659 0.907176 0.096458
v -0.067553 0.880000 0.099861
v -0.068659 0.852824 0.096458
v -0.071900 0.827500 0.086482
v -0.077057 0.805754 0.070612
v -0.083777 0.789067 0.049930
v -0.091602 0.778578 0.025846
v -0.100000 0.985000 0.000000
v -0.100000 0.981422 0.027176
v -0.100000 0.970933 0.052500
v -0.100000 0.954246 0.074246
v -0.100000 0.932500 0.090933
v -0.100000 0.907176 0.101422
v -0.100000 0.880000 0.105000
v -0.100000 0.852824 0.101422
v -0.100000 0.827500 0.090933
v -0.100000 0.805754 0.074246
v -0.100000 0.789067 0.052500
v -0.100000 0.778578 0.027176
v -0.108398 0.981422 0.025846
v -0.116223 0.970933 0.049930
v -0.122943 0.954246 0.070612
v -0.128100 0.932500 0.086482
v -0.131341 0.907176 0.096458
v -0.132447 0.880000 0.099861
v -0.131341 0.852824 0.096458
v -0.128100 0.827500 0.086482
v -0.122943 0.805754 0.070612
v -0.116223 0.789067 0.049930
v -0.108398 0.778578 0.025846
v -0.115974 0.981422 0.021986
v -0.130859 0.970933 0.042473
v -0.143641 0.954246 0.060066
v -0.153449 0.932500 0.073566
v -0.159615 0.907176 0.082052
v -0.161717 0.880000 0.084947
v -0.159615 0.852824 0.082052
v -0.153449 0.827500 0.073566
v -0.143641 0.805754 0.060066
v -0.130859 0.789067 0.042473
v -0.115974 0.778578 0.021986
v -0.121986 0.981422 0.015974
v -0.142473 0.970933 0.030859
v -0.160066 0.954246 0.043641
v -0.173566 0.932500 0.053449
v -0.182052 0.907176 0.059615
v -0.184947 0.880000 0.061717
v -0.182052 0.852824 0.059615
v -0.173566 0.827500 0.053449
v -0.160066 0.805754 0.043641
v -0.142473 0.789067 0.030859
v -0.121986 0.778578 0.015974
v -0.125846 0.981422 0.008398
v -0.149930 0.970933 0.016223
v -0.170612 0.954246 0.022943
v -0.186482 0.932500 0.028100
v -0.196458 0.907176 0.031341
v -0.199861 0.880000 0.032447
v -0.196458 0.852824 0.031341
v -0.186482 0.827500 0.028100
v -0.170612 0.805754 0.022943
v -0.149930 0.789067 0.016223
v -0.125846 0.778578 0.008398
v -0.127176 0.981422 -0.000000
v -0.152500 0.970933 0.000000
v -0.174246 0.954246 0.000000
v -0.190933 0.932500 0.000000
v -0.201422 0.907176 -0.000000
v -0.205000 0.880000 0.000000
v -0.201422 0.852824 -0.000000
v -0.190933 0.827500 0.000000
v -0.174246 0.805754 0.000000
v -0.152500 0.789067 0.000000
v -0.127176 0.778578 -0.000000
v -0.125846 0.981422 -0.008398
v -0.149930 0.970933 -0.016223
v -0.170612 0.954246 -0.022943
v -0.186482 0.932500 -0.028100
v -0.196458 0.907176 -0.031341
v -0.199861 0.880000 -0.032447
v -0.196458 0.852824 -0.031341
v -0.186482 0.827500 -0.028100
v -0.170612 0.805754 -0.022943
v -0.149930 0.789067 -0.016223
v -0.125846 0.778578 -0.008398
v -0.121986 0.981422 -0.015974
v -0.142473 0.970933 -0.030859
v -0.160066 0.954246 -0.043641
v -0.173566 0.932500 -0.053449
v -0.182052 0.907176 -0.059615
v -0.184947 0.880000 -0.061717
v -0.182052 0.852824 -0.059615
v -0.173566 0.827500 -0.053449
v -0.160066 0.805754 -0.043641
v -0.142473 0.789067 -0.030859
v -0.121986 0.778578 -0.015974
v -0.115974 0.981422 -0.021986
v -0.130859 0.970933 -0.042473
v -0.143641 0.954246 -0.060066
v -0.153449 0.932500 -0.073566
v -0.159615 0.907176 -0.082052
v -0.161717 0.880000 -0.084947
v -0.159615 0.852824 -0.082052
v -0.153449 0.827500 -0.073566
v -0.143641 0.805754 -0.060066
v -0.130859 0.789067 -0.042473
v -0.115974 0.778578 -0.021986
v -0.108398 0.981422 -0.025846
v -0.116223 0.970933 -0.049930
v -0.122943 0.954246 -0.070612
v -0.128100 0.932500 -0.086482
v -0.131341 0.907176 -0.096458
v -0.132447 0.880000 -0.099861
v -0.131341 0.852824 -0.096458
v -0.128100 0.827500 -0.086482
v -0.122943 0.805754 -0.070612
v -0.116223 0.789067 -0.049930
v -0.108398 0.778578 -0.025846
v -0.100000 0.954246 -0.074246
v -0.100000 0.932500 -0.090933
v -0.100000 0.827500 -0.090933
v -0.100000 0.805754 -0.074246
v -0.100000 0.880000 -0.082000
v -0.100000 0.480000 -0.100000
v -0.121223 0.880000 -0.079206
v -0.125882 0.480000 -0.096593
v -0.141000 0.880000 -0.071014
v -0.150000 0.480000 -0.086603
v -0.157983 0.880000 -0.057983
v -0.170711 0.480000 -0.070711
v -0.171014 0.880000 -0.041000
v -0.186603 0.480000 -0.050000
v -0.179206 0.880000 -0.021223
v -0.196593 0.480000 -0.025882
v -0.182000 0.880000 -0.000000
v -0.200000 0.480000 0.000000
v -0.179206 0.880000 0.021223
v -0.196593 0.480000 0.025882
v -0.171014 0.880000 0.041000
v -0.186603 0.480000 0.050000
v -0.157983 0.880000 0.057983
v -0.170711 0.480000 0.070711
v -0.141000 0.880000 0.071014
v -0.150000 0.480000 0.086603
v -0.121223 0.880000 0.079206
v -0.125882 0.480000 0.096593
v -0.100000 0.880000 0.082000
v -0.100000 0.480000 0.100000
v -0.078777 0.880000 0.079206
v -0.074118 0.480000 0.096593
v -0.059000 0.880000 0.071014
v -0.050000 0.480000 0.086603
v -0.042017 0.880000 0.057983
v -0.029289 0.480000 0.070711
v -0.028986 0.880000 0.041000
v -0.013397 0.480000 0.050000
v -0.020794 0.880000 0.021223
v -0.003407 0.480000 0.025882
v -0.018000 0.880000 -0.000000
v 0.000000 0.480000 0.000000
v -0.020794 0.880000 -0.021223
v -0.003407 0.480000 -0.025882
v -0.028986 0.880000 -0.041000
v -0.013397 0.480000 -0.050000
v -0.042017 0.880000 -0.057983
v -0.029289 0.480000 -0.070711
v -0.059000 0.880000 -0.071014
v -0.050000 0.480000 -0.086603
v -0.078777 0.880000 -0.079206
v -0.074118 0.480000 -0.096593
v -0.100000 0.562104 -0.022000
v -0.100000 0.553612 -0.042500
v -0.100000 0.502000 -0.082104
v -0.100000 0.480000 -0.085000
v -0.100000 0.458000 -0.082104
v -0.100000 0.406388 -0.042500
v -0.100000 0.397896 -0.022000
v -0.093202 0.562104 -0.020923
v -0.086867 0.553612 -0.040420
v -0.081427 0.540104 -0.057162
v -0.077253 0.522500 -0.070009
v -0.074629 0.502000 -0.078085
v -0.073734 0.480000 -0.080840
v -0.074629 0.458000 -0.078085
v -0.077253 0.437500 -0.070009
v -0.081427 0.419896 -0.057162
v -0.086867 0.406388 -0.040420
v -0.093202 0.397896 -0.020923
v -0.087069 0.562104 -0.017798
v -0.075019 0.553612 -0.034383
v -0.064672 0.540104 -0.048625
v -0.056732 0.522500 -0.059553
v -0.051741 0.502000 -0.066423
v -0.050038 0.480000 -0.068766
v -0.051741 0.458000 -0.066423
v -0.056732 0.437500 -0.059553
v -0.064672 0.419896 -0.048625
v -0.075019 0.406388 -0.034383
v -0.087069 0.397896 -0.017798
v -0.100000 0.395000 0.000000
v -0.082202 0.562104 -0.012931
v -0.065617 0.553612 -0.024981
v -0.051375 0.540104 -0.035328
v -0.040447 0.522500 -0.043268
v -0.033577 0.502000 -0.048259
v -0.031234 0.480000 -0.049962
v -0.033577 0.458000 -0.048259
v -0.040447 0.437500 -0.043268
v -0.051375 0.419896 -0.035328
v -0.065617 0.406388 -0.024981
v -0.082202 0.397896 -0.012931
v -0.079077 0.562104 -0.006798
v -0.059580 0.553612 -0.013133
v -0.042838 0.540104 -0.018573
v -0.029991 0.522500 -0.022747
v -0.021915 0.502000 -0.025371
v -0.019160 0.480000 -0.026266
v -0.021915 0.458000 -0.025371
v -0.029991 0.437500 -0.022747
v -0.042838 0.419896 -0.018573
v -0.059580 0.406388 -0.013133
v -0.079077 0.397896 -0.006798
v -0.078000 0.562104 0.000000
v -0.057500 0.553612 0.000000
v -0.039896 0.540104 0.000000
v -0.026388 0.522500 -0.000000
v -0.017896 0.502000 0.000000
v -0.015000 0.480000 0.000000
v -0.017896 0.458000 0.000000
v -0.026388 0.437500 -0.000000
v -0.039896 0.419896 0.000000
v -0.057500 0.406388 0.000000
v -0.078000 0.397896 0.000000
v -0.079077 0.562104 0.006798
v -0.059580 0.553612 0.013133
v -0.042838 0.540104 0.018573
v -0.029991 0.522500 0.022747
v -0.021915 0.502000 0.025371
v -0.019160 0.480000 0.026266
v -0.021915 0.458000 0.025371
v -0.029991 0.437500 0.022747
v -0.042838 0.419896 0.018573
v -0.059580 0.406388 0.013133
v -0.079077 0.397896 0.006798
v -0.082202 0.562104 0.012931
v -0.065617 0.553612 0.024981
v -0.051375 0.540104 0.035328
v -0.040447 0.522500 0.043268
v -0.033577 0.502000 0.048259
v -0.031234 0.480000 0.049962
v -0.033577 0.458000 0.048259
v -0.040447 0.437500 0.043268
v -0.051375 0.419896 0.035328
v -0.065617 0.406388 0.024981
v -0.082202 0.397896 0.012931
v -0.087069 0.562104 0.017798
v -0.075019 0.553612 0.034383
v -0.064672 0.540104 0.048625
v -0.056732 0.522500 0.059554
v -0.051741 0.502000 0.066423
v -0.050038 0.480000 0.068766
v -0.051741 0.458000 0.066423
v -0.056732 0.437500 0.059554
v -0.064672 0.419896 0.048625
v -0.075019 0.406388 0.034383
v -0.087069 0.397896 0.017798
v -0.093202 0.562104 0.020923
v -0.086867 0.553612 0.040420
v -0.081427 0.540104 0.057162
v -0.077253 0.522500 0.070009
v -0.074629 0.502000 0.078085
v -0.073734 0.480000 0.080840
v -0.074629 0.458000 0.078085
v -0.077253 0.437500 0.070009
v -0.081427 0.419896 0.057162
v -0.086867 0.406388 0.040420
v -0.093202 0.397896 0.020923
v -0.100000 0.565000 0.000000
v -0.100000 0.562104 0.022000
v -0.100000 0.553612 0.042500
v -0.100000 0.540104 0.060104
v -0.100000 0.522500 0.073612
v -0.100000 0.502000 0.082104
v -0.100000 0.480000 0.085000
v -0.100000 0.458000 0.082104
v -0.100000 0.437500 0.073612
v -0.100000 0.419896 0.060104
v -0.100000 0.406388 0.042500
v -0.100000 0.397896 0.022000
v -0.106798 0.562104 0.020923
v -0.113133 0.553612 0.040420
v -0.118573 0.540104 0.057162
v -0.122747 0.522500 0.070009
v -0.125371 0.502000 0.078085
v -0.126266 0.480000 0.080840
v -0.125371 0.458000 0.078085
v -0.122747 0.437500 0.070009
v -0.118573 0.419896 0.057162
v -0.113133 0.406388 0.040420
v -0.106798 0.397896 0.020923
v -0.112931 0.562104 0.017798
v -0.124981 0.553612 0.034383
v -0.135328 0.540104 0.048625
v -0.143268 0.522500 0.059554
v -0.148259 0.502000 0.066423
v -0.149962 0.480000 0.068766
v -0.148259 0.458000 0.066423
v -0.143268 0.437500 0.059554
v -0.135328 0.419896 0.048625
v -0.124981 0.406388 0.034383
v -0.112931 0.397896 0.017798
v -0.117798 0.562104 0.012931
v -0.134383 0.553612 0.024981
v -0.148625 0.540104 0.035328
v -0.159554 0.522500 0.043268
v -0.166423 0.502000 0.048259
v -0.168766 0.480000 0.049962
v -0.166423 0.458000 0.048259
v -0.159554 0.437500 0.043268
v -0.148625 0.419896 0.035328
v -0.134383 0.406388 0.024981
v -0.117798 0.397896 0.012931
v -0.120923 0.562104 0.006798
v -0.140420 0.553612 0.013133
v -0.157162 0.540104 0.018573
v -0.170009 0.522500 0.022747
v -0.178085 0.502000 0.025371
v -0.180840 0.480000 0.026266
v -0.178085 0.458000 0.025371
v -0.170009 0.437500 0.022747
v -0.157162 0.419896 0.018573
v -0.140420 0.406388 0.013133
v -0.120923 0.397896 0.006798
v -0.122000 0.562104 -0.000000
v -0.142500 0.553612 0.000000
v -0.160104 0.540104 0.000000
v -0.173612 0.522500 0.000000
v -0.182104 0.502000 -0.000000
v -0.185000 0.480000 0.000000
v -0.182104 0.458000 -0.000000
v -0.173612 0.437500 0.000000
v -0.160104 0.419896 0.000000
v -0.142500 0.406388 0.000000
v -0.122000 0.397896 -0.000000
v -0.120923 0.562104 -0.006798
v -0.140420 0.553612 -0.013133
v -0.157162 0.540104 -0.018573
v -0.170009 0.522500 -0.022747
v -0.178085 0.502000 -0.025371
v -0.180840 0.480000 -0.026266
v -0.178085 0.458000 -0.025371
v -0.170009 0.437500 -0.022747
v -0.157162 0.419896 -0.018573
v -0.140420 0.406388 -0.013133
v -0.120923 0.397896 -0.006798
v -0.117798 0.562104 -0.012931
v -0.134383 0.553612 -0.024981
v -0.148625 0.540104 -0.035328
v -0.159554 0.522500 -0.043268
v -0.166423 0.502000 -0.048259
v -0.168766 0.480000 -0.049962
v -0.166423 0.458000 -0.048259
v -0.159554 0.437500 -0.043268
v -0.148625 0.419896 -0.035328
v -0.134383 0.406388 -0.024981
v -0.117798 0.397896 -0.012931
v -0.112931 0.562104 -0.017798
v -0.124981 0.553612 -0.034383
v -0.135328 0.540104 -0.048625
v -0.143268 0.522500 -0.059554
v -0.148259 0.502000 -0.066423
v -0.149962 0.480000 -0.068766
v -0.148259 0.458000 -0.066423
v -0.143268 0.437500 -0.059554
v -0.135328 0.419896 -0.048625
v -0.124981 0.406388 -0.034383
v -0.112931 0.397896 -0.017798
v -0.106798 0.562104 -0.020923
v -0.113133 0.553612 -0.040420
v -0.118573 0.540104 -0.057162
v -0.122747 0.522500 -0.070009
v -0.125371 0.502000 -0.078085
v -0.126266 0.480000 -0.080840
v -0.125371 0.458000 -0.078085
v -0.122747 0.437500 -0.070009
v -0.118573 0.419896 -0.057162
v -0.113133 0.406388 -0.040420
v -0.106798 0.397896 -0.020923
v -0.100000 0.540104 -0.060104
v -0.100000 0.522500 -0.073612
v -0.100000 0.437500 -0.073612
v -0.100000 0.419896 -0.060104
v -0.100000 0.480000 -0.060000
v -0.100000 0.080000 -0.080000
v -0.115529 0.480000 -0.057956
v -0.120706 0.080000 -0.077274
v -0.130000 0.480000 -0.051962
v -0.140000 0.080000 -0.069282
v -0.142426 0.480000 -0.042426
v -0.156569 0.080000 -0.056569
v -0.151962 0.480000 -0.030000
v -0.169282 0.080000 -0.040000
v -0.157956 0.480000 -0.015529
v -0.177274 0.080000 -0.020706
v -0.160000 0.480000 -0.000000
v -0.180000 0.080000 0.000000
v -0.157956 0.480000 0.015529
v -0.177274 0.080000 0.020706
v -0.151962 0.480000 0.030000
v -0.169282 0.080000 0.040000
v -0.142426 0.480000 0.042426
v -0.156569 0.080000 0.056569
v -0.130000 0.480000 0.051962
v -0.140000 0.080000 0.069282
v -0.115529 0.480000 0.057956
v -0.120706 0.080000 0.077274
v -0.100000 0.480000 0.060000
v -0.100000 0.080000 0.080000
v -0.084471 0.480000 0.057956
v -0.079294 0.080000 0.077274
v -0.070000 0.480000 0.051962
v -0.060000 0.080000 0.069282
v -0.057574 0.480000 0.042426
v -0.043431 0.080000 0.056569
v -0.048038 0.480000 0.030000
v -0.030718 0.080000 0.040000
v -0.042044 0.480000 0.015529
v -0.022726 0.080000 0.020706
v -0.040000 0.480000 -0.000000
v -0.020000 0.080000 0.000000
v -0.042044 0.480000 -0.015529
v -0.022726 0.080000 -0.020705
v -0.048038 0.480000 -0.030000
v -0.030718 0.080000 -0.040000
v -0.057574 0.480000 -0.042426
v -0.043431 0.080000 -0.056569
v -0.070000 0.480000 -0.051962
v -0.060000 0.080000 -0.069282
v -0.084471 0.480000 -0.057956
v -0.079294 0.080000 -0.077274
v -0.100000 0.139887 -0.016047
v -0.100000 0.133694 -0.031000
v -0.100000 0.096047 -0.059887
v -0.100000 0.080000 -0.062000
v -0.100000 0.063953 -0.059887
v -0.100000 0.026307 -0.031000
v -0.100000 0.020113 -0.016047
v -0.095041 0.139887 -0.015261
v -0.090420 0.133694 -0.029483
v -0.086453 0.123841 -0.041695
v -0.083408 0.111000 -0.051066
v -0.081494 0.096047 -0.056956
v -0.080841 0.080000 -0.058966
v -0.081494 0.063953 -0.056956
v -0.083408 0.049000 -0.051066
v -0.086453 0.036159 -0.041695
v -0.090420 0.026307 -0.029483
v -0.095041 0.020113 -0.015261
v -0.090568 0.139887 -0.012982
v -0.081779 0.133694 -0.025080
v -0.074231 0.123841 -0.035468
v -0.068440 0.111000 -0.043439
v -0.064799 0.096047 -0.048450
v -0.063557 0.080000 -0.050159
v -0.064799 0.063953 -0.048450
v -0.068440 0.049000 -0.043439
v -0.074231 0.036159 -0.035468
v -0.081779 0.026307 -0.025080
v -0.090568 0.020113 -0.012982
v -0.100000 0.018000 0.000000
v -0.087018 0.139887 -0.009432
v -0.074920 0.133694 -0.018221
v -0.064532 0.123841 -0.025769
v -0.056561 0.111000 -0.031560
v -0.051550 0.096047 -0.035201
v -0.049841 0.080000 -0.036443
v -0.051550 0.063953 -0.035201
v -0.056561 0.049000 -0.031560
v -0.064532 0.036159 -0.025769
v -0.074920 0.026307 -0.018221
v -0.087018 0.020113 -0.009432
v -0.084739 0.139887 -0.004959
v -0.070517 0.133694 -0.009580
v -0.058305 0.123841 -0.013547
v -0.048934 0.111000 -0.016592
v -0.043044 0.096047 -0.018506
v -0.041034 0.080000 -0.019159
v -0.043044 0.063953 -0.018506
v -0.048934 0.049000 -0.016592
v -0.058305 0.036159 -0.013547
v -0.070517 0.026307 -0.009580
v -0.084739 0.020113 -0.004959
v -0.083953 0.139887 0.000000
v -0.069000 0.133694 0.000000
v -0.056159 0.123841 0.000000
v -0.046306 0.111000 -0.000000
v -0.040113 0.096047 0.000000
v -0.038000 0.080000 0.000000
v -0.040113 0.063953 0.000000
v -0.046306 0.049000 -0.000000
v -0.056159 0.036159 0.000000
v -0.069000 0.026307 0.000000
v -0.083953 0.020113 0.000000
v -0.084739 0.139887 0.004959
v -0.070517 0.133694 0.009580
v -0.058305 0.123841 0.013547
v -0.048934 0.111000 0.016592
v -0.043044 0.096047 0.018506
v -0.041034 0.080000 0.019159
v -0.043044 0.063953 0.018506
v -0.048934 0.049000 0.016592
v -0.058305 0.036159 0.013547
v -0.070517 0.026307 0.009580
v -0.084739 0.020113 0.004959
v -0.087018 0.139887 0.009432
v -0.074920 0.133694 0.018221
v -0.064532 0.123841 0.025769
v -0.056561 0.111000 0.031560
v -0.051550 0.096047 0.035201
v -0.049841 0.080000 0.036443
v -0.051550 0.063953 0.035201
v -0.056561 0.049000 0.031560
v -0.064532 0.036159 0.025769
v -0.074920 0.026307 0.018221
v -0.087018 0.020113 0.009432
v -0.090568 0.139887 0.012982
v -0.081779 0.133694 0.025080
v -0.074231 0.123841 0.035468
v -0.068440 0.111000 0.043439
v -0.064799 0.096047 0.048450
v -0.063557 0.080000 0.050159
v -0.064799 0.063953 0.048450
v -0.068440 0.049000 0.043439
v -0.074231 0.036159 0.035468
v -0.081779 0.026307 0.025080
v -0.090568 0.020113 0.012982
v -0.095041 0.139887 0.015261
v -0.090420 0.133694 0.029483
v -0.086452 0.123841 0.041695
v -0.083408 0.111000 0.051066
v -0.081494 0.096047 0.056956
v -0.080841 0.080000 0.058966
v -0.081494 0.063953 0.056956
v -0.083408 0.049000 0.051066
v -0.086452 0.036159 0.041695
v -0.090420 0.026307 0.029483
v -0.095041 0.020113 0.015261
v -0.100000 0.142000 0.000000
v -0.100000 0.139887 0.016047
v -0.100000 0.133694 0.031000
v -0.100000 0.123841 0.043841
v -0.100000 0.111000 0.053694
v -0.100000 0.096047 0.059887
v -0.100000 0.080000 0.062000
v -0.100000 0.063953 0.059887
v -0.100000 0.049000 0.053694
v -0.100000 0.036159 0.043841
v -0.100000 0.026307 0.031000
v -0.100000 0.020113 0.016047
v -0.104959 0.139887 0.015261
v -0.109580 0.133694 0.029483
v -0.113547 0.123841 0.041695
v -0.116592 0.111000 0.051066
v -0.118506 0.096047 0.056956
v -0.119159 0.080000 0.058966
v -0.118506 0.063953 0.056956
v -0.116592 0.049000 0.051066
v -0.113547 0.036159 0.041695
v -0.109580 0.026307 0.029483
v -0.104959 0.020113 0.015261
v -0.109432 0.139887 0.012982
v -0.118221 0.133694 0.025080
v -0.125769 0.123841 0.035468
v -0.131560 0.111000 0.043439
v -0.135201 0.096047 0.048450
v -0.136443 0.080000 0.050159
v -0.135201 0.063953 0.048450
v -0.131560 0.049000 0.043439
v -0.125769 0.036159 0.035468
v -0.118221 0.026307 0.025080
v -0.109432 0.020113 0.012982
v -0.112982 0.139887 0.009432
v -0.125080 0.133694 0.018221
v -0.135468 0.123841 0.025769
v -0.143439 0.111000 0.031560
v -0.148450 0.096047 0.035201
v -0.150159 0.080000 0.036443
v -0.148450 0.063953 0.035201
v -0.143439 0.049000 0.031560
v -0.135468 0.036159 0.025769
v -0.125080 0.026307 0.018221
v -0.112982 0.020113 0.009432
v -0.115261 0.139887 0.004959
v -0.129483 0.133694 0.009580
v -0.141695 0.123841 0.013548
v -0.151066 0.111000 0.016592
v -0.156956 0.096047 0.018506
v -0.158966 0.080000 0.019159
v -0.156956 0.063953 0.018506
v -0.151066 0.049000 0.016592
v -0.141695 0.036159 0.013548
v -0.129483 0.026307 0.009580
v -0.115261 0.020113 0.004959
v -0.116047 0.139887 -0.000000
v -0.131000 0.133694 0.000000
v -0.143841 0.123841 0.000000
v -0.153694 0.111000 0.000000
v -0.159887 0.096047 -0.000000
v -0.162000 0.080000 0.000000
v -0.159887 0.063953 -0.000000
v -0.153694 0.049000 0.000000
v -0.143841 0.036159 0.000000
v -0.131000 0.026307 0.000000
v -0.116047 0.020113 -0.000000
v -0.115261 0.139887 -0.004959
v -0.129483 0.133694 -0.009580
v -0.141695 0.123841 -0.013548
v -0.151066 0.111000 -0.016592
v -0.156956 0.096047 -0.018506
v -0.158966 0.080000 -0.019159
v -0.156956 0.063953 -0.018506
v -0.151066 0.049000 -0.016592
v -0.141695 0.036159 -0.013548
v -0.129483 0.026307 -0.009580
v -0.115261 0.020113 -0.004959
v -0.112982 0.139887 -0.009432
v -0.125080 0.133694 -0.018221
v -0.135468 0.123841 -0.025769
v -0.143439 0.111000 -0.031560
v -0.148450 0.096047 -0.035201
v -0.150159 0.080000 -0.036443
v -0.148450 0.063953 -0.035201
v -0.143439 0.049000 -0.031560
v -0.135468 0.036159 -0.025769
v -0.125080 0.026307 -0.018221
v -0.112982 0.020113 -0.009432
v -0.109432 0.139887 -0.012982
v -0.118221 0.133694 -0.025080
v -0.125769 0.123841 -0.035468
v -0.131560 0.111000 -0.043439
v -0.135201 0.096047 -0.048450
v -0.136443 0.080000 -0.050159
v -0.135201 0.063953 -0.048450
v -0.131560 0.049000 -0.043439
v -0.125769 0.036159 -0.035468
v -0.118221 0.026307 -0.025080
v -0.109432 0.020113 -0.012982
v -0.104959 0.139887 -0.015261
v -0.109580 0.133694 -0.029483
v -0.113548 0.123841 -0.041695
v -0.116592 0.111000 -0.051066
v -0.118506 0.096047 -0.056956
v -0.119159 0.080000 -0.058966
v -0.118506 0.063953 -0.056956
v -0.116592 0.049000 -0.051066
v -0.113548 0.036159 -0.041695
v -0.109580 0.026307 -0.029483
v -0.104959 0.020113 -0.015261
v -0.100000 0.123841 -0.043841
v -0.100000 0.111000 -0.053694
v -0.100000 0.049000 -0.053694
v -0.100000 0.036159 -0.043841
v -0.100000 0.108126 0.103765
v -0.100000 0.102631 0.070000
v -0.100000 0.069235 0.004770
v -0.100000 0.055000 0.000000
v -0.100000 0.040765 0.004770
v -0.100000 0.007369 0.070000
v -0.100000 0.001874 0.103765
v -0.094002 0.108126 0.105539
v -0.088412 0.102631 0.073426
v -0.083612 0.093891 0.045850
v -0.079929 0.082500 0.024691
v -0.077613 0.069235 0.011389
v -0.076824 0.055000 0.006852
v -0.077613 0.040765 0.011389
v -0.079929 0.027500 0.024691
v -0.083612 0.016109 0.045850
v -0.088412 0.007369 0.073426
v -0.094002 0.001874 0.105539
v -0.088590 0.108126 0.110686
v -0.077958 0.102631 0.083369
v -0.068828 0.093891 0.059911
v -0.061822 0.082500 0.041912
v -0.057418 0.069235 0.030597
v -0.055916 0.055000 0.026738
v -0.057418 0.040765 0.030597
v -0.061822 0.027500 0.041912
v -0.068828 0.016109 0.059911
v -0.077958 0.007369 0.083369
v -0.088590 0.001874 0.110686
v -0.100000 0.000000 0.140000
v -0.084296 0.108126 0.118702
v -0.069662 0.102631 0.098855
v -0.057095 0.093891 0.081812
v -0.047453 0.082500 0.068735
v -0.041391 0.069235 0.060514
v -0.039324 0.055000 0.057710
v -0.041391 0.040765 0.060514
v -0.047453 0.027500 0.068735
v -0.057095 0.016109 0.081812
v -0.069662 0.007369 0.098855
v -0.084296 0.001874 0.118702
v -0.081539 0.108126 0.128803
v -0.064335 0.102631 0.118369
v -0.049563 0.093891 0.109409
v -0.038227 0.082500 0.102534
v -0.031101 0.069235 0.098212
v -0.028671 0.055000 0.096738
v -0.031101 0.040765 0.098212
v -0.038227 0.027500 0.102534
v -0.049563 0.016109 0.109409
v -0.064335 0.007369 0.118369
v -0.081539 0.001874 0.128803
v -0.080589 0.108126 0.140000
v -0.062500 0.102631 0.140000
v -0.046967 0.093891 0.140000
v -0.035048 0.082500 0.140000
v -0.027556 0.069235 0.140000
v -0.025000 0.055000 0.140000
v -0.027556 0.040765 0.140000
v -0.035048 0.027500 0.140000
v -0.046967 0.016109 0.140000
v -0.062500 0.007369 0.140000
v -0.080589 0.001874 0.140000
v -0.081539 0.108126 0.151197
v -0.064335 0.102631 0.161631
v -0.049563 0.093891 0.170591
v -0.038227 0.082500 0.177466
v -0.031101 0.069235 0.181788
v -0.028671 0.055000 0.183262
v -0.031101 0.040765 0.181788
v -0.038227 0.027500 0.177466
v -0.049563 0.016109 0.170591
v -0.064335 0.007369 0.161631
v -0.081539 0.001874 0.151197
v -0.084296 0.108126 0.161298
v -0.069662 0.102631 0.181145
v -0.057095 0.093891 0.198188
v -0.047453 0.082500 0.211265
v -0.041391 0.069235 0.219486
v -0.039324 0.055000 0.222290
v -0.041391 0.040765 0.219486
v -0.047453 0.027500 0.211265
v -0.057095 0.016109 0.198188
v -0.069662 0.007369 0.181145
v -0.084296 0.001874 0.161298
v -0.088590 0.108126 0.169314
v -0.077958 0.102631 0.196631
v -0.068828 0.093891 0.220089
v -0.061822 0.082500 0.238088
v -0.057418 0.069235 0.249403
v -0.055916 0.055000 0.253262
v -0.057418 0.040765 0.249403
v -0.061822 0.027500 0.238088
v -0.068828 0.016109 0.220089
v -0.077958 0.007369 0.196631
v -0.088590 0.001874 0.169314
v -0.094002 0.108126 0.174461
v -0.088412 0.102631 0.206574
v -0.083612 0.093891 0.234150
v -0.079929 0.082500 0.255310
v -0.077613 0.069235 0.268611
v -0.076824 0.055000 0.273148
v -0.077613 0.040765 0.268611
v -0.079929 0.027500 0.255310
v -0.083612 0.016109 0.234150
v -0.088412 0.007369 0.206574
v -0.094002 0.001874 0.174461
v -0.100000 0.110000 0.140000
v -0.100000 0.108126 0.176235
v -0.100000 0.102631 0.210000
v -0.100000 0.093891 0.238995
v -0.100000 0.082500 0.261244
v -0.100000 0.069235 0.275230
v -0.100000 0.055000 0.280000
v -0.100000 0.040765 0.275230
v -0.100000 0.027500 0.261244
v -0.100000 0.016109 0.238995
v -0.100000 0.007369 0.210000
v -0.100000 0.001874 0.176235
v -0.105998 0.108126 0.174461
v -0.111588 0.102631 0.206574
v -0.116388 0.093891 0.234150
v -0.120071 0.082500 0.255310
v -0.122387 0.069235 0.268611
v -0.123176 0.055000 0.273148
v -0.122387 0.040765 0.268611
v -0.120071 0.027500 0.255310
v -0.116388 0.016109 0.234150
v -0.111588 0.007369 0.206574
v -0.105998 0.001874 0.174461
v -0.111410 0.108126 0.169314
v -0.122042 0.102631 0.196631
v -0.131172 0.093891 0.220089
v -0.138178 0.082500 0.238088
v -0.142582 0.069235 0.249403
v -0.144084 0.055000 0.253262
v -0.142582 0.040765 0.249403
v -0.138178 0.027500 0.238088
v -0.131172 0.016109 0.220089
v -0.122042 0.007369 0.196631
v -0.111410 0.001874 0.169314
v -0.115704 0.108126 0.161298
v -0.130338 0.102631 0.181145
v -0.142905 0.093891 0.198188
v -0.152547 0.082500 0.211265
v -0.158609 0.069235 0.219486
v -0.160676 0.055000 0.222290
v -0.158609 0.040765 0.219486
v -0.152547 0.027500 0.211265
v -0.142905 0.016109 0.198188
v -0.130338 0.007369 0.181145
v -0.115704 0.001874 0.161298
v -0.118461 0.108126 0.151197
v -0.135665 0.102631 0.161631
v -0.150437 0.093891 0.170591
v -0.161773 0.082500 0.177466
v -0.168899 0.069235 0.181788
v -0.171329 0.055000 0.183262
v -0.168899 0.040765 0.181788
v -0.161773 0.027500 0.177466
v -0.150437 0.016109 0.170591
v -0.135665 0.007369 0.161631
v -0.118461 0.001874 0.151197
v -0.119411 0.108126 0.140000
v -0.137500 0.102631 0.140000
v -0.153033 0.093891 0.140000
v -0.164952 0.082500 0.140000
v -0.172444 0.069235 0.140000
v -0.175000 0.055000 0.140000
v -0.172444 0.040765 0.140000
v -0.164952 0.027500 0.140000
v -0.153033 0.016109 0.140000
v -0.137500 0.007369 0.140000
v -0.119411 0.001874 0.140000
v -0.118461 0.108126 0.128803
v -0.135665 0.102631 0.118369
v -0.150437 0.093891 0.109409
v -0.161773 0.082500 0.102534
v -0.168899 0.069235 0.098212
v -0.171329 0.055000 0.096738
v -0.168899 0.040765 0.098212
v -0.161773 0.027500 0.102534
v -0.150437 0.016109 0.109409
v -0.135665 0.007369 0.118369
v -0.118461 0.001874 0.128803
v -0.115704 0.108126 0.118702
v -0.130338 0.102631 0.098855
v -0.142905 0.093891 0.081812
v -0.152547 0.082500 0.068735
v -0.158609 0.069235 0.060514
v -0.160676 0.055000 0.057710
v -0.158609 0.040765 0.060514
v -0.152547 0.027500 0.068735
v -0.142905 0.016109 0.081812
v -0.130338 0.007369 0.098855
v -0.115704 0.001874 0.118702
v -0.111410 0.108126 0.110686
v -0.122042 0.102631 0.083369
v -0.131172 0.093891 0.059911
v -0.138178 0.082500 0.041912
v -0.142582 0.069235 0.030597
v -0.144084 0.055000 0.026738
v -0.142582 0.040765 0.030597
v -0.138178 0.027500 0.041912
v -0.131172 0.016109 0.059911
v -0.122042 0.007369 0.083369
v -0.111410 0.001874 0.110686
v -0.105998 0.108126 0.105539
v -0.111588 0.102631 0.073426
v -0.116388 0.093891 0.045850
v -0.120071 0.082500 0.024690
v -0.122387 0.069235 0.011389
v -0.123176 0.055000 0.006852
v -0.122387 0.040765 0.011389
v -0.120071 0.027500 0.024690
v -0.116388 0.016109 0.045850
v -0.111588 0.007369 0.073426
v -0.105998 0.001874 0.105539
v -0.100000 0.093891 0.041005
v -0.100000 0.082500 0.018756
v -0.100000 0.027500 0.018756
v -0.100000 0.016109 0.041005
s 1
f 4 14 5
f 220 10 11
f 6 18 7
f 1 108 8
f 5 15 221
f 3 11 12
f 30 7 18
f 2 8 9
f 221 16 222
f 4 12 13
f 219 9 10
f 222 17 6
f 30 18 29
f 9 19 20
f 15 27 16
f 13 23 24
f 10 20 21
f 16 28 17
f 13 25 14
f 11 21 22
f 17 29 18
f 8 108 19
f 14 26 15
f 12 22 23
f 22 33 34
f 28 41 29
f 19 108 31
f 25 38 26
f 23 34 35
f 30 29 41
f 20 31 32
f 26 39 27
f 24 35 36
f 21 32 33
f 27 40 28
f 24 37 25
f 33 43 44
f 39 51 40
f 36 48 37
f 34 44 45
f 40 52 41
f 31 108 42
f 37 49 38
f 35 45 46
f 30 41 52
f 32 42 43
f 38 50 39
f 36 46 47
f 46 56 57
f 30 52 63
f 43 53 54
f 49 61 50
f 47 57 58
f 44 54 55
f 50 62 51
f 47 59 48
f 45 55 56
f 51 63 52
f 42 108 53
f 48 60 49
f 55 67 56
f 63 73 74
f 53 108 64
f 60 70 71
f 56 68 57
f 30 63 74
f 53 65 54
f 61 71 72
f 57 69 58
f 54 66 55
f 62 72 73
f 59 69 70
f 68 80 69
f 65 77 66
f 73 83 84
f 70 80 81
f 66 78 67
f 74 84 85
f 64 108 75
f 71 81 82
f 67 79 68
f 30 74 85
f 64 76 65
f 72 82 83
f 78 90 79
f 30 85 96
f 75 87 76
f 83 93 94
f 79 91 80
f 76 88 77
f 84 94 95
f 81 91 92
f 77 89 78
f 85 95 96
f 75 108 86
f 82 92 93
f 92 102 103
f 88 100 89
f 96 106 107
f 86 108 97
f 93 103 104
f 89 101 90
f 30 96 107
f 86 98 87
f 94 104 105
f 90 102 91
f 87 99 88
f 95 105 106
f 101 114 102
f 98 111 99
f 106 117 118
f 103 114 115
f 99 112 100
f 107 118 119
f 97 108 109
f 104 115 116
f 100 113 101
f 30 107 119
f 97 110 98
f 105 116 117
f 115 127 116
f 113 123 124
f 30 119 130
f 110 120 121
f 116 128 117
f 114 124 125
f 111 121 122
f 117 129 118
f 114 126 115
f 112 122 123
f 118 130 119
f 109 108 120
f 125 137 126
f 123 133 134
f 129 141 130
f 120 108 131
f 126 138 127
f 124 134 135
f 30 130 141
f 121 131 132
f 127 139 128
f 125 135 136
f 122 132 133
f 128 140 129
f 138 150 139
f 136 146 147
f 133 143 144
f 139 151 140
f 136 148 137
f 134 144 145
f 140 152 141
f 131 108 142
f 137 149 138
f 135 145 146
f 30 141 152
f 132 142 143
f 142 108 153
f 148 160 149
f 146 156 157
f 30 152 163
f 143 153 154
f 149 161 150
f 147 157 158
f 144 154 155
f 150 162 151
f 147 159 148
f 145 155 156
f 151 163 152
f 161 173 162
f 158 170 159
f 156 166 167
f 162 174 163
f 153 108 164
f 159 171 160
f 157 167 168
f 30 163 174
f 154 164 165
f 160 172 161
f 158 168 169
f 155 165 166
f 164 176 165
f 172 182 183
f 168 180 169
f 165 177 166
f 173 183 184
f 170 180 181
f 166 178 167
f 174 184 185
f 164 108 175
f 171 181 182
f 167 179 168
f 30 174 185
f 185 195 196
f 175 108 186
f 182 192 193
f 178 190 179
f 30 185 196
f 175 187 176
f 183 193 194
f 179 191 180
f 176 188 177
f 184 194 195
f 181 191 192
f 177 189 178
f 187 199 188
f 195 205 206
f 192 202 203
f 188 200 189
f 196 206 207
f 186 108 197
f 193 203 204
f 189 201 190
f 30 196 207
f 186 198 187
f 194 204 205
f 190 202 191
f 30 207 218
f 197 209 198
f 205 215 216
f 201 213 202
f 198 210 199
f 206 216 217
f 203 213 214
f 199 211 200
f 207 217 218
f 197 108 208
f 204 214 215
f 200 212 201
f 210 220 211
f 218 6 7
f 208 108 1
f 215 5 221
f 211 3 212
f 30 218 7
f 208 2 209
f 216 221 222
f 212 4 213
f 209 219 210
f 217 222 6
f 214 4 5
f 226 236 227
f 442 232 233
f 228 240 229
f 223 330 230
f 227 237 443
f 225 233 234
f 252 229 240
f 224 230 231
f 443 238 444
f 226 234 235
f 441 231 232
f 444 239 228
f 252 240 251
f 231 241 242
f 237 249 238
f 235 245 246
f 232 242 243
f 238 250 239
f 235 247 236
f 233 243 244
f 239 251 240
f 230 330 241
f 236 248 237
f 234 244 245
f 244 255 256
f 250 263 251
f 241 330 253
f 247 260 248
f 245 256 257
f 252 251 263
f 242 253 254
f 248 261 249
f 246 257 258
f 243 254 255
f 249 262 250
f 246 259 247
f 255 265 266
f 261 273 262
f 258 270 259
f 256 266 267
f 262 274 263
f 253 330 264
f 259 271 260
f 257 267 268
f 252 263 274
f 254 264 265
f 260 272 261
f 258 268 269
f 268 278 279
f 252 274 285
f 265 275 276
f 271 283 272
f 269 279 280
f 266 276 277
f 272 284 273
f 269 281 270
f 267 277 278
f 273 285 274
f 264 330 275
f 270 282 271
f 277 289 278
f 285 295 296
f 275 330 286
f 282 292 293
f 278 290 279
f 252 285 296
f 275 287 276
f 283 293 294
f 279 291 280
f 276 288 277
f 284 294 295
f 281 291 292
f 290 302 291
f 287 299 288
f 295 305 306
f 292 302 303
f 288 300 289
f 296 306 307
f 286 330 297
f 293 303 304
f 289 301 290
f 252 296 307
f 286 298 287
f 294 304 305
f 300 312 301
f 252 307 318
f 297 309 298
f 305 315 316
f 301 313 302
f 298 310 299
f 306 316 317
f 303 313 314
f 299 311 300
f 307 317 318
f 297 330 308
f 304 314 315
f 314 324 325
f 310 322 311
f 318 328 329
f 308 330 319
f 315 325 326
f 311 323 312
f 252 318 329
f 308 320 309
f 316 326 327
f 312 324 313
f 309 321 310
f 317 327 328
f 323 336 324
f 320 333 321
f 328 339 340
f 325 336 337
f 321 334 322
f 329 340 341
f 319 330 331
f 326 337 338
f 322 335 323
f 252 329 341
f 319 332 320
f 327 338 339
f 337 349 338
f 335 345 346
f 252 341 352
f 332 342 343
f 338 350 339
f 336 346 347
f 333 343 344
f 339 351 340
f 336 348 337
f 334 344 345
f 340 352 341
f 331 330 342
f 347 359 348
f 345 355 356
f 351 363 352
f 342 330 353
f 348 360 349
f 346 356 357
f 252 352 363
f 343 353 354
f 349 361 350
f 347 357 358
f 344 354 355
f 350 362 351
f 360 372 361
f 358 368 369
f 355 365 366
f 361 373 362
f 358 370 359
f 356 366 367
f 362 374 363
f 353 330 364
f 359 371 360
f 357 367 368
f 252 363 374
f 354 364 365
f 364 330 375
f 370 382 371
f 368 378 379
f 252 374 385
f 365 375 376
f 371 383 372
f 369 379 380
f 366 376 377
f 372 384 373
f 369 381 370
f 367 377 378
f 373 385 374
f 383 395 384
f 380 392 381
f 378 388 389
f 384 396 385
f 375 330 386
f 381 393 382
f 379 389 390
f 252 385 396
f 376 386 387
f 382 394 383
f 380 390 391
f 377 387 388
f 386 398 387
f 394 404 405
f 390 402 391
f 387 399 388
f 395 405 406
f 392 402 403
f 388 400 389
f 396 406 407
f 386 330 397
f 393 403 404
f 389 401 390
f 252 396 407
f 407 417 418
f 397 330 408
f 404 414 415
f 400 412 401
f 252 407 418
f 397 409 398
f 405 415 416
f 401 413 402
f 398 410 399
f 406 416 417
f 403 413 414
f 399 411 400
f 409 421 410
f 417 427 428
f 414 424 425
f 410 422 411
f 418 428 429
f 408 330 419
f 415 425 426
f 411 423 412
f 252 418 429
f 408 420 409
f 416 426 427
f 412 424 413
f 252 429 440
f 419 431 420
f 427 437 438
f 423 435 424
f 420 432 421
f 428 438 439
f 425 435 436
f 421 433 422
f 429 439 440
f 419 330 430
f 426 436 437
f 422 434 423
f 432 442 433
f 440 228 229
f 430 330 223
f 437 227 443
f 433 225 434
f 252 440 229
f 430 224 431
f 438 443 444
f 434 226 435
f 431 441 432
f 439 444 228
f 436 226 227
f 448 458 449
f 664 454 455
f 450 462 451
f 445 552 452
f 449 459 665
f 447 455 456
f 474 451 462
f 446 452 453
f 665 460 666
f 448 456 457
f 663 453 454
f 666 461 450
f 474 462 473
f 453 463 464
f 459 471 460
f 457 467 468
f 454 464 465
f 460 472 461
f 457 469 458
f 455 465 466
f 461 473 462
f 452 552 463
f 458 470 459
f 456 466 467
f 466 477 478
f 472 485 473
f 463 552 475
f 469 482 470
f 467 478 479
f 474 473 485
f 464 475 476
f 470 483 471
f 468 479 480
f 465 476 477
f 471 484 472
f 468 481 469
f 477 487 488
f 483 495 484
f 480 492 481
f 478 488 489
f 484 496 485
f 475 552 486
f 481 493 482
f 479 489 490
f 474 485 496
f 476 486 487
f 482 494 483
f 480 490 491
f 490 500 501
f 474 496 507
f 487 497 498
f 493 505 494
f 491 501 502
f 488 498 499
f 494 506 495
f 491 503 492
f 489 499 500
f 495 507 496
f 486 552 497
f 492 504 493
f 499 511 500
f 507 517 518
f 497 552 508
f 504 514 515
f 500 512 501
f 474 507 518
f 497 509 498
f 505 515 516
f 501 513 502
f 498 510 499
f 506 516 517
f 503 513 514
f 512 524 513
f 509 521 510
f 517 527 528
f 514 524 525
f 510 522 511
f 518 528 529
f 508 552 519
f 515 525 526
f 511 523 512
f 474 518 529
f 508 520 509
f 516 526 527
f 522 534 523
f 474 529 540
f 519 531 520
f 527 537 538
f 523 535 524
f 520 532 521
f 528 538 539
f 525 535 536
f 521 533 522
f 529 539 540
f 519 552 530
f 526 536 537
f 536 546 547
f 532 544 533
f 540 550 551
f 530 552 541
f 537 547 548
f 533 545 534
f 474 540 551
f 530 542 531
f 538 548 549
f 534 546 535
f 531 543 532
f 539 549 550
f 545 558 546
f 542 555 543
f 550 561 562
f 547 558 559
f 543 556 544
f 551 562 563
f 541 552 553
f 548 559 560
f 544 557 545
f 474 551 563
f 541 554 542
f 549 560 561
f 559 571 560
f 557 567 568
f 474 563 574
f 554 564 565
f 560 572 561
f 558 568 569
f 555 565 566
f 561 573 562
f 558 570 559
f 556 566 567
f 562 574 563
f 553 552 564
f 569 581 570
f 567 577 578
f 573 585 574
f 564 552 575
f 570 582 571
f 568 578 579
f 474 574 585
f 565 575 576
f 571 583 572
f 569 579 580
f 566 576 577
f 572 584 573
f 582 594 583
f 580 590 591
f 577 587 588
f 583 595 584
f 580 592 581
f 578 588 589
f 584 596 585
f 575 552 586
f 581 593 582
f 579 589 590
f 474 585 596
f 576 586 587
f 586 552 597
f 592 604 593
f 590 600 601
f 474 596 607
f 587 597 598
f 593 605 594
f 591 601 602
f 588 598 599
f 594 606 595
f 591 603 592
f 589 599 600
f 595 607 596
f 605 617 606
f 602 614 603
f 600 610 611
f 606 618 607
f 597 552 608
f 603 615 604
f 601 611 612
f 474 607 618
f 598 608 609
f 604 616 605
f 602 612 613
f 599 609 610
f 608 620 609
f 616 626 627
f 612 624 613
f 609 621 610
f 617 627 628
f 614 624 625
f 610 622 611
f 618 628 629
f 608 552 619
f 615 625 626
f 611 623 612
f 474 618 629
f 629 639 640
f 619 552 630
f 626 636 637
f 622 634 623
f 474 629 640
f 619 631 620
f 627 637 638
f 623 635 624
f 620 632 621
f 628 638 639
f 625 635 636
f 621 633 622
f 631 643 632
f 639 649 650
f 636 646 647
f 632 644 633
f 640 650 651
f 630 552 641
f 637 647 648
f 633 645 634
f 474 640 651
f 630 642 631
f 638 648 649
f 634 646 635
f 474 651 662
f 641 653 642
f 649 659 660
f 645 657 646
f 642 654 643
f 650 660 661
f 647 657 658
f 643 655 644
f 651 661 662
f 641 552 652
f 648 658 659
f 644 656 645
f 654 664 655
f 662 450 451
f 652 552 445
f 659 449 665
f 655 447 656
f 474 662 451
f 652 446 653
f 660 665 666
f 656 448 657
f 653 663 654
f 661 666 450
f 658 448 449
f 670 680 671
f 886 676 677
f 672 684 673
f 667 774 674
f 671 681 887
f 669 677 678
f 696 673 684
f 668 674 675
f 887 682 888
f 670 678 679
f 885 675 676
f 888 683 672
f 696 684 695
f 675 685 686
f 681 693 682
f 679 689 690
f 676 686 687
f 682 694 683
f 679 691 680
f 677 687 688
f 683 695 684
f 674 774 685
f 680 692 681
f 678 688 689
f 688 699 700
f 694 707 695
f 685 774 697
f 691 704 692
f 689 700 701
f 696 695 707
f 686 697 698
f 692 705 693
f 690 701 702
f 687 698 699
f 693 706 694
f 690 703 691
f 699 709 710
f 705 717 706
f 702 714 703
f 700 710 711
f 706 718 707
f 697 774 708
f 703 715 704
f 701 711 712
f 696 707 718
f 698 708 709
f 704 716 705
f 702 712 713
f 712 722 723
f 696 718 729
f 709 719 720
f 715 727 716
f 713 723 724
f 710 720 721
f 716 728 717
f 713 725 714
f 711 721 722
f 717 729 718
f 708 774 719
f 714 726 715
f 721 733 722
f 729 739 740
f 719 774 730
f 726 736 737
f 722 734 723
f 696 729 740
f 719 731 720
f 727 737 738
f 723 735 724
f 720 732 721
f 728 738 739
f 725 735 736
f 734 746 735
f 731 743 732
f 739 749 750
f 736 746 747
f 732 744 733
f 740 750 751
f 730 774 741
f 737 747 748
f 733 745 734
f 696 740 751
f 730 742 731
f 738 748 749
f 744 756 745
f 696 751 762
f 741 753 742
f 749 759 760
f 745 757 746
f 742 754 743
f 750 760 761
f 747 757 758
f 743 755 744
f 751 761 762
f 741 774 752
f 748 758 759
f 758 768 769
f 754 766 755
f 762 772 773
f 752 774 763
f 759 769 770
f 755 767 756
f 696 762 773
f 752 764 753
f 760 770 771
f 756 768 757
f 753 765 754
f 761 771 772
f 767 780 768
f 764 777 765
f 772 783 784
f 769 780 781
f 765 778 766
f 773 784 785
f 763 774 775
f 770 781 782
f 766 779 767
f 696 773 785
f 763 776 764
f 771 782 783
f 781 793 782
f 779 789 790
f 696 785 796
f 776 786 787
f 782 794 783
f 780 790 791
f 777 787 788
f 783 795 784
f 780 792 781
f 778 788 789
f 784 796 785
f 775 774 786
f 791 803 792
f 789 799 800
f 795 807 796
f 786 774 797
f 792 804 793
f 790 800 801
f 696 796 807
f 787 797 798
f 793 805 794
f 791 801 802
f 788 798 799
f 794 806 795
f 804 816 805
f 802 812 813
f 799 809 810
f 805 817 806
f 802 814 803
f 800 810 811
f 806 818 807
f 797 774 808
f 803 815 804
f 801 811 812
f 696 807 818
f 798 808 809
f 808 774 819
f 814 826 815
f 812 822 823
f 696 818 829
f 809 819 820
f 815 827 816
f 813 823 824
f 810 820 821
f 816 828 817
f 813 825 814
f 811 821 822
f 817 829 818
f 827 839 828
f 824 836 825
f 822 832 833
f 828 840 829
f 819 774 830
f 825 837 826
f 823 833 834
f 696 829 840
f 820 830 831
f 826 838 827
f 824 834 835
f 821 831 832
f 830 842 831
f 838 848 849
f 834 846 835
f 831 843 832
f 839 849 850
f 836 846 847
f 832 844 833
f 840 850 851
f 830 774 841
f 837 847 848
f 833 845 834
f 696 840 851
f 851 861 862
f 841 774 852
f 848 858 859
f 844 856 845
f 696 851 862
f 841 853 842
f 849 859 860
f 845 857 846
f 842 854 843
f 850 860 861
f 847 857 858
f 843 855 844
f 853 865 854
f 861 871 872
f 858 868 869
f 854 866 855
f 862 872 873
f 852 774 863
f 859 869 870
f 855 867 856
f 696 862 873
f 852 864 853
f 860 870 871
f 856 868 857
f 696 873 884
f 863 875 864
f 871 881 882
f 867 879 868
f 864 876 865
f 872 882 883
f 869 879 880
f 865 877 866
f 873 883 884
f 863 774 874
f 870 880 881
f 866 878 867
f 876 886 877
f 884 672 673
f 874 774 667
f 881 671 887
f 877 669 878
f 696 884 673
f 874 668 875
f 882 887 888
f 878 670 879
f 875 885 876
f 883 888 672
f 880 670 671
f 890 891 889
f 892 893 891
f 894 895 893
f 896 897 895
f 898 899 897
f 900 901 899
f 902 903 901
f 904 905 903
f 906 907 905
f 908 909 907
f 910 911 909
f 912 913 911
f 914 915 913
f 916 917 915
f 918 919 917
f 920 921 919
f 922 923 921
f 924 925 923
f 926 927 925
f 928 929 927
f 930 931 929
f 932 933 931
f 926 910 894
f 934 935 933
f 936 889 935
f 903 919 935
f 941 949 950
f 1155 947 1156
f 942 954 943
f 937 1044 944
f 1157 950 951
f 1156 948 939
f 966 943 954
f 937 945 938
f 1158 951 952
f 939 949 940
f 938 946 1155
f 1158 953 942
f 966 954 965
f 944 956 945
f 951 963 952
f 948 960 949
f 945 957 946
f 953 963 964
f 949 961 950
f 947 957 958
f 953 965 954
f 944 1044 955
f 950 962 951
f 948 958 959
f 957 970 958
f 964 977 965
f 955 1044 967
f 961 974 962
f 958 971 959
f 966 965 977
f 955 968 956
f 962 975 963
f 960 971 972
f 957 968 969
f 964 975 976
f 960 973 961
f 969 979 980
f 975 987 976
f 972 984 973
f 969 981 970
f 976 988 977
f 967 1044 978
f 973 985 974
f 970 982 971
f 966 977 988
f 967 979 968
f 975 985 986
f 972 982 983
f 982 992 993
f 966 988 999
f 978 990 979
f 986 996 997
f 983 993 994
f 979 991 980
f 986 998 987
f 983 995 984
f 980 992 981
f 988 998 999
f 978 1044 989
f 984 996 985
f 992 1002 1003
f 998 1010 999
f 989 1044 1000
f 995 1007 996
f 993 1003 1004
f 966 999 1010
f 990 1000 1001
f 996 1008 997
f 993 1005 994
f 990 1002 991
f 997 1009 998
f 994 1006 995
f 1004 1016 1005
f 1001 1013 1002
f 1009 1019 1020
f 1006 1016 1017
f 1002 1014 1003
f 1010 1020 1021
f 1000 1044 1011
f 1006 1018 1007
f 1004 1014 1015
f 966 1010 1021
f 1001 1011 1012
f 1007 1019 1008
f 1015 1025 1026
f 966 1021 1032
f 1012 1022 1023
f 1019 1029 1030
f 1015 1027 1016
f 1012 1024 1013
f 1020 1030 1031
f 1017 1027 1028
f 1013 1025 1014
f 1021 1031 1032
f 1011 1044 1022
f 1017 1029 1018
f 1027 1039 1028
f 1024 1036 1025
f 1032 1042 1043
f 1022 1044 1033
f 1028 1040 1029
f 1025 1037 1026
f 966 1032 1043
f 1022 1034 1023
f 1030 1040 1041
f 1027 1037 1038
f 1023 1035 1024
f 1030 1042 1031
f 1037 1050 1038
f 1035 1046 1047
f 1041 1054 1042
f 1038 1051 1039
f 1035 1048 1036
f 1043 1054 1055
f 1033 1044 1045
f 1040 1051 1052
f 1036 1049 1037
f 966 1043 1055
f 1034 1045 1046
f 1041 1052 1053
f 1052 1062 1063
f 1048 1060 1049
f 966 1055 1066
f 1046 1056 1057
f 1052 1064 1053
f 1049 1061 1050
f 1046 1058 1047
f 1053 1065 1054
f 1050 1062 1051
f 1048 1058 1059
f 1054 1066 1055
f 1045 1044 1056
f 1061 1073 1062
f 1058 1070 1059
f 1065 1077 1066
f 1056 1044 1067
f 1062 1074 1063
f 1059 1071 1060
f 966 1066 1077
f 1056 1068 1057
f 1063 1075 1064
f 1061 1071 1072
f 1057 1069 1058
f 1065 1075 1076
f 1074 1086 1075
f 1071 1083 1072
f 1068 1080 1069
f 1076 1086 1087
f 1072 1084 1073
f 1070 1080 1081
f 1077 1087 1088
f 1067 1044 1078
f 1073 1085 1074
f 1070 1082 1071
f 966 1077 1088
f 1067 1079 1068
f 1078 1044 1089
f 1084 1096 1085
f 1081 1093 1082
f 966 1088 1099
f 1078 1090 1079
f 1086 1096 1097
f 1083 1093 1094
f 1079 1091 1080
f 1086 1098 1087
f 1084 1094 1095
f 1080 1092 1081
f 1088 1098 1099
f 1098 1108 1109
f 1094 1106 1095
f 1092 1102 1103
f 1098 1110 1099
f 1089 1044 1100
f 1095 1107 1096
f 1092 1104 1093
f 966 1099 1110
f 1089 1101 1090
f 1096 1108 1097
f 1093 1105 1094
f 1091 1101 1102
f 1100 1112 1101
f 1107 1119 1108
f 1104 1116 1105
f 1101 1113 1102
f 1108 1120 1109
f 1105 1117 1106
f 1102 1114 1103
f 1110 1120 1121
f 1100 1044 1111
f 1106 1118 1107
f 1104 1114 1115
f 966 1110 1121
f 1121 1131 1132
f 1111 1044 1122
f 1117 1129 1118
f 1115 1125 1126
f 966 1121 1132
f 1111 1123 1112
f 1118 1130 1119
f 1115 1127 1116
f 1112 1124 1113
f 1119 1131 1120
f 1116 1128 1117
f 1114 1124 1125
f 1123 1135 1124
f 1131 1141 1142
f 1128 1138 1139
f 1125 1135 1136
f 1132 1142 1143
f 1122 1044 1133
f 1128 1140 1129
f 1125 1137 1126
f 966 1132 1143
f 1122 1134 1123
f 1129 1141 1130
f 1126 1138 1127
f 966 1143 1154
f 1133 1145 1134
f 1140 1152 1141
f 1137 1149 1138
f 1135 1145 1146
f 1141 1153 1142
f 1139 1149 1150
f 1136 1146 1147
f 1142 1154 1143
f 1133 1044 1144
f 1139 1151 1140
f 1136 1148 1137
f 1147 1155 1156
f 1154 942 943
f 1144 1044 937
f 1151 941 1157
f 1147 939 1148
f 966 1154 943
f 1144 938 1145
f 1151 1158 1152
f 1148 940 1149
f 1145 1155 1146
f 1153 1158 942
f 1149 941 1150
f 1160 1161 1159
f 1162 1163 1161
f 1163 1166 1165
f 1166 1167 1165
f 1168 1169 1167
f 1170 1171 1169
f 1172 1173 1171
f 1174 1175 1173
f 1175 1178 1177
f 1178 1179 1177
f 1180 1181 1179
f 1182 1183 1181
f 1184 1185 1183
f 1185 1188 1187
f 1188 1189 1187
f 1189 1192 1191
f 1192 1193 1191
f 1193 1196 1195
f 1195 1198 1197
f 1197 1200 1199
f 1199 1202 1201
f 1201 1204 1203
f 1196 1180 1164
f 1203 1206 1205
f 1205 1160 1159
f 1173 1189 1205
f 1211 1219 1220
f 1425 1217 1426
f 1213 1223 1224
f 1207 1314 1214
f 1427 1220 1221
f 1426 1218 1209
f 1236 1213 1224
f 1208 1214 1215
f 1428 1221 1222
f 1209 1219 1210
f 1208 1216 1425
f 1212 1222 1223
f 1236 1224 1235
f 1215 1225 1226
f 1222 1232 1233
f 1219 1229 1230
f 1215 1227 1216
f 1222 1234 1223
f 1219 1231 1220
f 1216 1228 1217
f 1224 1234 1235
f 1214 1314 1225
f 1220 1232 1221
f 1218 1228 1229
f 1227 1240 1228
f 1234 1247 1235
f 1225 1314 1237
f 1231 1244 1232
f 1229 1240 1241
f 1236 1235 1247
f 1226 1237 1238
f 1233 1244 1245
f 1229 1242 1230
f 1226 1239 1227
f 1234 1245 1246
f 1230 1243 1231
f 1238 1250 1239
f 1246 1256 1257
f 1242 1254 1243
f 1240 1250 1251
f 1246 1258 1247
f 1237 1314 1248
f 1244 1254 1255
f 1240 1252 1241
f 1236 1247 1258
f 1237 1249 1238
f 1244 1256 1245
f 1241 1253 1242
f 1251 1263 1252
f 1236 1258 1269
f 1248 1260 1249
f 1255 1267 1256
f 1253 1263 1264
f 1249 1261 1250
f 1257 1267 1268
f 1253 1265 1254
f 1250 1262 1251
f 1258 1268 1269
f 1248 1314 1259
f 1254 1266 1255
f 1261 1273 1262
f 1269 1279 1280
f 1259 1314 1270
f 1265 1277 1266
f 1262 1274 1263
f 1236 1269 1280
f 1259 1271 1260
f 1267 1277 1278
f 1263 1275 1264
f 1260 1272 1261
f 1267 1279 1268
f 1264 1276 1265
f 1274 1286 1275
f 1272 1282 1283
f 1278 1290 1279
f 1276 1286 1287
f 1272 1284 1273
f 1280 1290 1291
f 1270 1314 1281
f 1276 1288 1277
f 1274 1284 1285
f 1236 1280 1291
f 1270 1282 1271
f 1278 1288 1289
f 1284 1296 1285
f 1236 1291 1302
f 1281 1293 1282
f 1288 1300 1289
f 1285 1297 1286
f 1282 1294 1283
f 1289 1301 1290
f 1286 1298 1287
f 1284 1294 1295
f 1291 1301 1302
f 1281 1314 1292
f 1287 1299 1288
f 1297 1309 1298
f 1294 1306 1295
f 1301 1313 1302
f 1292 1314 1303
f 1298 1310 1299
f 1295 1307 1296
f 1236 1302 1313
f 1293 1303 1304
f 1299 1311 1300
f 1296 1308 1297
f 1293 1305 1294
f 1301 1311 1312
f 1307 1320 1308
f 1304 1317 1305
f 1311 1324 1312
f 1309 1320 1321
f 1306 1317 1318
f 1313 1324 1325
f 1303 1314 1315
f 1309 1322 1310
f 1306 1319 1307
f 1236 1313 1325
f 1303 1316 1304
f 1310 1323 1311
f 1321 1333 1322
f 1319 1329 1330
f 1236 1325 1336
f 1316 1326 1327
f 1322 1334 1323
f 1319 1331 1320
f 1316 1328 1317
f 1323 1335 1324
f 1320 1332 1321
f 1317 1329 1318
f 1324 1336 1325
f 1315 1314 1326
f 1332 1342 1343
f 1328 1340 1329
f 1336 1346 1347
f 1326 1314 1337
f 1332 1344 1333
f 1330 1340 1341
f 1236 1336 1347
f 1326 1338 1327
f 1333 1345 1334
f 1330 1342 1331
f 1328 1338 1339
f 1334 1346 1335
f 1345 1355 1356
f 1341 1353 1342
f 1339 1349 1350
f 1345 1357 1346
f 1343 1353 1354
f 1339 1351 1340
f 1347 1357 1358
f 1337 1314 1348
f 1343 1355 1344
f 1341 1351 1352
f 1236 1347 1358
f 1338 1348 1349
f 1348 1314 1359
f 1354 1366 1355
f 1352 1362 1363
f 1236 1358 1369
f 1348 1360 1349
f 1356 1366 1367
f 1352 1364 1353
f 1349 1361 1350
f 1357 1367 1368
f 1354 1364 1365
f 1351 1361 1362
f 1357 1369 1358
f 1368 1378 1379
f 1364 1376 1365
f 1362 1372 1373
f 1368 1380 1369
f 1359 1314 1370
f 1365 1377 1366
f 1363 1373 1374
f 1236 1369 1380
f 1360 1370 1371
f 1366 1378 1367
f 1363 1375 1364
f 1360 1372 1361
f 1371 1381 1382
f 1378 1388 1389
f 1374 1386 1375
f 1371 1383 1372
f 1379 1389 1390
f 1376 1386 1387
f 1372 1384 1373
f 1379 1391 1380
f 1370 1314 1381
f 1376 1388 1377
f 1373 1385 1374
f 1236 1380 1391
f 1390 1402 1391
f 1381 1314 1392
f 1387 1399 1388
f 1384 1396 1385
f 1236 1391 1402
f 1382 1392 1393
f 1388 1400 1389
f 1386 1396 1397
f 1383 1393 1394
f 1389 1401 1390
f 1386 1398 1387
f 1384 1394 1395
f 1393 1405 1394
f 1400 1412 1401
f 1398 1408 1409
f 1394 1406 1395
f 1401 1413 1402
f 1392 1314 1403
f 1399 1409 1410
f 1395 1407 1396
f 1236 1402 1413
f 1393 1403 1404
f 1399 1411 1400
f 1396 1408 1397
f 1236 1413 1424
f 1403 1415 1404
f 1410 1422 1411
f 1408 1418 1419
f 1404 1416 1405
f 1412 1422 1423
f 1408 1420 1409
f 1406 1416 1417
f 1413 1423 1424
f 1403 1314 1414
f 1409 1421 1410
f 1406 1418 1407
f 1416 1426 1417
f 1424 1212 1213
f 1414 1314 1207
f 1421 1211 1427
f 1417 1209 1418
f 1236 1424 1213
f 1414 1208 1415
f 1421 1428 1422
f 1418 1210 1419
f 1415 1425 1416
f 1423 1428 1212
f 1419 1211 1420
f 1429 1432 1431
f 1431 1434 1433
f 1434 1435 1433
f 1436 1437 1435
f 1438 1439 1437
f 1439 1442 1441
f 1441 1444 1443
f 1444 1445 1443
f 1446 1447 1445
f 1448 1449 1447
f 1450 1451 1449
f 1451 1454 1453
f 1454 1455 1453
f 1456 1457 1455
f 1457 1460 1459
f 1459 1462 1461
f 1461 1464 1463
f 1464 1465 1463
f 1466 1467 1465
f 1467 1470 1469
f 1470 1471 1469
f 1472 1473 1471
f 1466 1450 1434
f 1474 1475 1473
f 1475 1430 1429
f 1443 1459 1475
f 1477 1480 1479
f 1480 1481 1479
f 1481 1484 1483
f 1483 1486 1485
f 1486 1487 1485
f 1487 1490 1489
f 1490 1491 1489
f 1492 1493 1491
f 1493 1496 1495
f 1496 1497 1495
f 1497 1500 1499
f 1500 1501 1499
f 1502 1503 1501
f 1504 1505 1503
f 1506 1507 1505
f 1508 1509 1507
f 1509 1512 1511
f 1512 1513 1511
f 1514 1515 1513
f 1516 1517 1515
f 1518 1519 1517
f 1520 1521 1519
f 1514 1498 1482
f 1522 1523 1521
f 1523 1478 1477
f 1491 1507 1523
f 1746 1541 1530
f 1528 1538 1529
f 1743 1535 1744
f 1530 1542 1531
f 1525 1632 1532
f 1745 1538 1539
f 1744 1536 1527
f 1554 1531 1542
f 1525 1533 1526
f 1746 1539 1540
f 1528 1536 1537
f 1526 1534 1743
f 1536 1546 1547
f 1554 1542 1553
f 1533 1543 1544
f 1539 1551 1540
f 1536 1548 1537
f 1534 1544 1545
f 1540 1552 1541
f 1537 1549 1538
f 1534 1546 1535
f 1542 1552 1553
f 1532 1632 1543
f 1538 1550 1539
f 1549 1560 1561
f 1546 1557 1558
f 1553 1564 1565
f 1543 1632 1555
f 1549 1562 1550
f 1547 1558 1559
f 1554 1553 1565
f 1543 1556 1544
f 1550 1563 1551
f 1547 1560 1548
f 1544 1557 1545
f 1552 1563 1564
f 1560 1570 1571
f 1557 1567 1568
f 1564 1574 1575
f 1560 1572 1561
f 1557 1569 1558
f 1565 1575 1576
f 1555 1632 1566
f 1561 1573 1562
f 1559 1569 1570
f 1554 1565 1576
f 1555 1567 1556
f 1562 1574 1563
f 1572 1584 1573
f 1569 1581 1570
f 1554 1576 1587
f 1566 1578 1567
f 1574 1584 1585
f 1570 1582 1571
f 1568 1578 1579
f 1574 1586 1575
f 1572 1582 1583
f 1569 1579 1580
f 1576 1586 1587
f 1566 1632 1577
f 1582 1594 1583
f 1579 1591 1580
f 1586 1598 1587
f 1577 1632 1588
f 1584 1594 1595
f 1580 1592 1581
f 1554 1587 1598
f 1578 1588 1589
f 1584 1596 1585
f 1582 1592 1593
f 1579 1589 1590
f 1586 1596 1597
f 1595 1607 1596
f 1592 1604 1593
f 1590 1600 1601
f 1596 1608 1597
f 1593 1605 1594
f 1590 1602 1591
f 1598 1608 1609
f 1588 1632 1599
f 1594 1606 1595
f 1591 1603 1592
f 1554 1598 1609
f 1588 1600 1589
f 1599 1632 1610
f 1606 1616 1617
f 1602 1614 1603
f 1554 1609 1620
f 1599 1611 1600
f 1606 1618 1607
f 1603 1615 1604
f 1601 1611 1612
f 1607 1619 1608
f 1604 1616 1605
f 1601 1613 1602
f 1609 1619 1620
f 1619 1629 1630
f 1615 1627 1616
f 1612 1624 1613
f 1620 1630 1631
f 1610 1632 1621
f 1616 1628 1617
f 1614 1624 1625
f 1554 1620 1631
f 1611 1621 1622
f 1617 1629 1618
f 1614 1626 1615
f 1611 1623 1612
f 1622 1633 1634
f 1628 1641 1629
f 1625 1638 1626
f 1622 1635 1623
f 1630 1641 1642
f 1626 1639 1627
f 1624 1635 1636
f 1630 1643 1631
f 1621 1632 1633
f 1627 1640 1628
f 1624 1637 1625
f 1554 1631 1643
f 1643 1653 1654
f 1633 1632 1644
f 1639 1651 1640
f 1636 1648 1637
f 1554 1643 1654
f 1633 1645 1634
f 1641 1651 1652
f 1637 1649 1638
f 1635 1645 1646
f 1641 1653 1642
f 1638 1650 1639
f 1635 1647 1636
f 1646 1656 1657
f 1652 1664 1653
f 1650 1660 1661
f 1646 1658 1647
f 1653 1665 1654
f 1644 1632 1655
f 1650 1662 1651
f 1648 1658 1659
f 1554 1654 1665
f 1645 1655 1656
f 1652 1662 1663
f 1648 1660 1649
f 1554 1665 1676
f 1655 1667 1656
f 1663 1673 1674
f 1659 1671 1660
f 1656 1668 1657
f 1664 1674 1675
f 1660 1672 1661
f 1657 1669 1658
f 1664 1676 1665
f 1655 1632 1666
f 1661 1673 1662
f 1659 1669 1670
f 1668 1680 1669
f 1676 1686 1687
f 1666 1632 1677
f 1672 1684 1673
f 1669 1681 1670
f 1554 1676 1687
f 1666 1678 1667
f 1673 1685 1674
f 1670 1682 1671
f 1667 1679 1668
f 1675 1685 1686
f 1671 1683 1672
f 1679 1689 1690
f 1685 1697 1686
f 1683 1693 1694
f 1680 1690 1691
f 1686 1698 1687
f 1677 1632 1688
f 1683 1695 1684
f 1681 1691 1692
f 1554 1687 1698
f 1678 1688 1689
f 1684 1696 1685
f 1682 1692 1693
f 1691 1703 1692
f 1554 1698 1709
f 1689 1699 1700
f 1695 1707 1696
f 1693 1703 1704
f 1689 1701 1690
f 1697 1707 1708
f 1693 1705 1694
f 1690 1702 1691
f 1698 1708 1709
f 1688 1632 1699
f 1695 1705 1706
f 1701 1713 1702
f 1709 1719 1720
f 1699 1632 1710
f 1705 1717 1706
f 1702 1714 1703
f 1554 1709 1720
f 1699 1711 1700
f 1707 1717 1718
f 1703 1715 1704
f 1700 1712 1701
f 1707 1719 1708
f 1704 1716 1705
f 1714 1726 1715
f 1712 1722 1723
f 1719 1729 1730
f 1716 1726 1727
f 1713 1723 1724
f 1719 1731 1720
f 1710 1632 1721
f 1717 1727 1728
f 1713 1725 1714
f 1554 1720 1731
f 1710 1722 1711
f 1717 1729 1718
f 1724 1736 1725
f 1554 1731 1742
f 1722 1732 1733
f 1728 1740 1729
f 1726 1736 1737
f 1722 1734 1723
f 1730 1740 1741
f 1726 1738 1727
f 1724 1734 1735
f 1730 1742 1731
f 1721 1632 1732
f 1728 1738 1739
f 1738 1528 1529
f 1735 1743 1744
f 1742 1530 1531
f 1732 1632 1525
f 1739 1529 1745
f 1735 1527 1736
f 1554 1742 1531
f 1732 1526 1733
f 1739 1746 1740
f 1736 1528 1737
f 1733 1743 1734
f 1740 1530 1741
f 1752 1762 1763
f 1751 1759 1760
f 1965 1757 1966
f 1752 1764 1753
f 1747 1854 1754
f 1751 1761 1967
f 1966 1758 1749
f 1776 1753 1764
f 1747 1755 1748
f 1968 1761 1762
f 1749 1759 1750
f 1748 1756 1965
f 1758 1768 1769
f 1776 1764 1775
f 1754 1766 1755
f 1761 1773 1762
f 1758 1770 1759
f 1755 1767 1756
f 1762 1774 1763
f 1759 1771 1760
f 1756 1768 1757
f 1764 1774 1775
f 1754 1854 1765
f 1760 1772 1761
f 1770 1783 1771
f 1768 1779 1780
f 1774 1787 1775
f 1765 1854 1777
f 1771 1784 1772
f 1768 1781 1769
f 1776 1775 1787
f 1766 1777 1778
f 1773 1784 1785
f 1769 1782 1770
f 1766 1779 1767
f 1773 1786 1774
f 1781 1793 1782
f 1779 1789 1790
f 1786 1796 1797
f 1782 1794 1783
f 1779 1791 1780
f 1786 1798 1787
f 1777 1854 1788
f 1783 1795 1784
f 1781 1791 1792
f 1776 1787 1798
f 1778 1788 1789
f 1785 1795 1796
f 1794 1806 1795
f 1792 1802 1803
f 1776 1798 1809
f 1789 1799 1800
f 1795 1807 1796
f 1793 1803 1804
f 1790 1800 1801
f 1797 1807 1808
f 1793 1805 1794
f 1791 1801 1802
f 1797 1809 1798
f 1788 1854 1799
f 1804 1816 1805
f 1801 1813 1802
f 1808 1820 1809
f 1799 1854 1810
f 1805 1817 1806
f 1803 1813 1814
f 1776 1809 1820
f 1800 1810 1811
f 1807 1817 1818
f 1803 1815 1804
f 1800 1812 1801
f 1807 1819 1808
f 1818 1828 1829
f 1815 1825 1826
f 1811 1823 1812
f 1818 1830 1819
f 1815 1827 1816
f 1812 1824 1813
f 1819 1831 1820
f 1810 1854 1821
f 1816 1828 1817
f 1813 1825 1814
f 1776 1820 1831
f 1810 1822 1811
f 1821 1854 1832
f 1827 1839 1828
f 1824 1836 1825
f 1776 1831 1842
f 1822 1832 1833
f 1828 1840 1829
f 1825 1837 1826
f 1822 1834 1823
f 1829 1841 1830
f 1826 1838 1827
f 1823 1835 1824
f 1830 1842 1831
f 1841 1851 1852
f 1837 1849 1838
f 1835 1845 1846
f 1841 1853 1842
f 1832 1854 1843
f 1839 1849 1850
f 1835 1847 1836
f 1776 1842 1853
f 1832 1844 1833
f 1840 1850 1851
f 1836 1848 1837
f 1833 1845 1834
f 1843 1856 1844
f 1850 1863 1851
f 1847 1860 1848
f 1844 1857 1845
f 1851 1864 1852
f 1848 1861 1849
f 1846 1857 1858
f 1852 1865 1853
f 1843 1854 1855
f 1849 1862 1850
f 1846 1859 1847
f 1776 1853 1865
f 1864 1876 1865
f 1855 1854 1866
f 1861 1873 1862
f 1859 1869 1870
f 1776 1865 1876
f 1855 1867 1856
f 1863 1873 1874
f 1859 1871 1860
f 1857 1867 1868
f 1863 1875 1864
f 1860 1872 1861
f 1857 1869 1858
f 1867 1879 1868
f 1874 1886 1875
f 1872 1882 1883
f 1869 1879 1880
f 1875 1887 1876
f 1866 1854 1877
f 1872 1884 1873
f 1869 1881 1870
f 1776 1876 1887
f 1866 1878 1867
f 1873 1885 1874
f 1870 1882 1871
f 1776 1887 1898
f 1877 1889 1878
f 1884 1896 1885
f 1881 1893 1882
f 1879 1889 1890
f 1885 1897 1886
f 1883 1893 1894
f 1879 1891 1880
f 1886 1898 1887
f 1877 1854 1888
f 1883 1895 1884
f 1881 1891 1892
f 1891 1901 1902
f 1897 1909 1898
f 1888 1854 1899
f 1894 1906 1895
f 1892 1902 1903
f 1776 1898 1909
f 1889 1899 1900
f 1895 1907 1896
f 1892 1904 1893
f 1890 1900 1901
f 1897 1907 1908
f 1893 1905 1894
f 1900 1912 1901
f 1907 1919 1908
f 1905 1915 1916
f 1901 1913 1902
f 1908 1920 1909
f 1899 1854 1910
f 1905 1917 1906
f 1903 1913 1914
f 1776 1909 1920
f 1900 1910 1911
f 1906 1918 1907
f 1903 1915 1904
f 1914 1924 1925
f 1776 1920 1931
f 1910 1922 1911
f 1917 1929 1918
f 1914 1926 1915
f 1911 1923 1912
f 1918 1930 1919
f 1915 1927 1916
f 1913 1923 1924
f 1920 1930 1931
f 1910 1854 1921
f 1916 1928 1917
f 1924 1934 1935
f 1930 1942 1931
f 1921 1854 1932
f 1927 1939 1928
f 1924 1936 1925
f 1776 1931 1942
f 1921 1933 1922
f 1928 1940 1929
f 1925 1937 1926
f 1923 1933 1934
f 1929 1941 1930
f 1926 1938 1927
f 1936 1948 1937
f 1934 1944 1945
f 1941 1951 1952
f 1938 1948 1949
f 1935 1945 1946
f 1941 1953 1942
f 1932 1854 1943
f 1938 1950 1939
f 1935 1947 1936
f 1776 1942 1953
f 1932 1944 1933
f 1939 1951 1940
f 1946 1958 1947
f 1776 1953 1964
f 1943 1955 1944
f 1950 1962 1951
f 1947 1959 1948
f 1944 1956 1945
f 1951 1963 1952
f 1949 1959 1960
f 1946 1956 1957
f 1953 1963 1964
f 1943 1854 1954
f 1949 1961 1950
f 1960 1750 1751
f 1957 1965 1966
f 1964 1752 1753
f 1954 1854 1747
f 1961 1751 1967
f 1957 1749 1958
f 1776 1964 1753
f 1954 1748 1955
f 1961 1968 1962
f 1958 1750 1959
f 1955 1965 1956
f 1962 1752 1963
f 1970 1971 1969
f 1972 1973 1971
f 1974 1975 1973
f 1976 1977 1975
f 1978 1979 1977
f 1980 1981 1979
f 1981 1984 1983
f 1984 1985 1983
f 1986 1987 1985
f 1988 1989 1987
f 1990 1991 1989
f 1992 1993 1991
f 1994 1995 1993
f 1996 1997 1995
f 1998 1999 1997
f 2000 2001 1999
f 2002 2003 2001
f 2004 2005 2003
f 2006 2007 2005
f 2008 2009 2007
f 2009 2012 2011
f 2012 2013 2011
f 2006 1990 1974
f 2014 2015 2013
f 2016 1969 2015
f 1983 1999 2015
f 2018 2026 2235
f 2022 2032 2033
f 2020 2030 2021
f 2235 2027 2236
f 2022 2034 2023
f 2017 2124 2024
f 2021 2031 2237
f 2236 2028 2019
f 2046 2023 2034
f 2017 2025 2018
f 2238 2031 2032
f 2019 2029 2020
f 2024 2124 2035
f 2030 2042 2031
f 2027 2039 2028
f 2046 2034 2045
f 2025 2035 2036
f 2031 2043 2032
f 2028 2040 2029
f 2026 2036 2037
f 2032 2044 2033
f 2029 2041 2030
f 2026 2038 2027
f 2033 2045 2034
f 2044 2055 2056
f 2040 2053 2041
f 2038 2049 2050
f 2044 2057 2045
f 2035 2124 2047
f 2041 2054 2042
f 2039 2050 2051
f 2046 2045 2057
f 2036 2047 2048
f 2042 2055 2043
f 2040 2051 2052
f 2036 2049 2037
f 2047 2059 2048
f 2054 2066 2055
f 2051 2063 2052
f 2048 2060 2049
f 2056 2066 2067
f 2052 2064 2053
f 2049 2061 2050
f 2057 2067 2068
f 2047 2124 2058
f 2053 2065 2054
f 2050 2062 2051
f 2046 2057 2068
f 2067 2079 2068
f 2058 2124 2069
f 2064 2076 2065
f 2062 2072 2073
f 2046 2068 2079
f 2059 2069 2070
f 2065 2077 2066
f 2063 2073 2074
f 2060 2070 2071
f 2066 2078 2067
f 2063 2075 2064
f 2061 2071 2072
f 2070 2082 2071
f 2077 2089 2078
f 2074 2086 2075
f 2071 2083 2072
f 2079 2089 2090
f 2069 2124 2080
f 2075 2087 2076
f 2073 2083 2084
f 2046 2079 2090
f 2069 2081 2070
f 2076 2088 2077
f 2074 2084 2085
f 2046 2090 2101
f 2080 2092 2081
f 2088 2098 2099
f 2084 2096 2085
f 2081 2093 2082
f 2088 2100 2089
f 2086 2096 2097
f 2082 2094 2083
f 2090 2100 2101
f 2080 2124 2091
f 2086 2098 2087
f 2084 2094 2095
f 2093 2105 2094
f 2101 2111 2112
f 2091 2124 2102
f 2097 2109 2098
f 2095 2105 2106
f 2046 2101 2112
f 2091 2103 2092
f 2098 2110 2099
f 2095 2107 2096
f 2092 2104 2093
f 2099 2111 2100
f 2096 2108 2097
f 2103 2115 2104
f 2110 2122 2111
f 2107 2119 2108
f 2104 2116 2105
f 2111 2123 2112
f 2102 2124 2113
f 2108 2120 2109
f 2106 2116 2117
f 2046 2112 2123
f 2102 2114 2103
f 2109 2121 2110
f 2107 2117 2118
f 2117 2128 2129
f 2046 2123 2135
f 2113 2126 2114
f 2120 2133 2121
f 2118 2129 2130
f 2114 2127 2115
f 2121 2134 2122
f 2118 2131 2119
f 2115 2128 2116
f 2122 2135 2123
f 2113 2124 2125
f 2120 2131 2132
f 2127 2139 2128
f 2134 2146 2135
f 2125 2124 2136
f 2131 2143 2132
f 2128 2140 2129
f 2046 2135 2146
f 2125 2137 2126
f 2133 2143 2144
f 2129 2141 2130
f 2126 2138 2127
f 2133 2145 2134
f 2131 2141 2142
f 2140 2152 2141
f 2137 2149 2138
f 2144 2156 2145
f 2141 2153 2142
f 2138 2150 2139
f 2145 2157 2146
f 2136 2124 2147
f 2142 2154 2143
f 2140 2150 2151
f 2046 2146 2157
f 2136 2148 2137
f 2143 2155 2144
f 2151 2161 2162
f 2046 2157 2168
f 2147 2159 2148
f 2154 2166 2155
f 2151 2163 2152
f 2149 2159 2160
f 2155 2167 2156
f 2153 2163 2164
f 2149 2161 2150
f 2156 2168 2157
f 2147 2124 2158
f 2153 2165 2154
f 2164 2174 2175
f 2160 2172 2161
f 2167 2179 2168
f 2158 2124 2169
f 2164 2176 2165
f 2161 2173 2162
f 2046 2168 2179
f 2158 2170 2159
f 2165 2177 2166
f 2162 2174 2163
f 2159 2171 2160
f 2166 2178 2167
f 2173 2185 2174
f 2170 2182 2171
f 2177 2189 2178
f 2175 2185 2186
f 2172 2182 2183
f 2179 2189 2190
f 2169 2124 2180
f 2175 2187 2176
f 2173 2183 2184
f 2046 2179 2190
f 2169 2181 2170
f 2176 2188 2177
f 2186 2198 2187
f 2184 2194 2195
f 2046 2190 2201
f 2181 2191 2192
f 2187 2199 2188
f 2184 2196 2185
f 2182 2192 2193
f 2188 2200 2189
f 2186 2196 2197
f 2183 2193 2194
f 2189 2201 2190
f 2180 2124 2191
f 2197 2207 2208
f 2194 2204 2205
f 2201 2211 2212
f 2191 2124 2202
f 2197 2209 2198
f 2195 2205 2206
f 2046 2201 2212
f 2191 2203 2192
f 2198 2210 2199
f 2195 2207 2196
f 2192 2204 2193
f 2199 2211 2200
f 2209 2221 2210
f 2207 2217 2218
f 2203 2215 2204
f 2210 2222 2211
f 2207 2219 2208
f 2205 2215 2216
f 2211 2223 2212
f 2202 2124 2213
f 2208 2220 2209
f 2206 2216 2217
f 2046 2212 2223
f 2202 2214 2203
f 2213 2124 2224
f 2220 2230 2231
f 2216 2228 2217
f 2046 2223 2234
f 2214 2224 2225
f 2220 2232 2221
f 2217 2229 2218
f 2214 2226 2215
f 2221 2233 2222
f 2219 2229 2230
f 2216 2226 2227
f 2222 2234 2223
f 2233 2238 2022
f 2230 2020 2021
f 2227 2235 2236
f 2234 2022 2023
f 2224 2124 2017
f 2231 2021 2237
f 2227 2019 2228
f 2046 2234 2023
f 2224 2018 2225
f 2231 2238 2232
f 2228 2020 2229
f 2225 2235 2226
f 2240 2241 2239
f 2242 2243 2241
f 2244 2245 2243
f 2246 2247 2245
f 2248 2249 2247
f 2250 2251 2249
f 2251 2254 2253
f 2254 2255 2253
f 2256 2257 2255
f 2258 2259 2257
f 2260 2261 2259
f 2262 2263 2261
f 2264 2265 2263
f 2266 2267 2265
f 2267 2270 2269
f 2270 2271 2269
f 2272 2273 2271
f 2274 2275 2273
f 2276 2277 2275
f 2278 2279 2277
f 2280 2281 2279
f 2281 2284 2283
f 2276 2260 2244
f 2283 2286 2285
f 2286 2239 2285
f 2253 2269 2285
f 2288 2296 2505
f 2292 2302 2303
f 2290 2300 2291
f 2505 2297 2506
f 2292 2304 2293
f 2287 2394 2294
f 2507 2300 2301
f 2506 2298 2289
f 2316 2293 2304
f 2287 2295 2288
f 2508 2301 2302
f 2289 2299 2290
f 2294 2394 2305
f 2300 2312 2301
f 2297 2309 2298
f 2316 2304 2315
f 2294 2306 2295
f 2301 2313 2302
f 2299 2309 2310
f 2295 2307 2296
f 2302 2314 2303
f 2299 2311 2300
f 2296 2308 2297
f 2303 2315 2304
f 2313 2326 2314
f 2310 2323 2311
f 2308 2319 2320
f 2314 2327 2315
f 2305 2394 2317
f 2311 2324 2312
f 2309 2320 2321
f 2316 2315 2327
f 2305 2318 2306
f 2312 2325 2313
f 2309 2322 2310
f 2307 2318 2319
f 2318 2328 2329
f 2325 2335 2336
f 2322 2332 2333
f 2318 2330 2319
f 2326 2336 2337
f 2322 2334 2323
f 2319 2331 2320
f 2327 2337 2338
f 2317 2394 2328
f 2323 2335 2324
f 2320 2332 2321
f 2316 2327 2338
f 2337 2349 2338
f 2328 2394 2339
f 2334 2346 2335
f 2331 2343 2332
f 2316 2338 2349
f 2329 2339 2340
f 2335 2347 2336
f 2332 2344 2333
f 2330 2340 2341
f 2336 2348 2337
f 2333 2345 2334
f 2330 2342 2331
f 2340 2352 2341
f 2347 2359 2348
f 2344 2356 2345
f 2341 2353 2342
f 2349 2359 2360
f 2339 2394 2350
f 2345 2357 2346
f 2342 2354 2343
f 2316 2349 2360
f 2339 2351 2340
f 2346 2358 2347
f 2344 2354 2355
f 2316 2360 2371
f 2350 2362 2351
f 2357 2369 2358
f 2354 2366 2355
f 2351 2363 2352
f 2359 2369 2370
f 2355 2367 2356
f 2352 2364 2353
f 2359 2371 2360
f 2350 2394 2361
f 2356 2368 2357
f 2353 2365 2354
f 2363 2375 2364
f 2370 2382 2371
f 2361 2394 2372
f 2367 2379 2368
f 2365 2375 2376
f 2316 2371 2382
f 2362 2372 2373
f 2368 2380 2369
f 2365 2377 2366
f 2362 2374 2363
f 2369 2381 2370
f 2366 2378 2367
f 2374 2384 2385
f 2380 2392 2381
f 2377 2389 2378
f 2374 2386 2375
f 2381 2393 2382
f 2372 2394 2383
f 2379 2389 2390
f 2375 2387 2376
f 2316 2382 2393
f 2372 2384 2373
f 2379 2391 2380
f 2377 2387 2388
f 2387 2398 2399
f 2316 2393 2405
f 2383 2396 2384
f 2390 2403 2391
f 2387 2400 2388
f 2384 2397 2385
f 2391 2404 2392
f 2388 2401 2389
f 2385 2398 2386
f 2393 2404 2405
f 2383 2394 2395
f 2389 2402 2390
f 2397 2409 2398
f 2404 2416 2405
f 2395 2394 2406
f 2401 2413 2402
f 2399 2409 2410
f 2316 2405 2416
f 2395 2407 2396
f 2402 2414 2403
f 2399 2411 2400
f 2396 2408 2397
f 2403 2415 2404
f 2400 2412 2401
f 2410 2422 2411
f 2407 2419 2408
f 2414 2426 2415
f 2411 2423 2412
f 2408 2420 2409
f 2415 2427 2416
f 2406 2394 2417
f 2412 2424 2413
f 2409 2421 2410
f 2316 2416 2427
f 2406 2418 2407
f 2413 2425 2414
f 2421 2431 2432
f 2316 2427 2438
f 2417 2429 2418
f 2424 2436 2425
f 2421 2433 2422
f 2418 2430 2419
f 2425 2437 2426
f 2422 2434 2423
f 2419 2431 2420
f 2427 2437 2438
f 2417 2394 2428
f 2423 2435 2424
f 2434 2444 2445
f 2430 2442 2431
f 2437 2449 2438
f 2428 2394 2439
f 2434 2446 2435
f 2432 2442 2443
f 2316 2438 2449
f 2428 2440 2429
f 2435 2447 2436
f 2432 2444 2433
f 2430 2440 2441
f 2436 2448 2437
f 2443 2455 2444
f 2440 2452 2441
f 2447 2459 2448
f 2444 2456 2445
f 2441 2453 2442
f 2449 2459 2460
f 2439 2394 2450
f 2445 2457 2446
f 2443 2453 2454
f 2316 2449 2460
f 2439 2451 2440
f 2446 2458 2447
f 2456 2468 2457
f 2454 2464 2465
f 2316 2460 2471
f 2451 2461 2462
f 2457 2469 2458
f 2454 2466 2455
f 2451 2463 2452
f 2458 2470 2459
f 2455 2467 2456
f 2452 2464 2453
f 2459 2471 2460
f 2450 2394 2461
f 2467 2477 2478
f 2464 2474 2475
f 2470 2482 2471
f 2461 2394 2472
f 2467 2479 2468
f 2465 2475 2476
f 2316 2471 2482
f 2462 2472 2473
f 2468 2480 2469
f 2465 2477 2466
f 2462 2474 2463
f 2469 2481 2470
f 2479 2491 2480
f 2476 2488 2477
f 2473 2485 2474
f 2481 2491 2492
f 2477 2489 2478
f 2475 2485 2486
f 2482 2492 2493
f 2472 2394 2483
f 2478 2490 2479
f 2476 2486 2487
f 2316 2482 2493
f 2472 2484 2473
f 2483 2394 2494
f 2490 2500 2501
f 2486 2498 2487
f 2316 2493 2504
f 2483 2495 2484
f 2490 2502 2491
f 2487 2499 2488
f 2484 2496 2485
f 2491 2503 2492
f 2488 2500 2489
f 2486 2496 2497
f 2492 2504 2493
f 2502 2292 2503
f 2499 2291 2500
f 2497 2505 2506
f 2504 2292 2293
f 2494 2394 2287
f 2501 2291 2507
f 2497 2289 2498
f 2316 2504 2293
f 2495 2287 2288
f 2501 2508 2502
f 2498 2290 2499
f 2496 2288 2505
f 2510 2518 2727
f 2514 2524 2525
f 2513 2521 2522
f 2727 2519 2728
f 2515 2525 2526
f 2509 2616 2516
f 2729 2522 2523
f 2728 2520 2511
f 2538 2515 2526
f 2509 2517 2510
f 2730 2523 2524
f 2511 2521 2512
f 2516 2616 2527
f 2523 2533 2534
f 2519 2531 2520
f 2538 2526 2537
f 2516 2528 2517
f 2524 2534 2535
f 2520 2532 2521
f 2517 2529 2518
f 2525 2535 2536
f 2522 2532 2533
f 2518 2530 2519
f 2526 2536 2537
f 2536 2547 2548
f 2533 2544 2545
f 2529 2542 2530
f 2537 2548 2549
f 2527 2616 2539
f 2534 2545 2546
f 2530 2543 2531
f 2538 2537 2549
f 2527 2540 2528
f 2535 2546 2547
f 2531 2544 2532
f 2528 2541 2529
f 2539 2551 2540
f 2547 2557 2558
f 2543 2555 2544
f 2540 2552 2541
f 2548 2558 2559
f 2545 2555 2556
f 2541 2553 2542
f 2549 2559 2560
f 2539 2616 2550
f 2546 2556 2557
f 2542 2554 2543
f 2538 2549 2560
f 2560 2570 2571
f 2550 2616 2561
f 2557 2567 2568
f 2553 2565 2554
f 2538 2560 2571
f 2550 2562 2551
f 2558 2568 2569
f 2554 2566 2555
f 2551 2563 2552
f 2559 2569 2570
f 2556 2566 2567
f 2552 2564 2553
f 2563 2573 2574
f 2569 2581 2570
f 2566 2578 2567
f 2564 2574 2575
f 2570 2582 2571
f 2561 2616 2572
f 2567 2579 2568
f 2565 2575 2576
f 2538 2571 2582
f 2562 2572 2573
f 2568 2580 2569
f 2566 2576 2577
f 2538 2582 2593
f 2573 2583 2584
f 2579 2591 2580
f 2577 2587 2588
f 2574 2584 2585
f 2580 2592 2581
f 2577 2589 2578
f 2575 2585 2586
f 2581 2593 2582
f 2572 2616 2583
f 2578 2590 2579
f 2576 2586 2587
f 2586 2596 2597
f 2592 2604 2593
f 2583 2616 2594
f 2589 2601 2590
f 2587 2597 2598
f 2538 2593 2604
f 2584 2594 2595
f 2590 2602 2591
f 2588 2598 2599
f 2585 2595 2596
f 2591 2603 2592
f 2588 2600 2589
f 2596 2606 2607
f 2602 2614 2603
f 2599 2611 2600
f 2597 2607 2608
f 2603 2615 2604
f 2594 2616 2605
f 2600 2612 2601
f 2598 2608 2609
f 2538 2604 2615
f 2595 2605 2606
f 2601 2613 2602
f 2599 2609 2610
f 2609 2620 2621
f 2538 2615 2627
f 2606 2617 2618
f 2612 2625 2613
f 2610 2621 2622
f 2607 2618 2619
f 2613 2626 2614
f 2610 2623 2611
f 2608 2619 2620
f 2614 2627 2615
f 2605 2616 2617
f 2611 2624 2612
f 2619 2631 2620
f 2627 2637 2638
f 2617 2616 2628
f 2624 2634 2635
f 2620 2632 2621
f 2538 2627 2638
f 2617 2629 2618
f 2625 2635 2636
f 2621 2633 2622
f 2618 2630 2619
f 2626 2636 2637
f 2623 2633 2634
f 2632 2644 2633
f 2629 2641 2630
f 2637 2647 2648
f 2634 2644 2645
f 2630 2642 2631
f 2638 2648 2649
f 2628 2616 2639
f 2635 2645 2646
f 2631 2643 2632
f 2538 2638 2649
f 2628 2640 2629
f 2636 2646 2647
f 2642 2654 2643
f 2538 2649 2660
f 2639 2651 2640
f 2647 2657 2658
f 2643 2655 2644
f 2640 2652 2641
f 2648 2658 2659
f 2645 2655 2656
f 2641 2653 2642
f 2649 2659 2660
f 2639 2616 2650
f 2646 2656 2657
f 2656 2666 2667
f 2652 2664 2653
f 2660 2670 2671
f 2650 2616 2661
f 2657 2667 2668
f 2653 2665 2654
f 2538 2660 2671
f 2650 2662 2651
f 2658 2668 2669
f 2654 2666 2655
f 2651 2663 2652
f 2659 2669 2670
f 2665 2677 2666
f 2662 2674 2663
f 2670 2680 2681
f 2667 2677 2678
f 2663 2675 2664
f 2671 2681 2682
f 2661 2616 2672
f 2668 2678 2679
f 2664 2676 2665
f 2538 2671 2682
f 2661 2673 2662
f 2669 2679 2680
f 2678 2690 2679
f 2676 2686 2687
f 2538 2682 2693
f 2673 2683 2684
f 2679 2691 2680
f 2677 2687 2688
f 2674 2684 2685
f 2680 2692 2681
f 2677 2689 2678
f 2675 2685 2686
f 2681 2693 2682
f 2672 2616 2683
f 2688 2700 2689
f 2686 2696 2697
f 2692 2704 2693
f 2683 2616 2694
f 2689 2701 2690
f 2687 2697 2698
f 2538 2693 2704
f 2684 2694 2695
f 2690 2702 2691
f 2688 2698 2699
f 2685 2695 2696
f 2691 2703 2692
f 2701 2713 2702
f 2699 2709 2710
f 2696 2706 2707
f 2702 2714 2703
f 2699 2711 2700
f 2697 2707 2708
f 2703 2715 2704
f 2694 2616 2705
f 2700 2712 2701
f 2698 2708 2709
f 2538 2704 2715
f 2695 2705 2706
f 2705 2616 2716
f 2711 2723 2712
f 2709 2719 2720
f 2538 2715 2726
f 2706 2716 2717
f 2712 2724 2713
f 2710 2720 2721
f 2707 2717 2718
f 2713 2725 2714
f 2710 2722 2711
f 2708 2718 2719
f 2714 2726 2715
f 2724 2514 2725
f 2721 2513 2722
f 2719 2727 2728
f 2725 2515 2726
f 2716 2616 2509
f 2722 2729 2723
f 2720 2728 2511
f 2538 2726 2515
f 2717 2509 2510
f 2723 2730 2724
f 2721 2511 2512
f 2718 2510 2727
f 2732 2740 2949
f 2736 2746 2747
f 2735 2743 2744
f 2949 2741 2950
f 2736 2748 2737
f 2731 2838 2738
f 2951 2744 2745
f 2950 2742 2733
f 2760 2737 2748
f 2731 2739 2732
f 2952 2745 2746
f 2733 2743 2734
f 2738 2838 2749
f 2745 2755 2756
f 2741 2753 2742
f 2760 2748 2759
f 2739 2749 2750
f 2745 2757 2746
f 2742 2754 2743
f 2739 2751 2740
f 2746 2758 2747
f 2743 2755 2744
f 2741 2751 2752
f 2747 2759 2748
f 2757 2770 2758
f 2754 2767 2755
f 2751 2764 2752
f 2758 2771 2759
f 2749 2838 2761
f 2755 2768 2756
f 2753 2764 2765
f 2760 2759 2771
f 2749 2762 2750
f 2756 2769 2757
f 2754 2765 2766
f 2751 2762 2763
f 2761 2773 2762
f 2768 2780 2769
f 2766 2776 2777
f 2763 2773 2774
f 2770 2780 2781
f 2767 2777 2778
f 2763 2775 2764
f 2770 2782 2771
f 2761 2838 2772
f 2767 2779 2768
f 2765 2775 2776
f 2760 2771 2782
f 2782 2792 2793
f 2772 2838 2783
f 2779 2789 2790
f 2775 2787 2776
f 2760 2782 2793
f 2772 2784 2773
f 2779 2791 2780
f 2777 2787 2788
f 2774 2784 2785
f 2780 2792 2781
f 2777 2789 2778
f 2775 2785 2786
f 2784 2796 2785
f 2791 2803 2792
f 2788 2800 2789
f 2785 2797 2786
f 2792 2804 2793
f 2783 2838 2794
f 2789 2801 2790
f 2786 2798 2787
f 2760 2793 2804
f 2784 2794 2795
f 2791 2801 2802
f 2787 2799 2788
f 2760 2804 2815
f 2794 2806 2795
f 2801 2813 2802
f 2798 2810 2799
f 2796 2806 2807
f 2803 2813 2814
f 2799 2811 2800
f 2797 2807 2808
f 2804 2814 2815
f 2794 2838 2805
f 2800 2812 2801
f 2797 2809 2798
f 2807 2819 2808
f 2814 2826 2815
f 2805 2838 2816
f 2811 2823 2812
f 2809 2819 2820
f 2760 2815 2826
f 2805 2817 2806
f 2813 2823 2824
f 2809 2821 2810
f 2806 2818 2807
f 2814 2824 2825
f 2810 2822 2811
f 2817 2829 2818
f 2825 2835 2836
f 2821 2833 2822
f 2818 2830 2819
f 2825 2837 2826
f 2816 2838 2827
f 2823 2833 2834
f 2819 2831 2820
f 2760 2826 2837
f 2817 2827 2828
f 2824 2834 2835
f 2821 2831 2832
f 2830 2843 2831
f 2760 2837 2849
f 2828 2839 2840
f 2834 2847 2835
f 2831 2844 2832
f 2829 2840 2841
f 2836 2847 2848
f 2832 2845 2833
f 2829 2842 2830
f 2836 2849 2837
f 2827 2838 2839
f 2834 2845 2846
f 2842 2852 2853
f 2848 2860 2849
f 2839 2838 2850
f 2846 2856 2857
f 2842 2854 2843
f 2760 2849 2860
f 2840 2850 2851
f 2846 2858 2847
f 2843 2855 2844
f 2840 2852 2841
f 2848 2858 2859
f 2844 2856 2845
f 2854 2866 2855
f 2851 2863 2852
f 2858 2870 2859
f 2855 2867 2856
f 2853 2863 2864
f 2859 2871 2860
f 2850 2838 2861
f 2856 2868 2857
f 2854 2864 2865
f 2760 2860 2871
f 2851 2861 2862
f 2857 2869 2858
f 2865 2875 2876
f 2760 2871 2882
f 2861 2873 2862
f 2868 2880 2869
f 2865 2877 2866
f 2862 2874 2863
f 2870 2880 2881
f 2867 2877 2878
f 2864 2874 2875
f 2871 2881 2882
f 2861 2838 2872
f 2867 2879 2868
f 2877 2889 2878
f 2874 2886 2875
f 2882 2892 2893
f 2872 2838 2883
f 2878 2890 2879
f 2876 2886 2887
f 2760 2882 2893
f 2872 2884 2873
f 2880 2890 2891
f 2876 2888 2877
f 2873 2885 2874
f 2880 2892 2881
f 2887 2899 2888
f 2884 2896 2885
f 2892 2902 2903
f 2889 2899 2900
f 2886 2896 2897
f 2892 2904 2893
f 2883 2838 2894
f 2889 2901 2890
f 2887 2897 2898
f 2760 2893 2904
f 2883 2895 2884
f 2890 2902 2891
f 2900 2912 2901
f 2898 2908 2909
f 2760 2904 2915
f 2894 2906 2895
f 2902 2912 2913
f 2898 2910 2899
f 2896 2906 2907
f 2902 2914 2903
f 2900 2910 2911
f 2896 2908 2897
f 2904 2914 2915
f 2894 2838 2905
f 2911 2921 2922
f 2908 2918 2919
f 2914 2926 2915
f 2905 2838 2916
f 2911 2923 2912
f 2909 2919 2920
f 2760 2915 2926
f 2906 2916 2917
f 2912 2924 2913
f 2909 2921 2910
f 2906 2918 2907
f 2913 2925 2914
f 2923 2935 2924
f 2920 2932 2921
f 2917 2929 2918
f 2925 2935 2936
f 2921 2933 2922
f 2919 2929 2930
f 2926 2936 2937
f 2916 2838 2927
f 2922 2934 2923
f 2920 2930 2931
f 2760 2926 2937
f 2916 2928 2917
f 2927 2838 2938
f 2933 2945 2934
f 2930 2942 2931
f 2760 2937 2948
f 2927 2939 2928
f 2934 2946 2935
f 2931 2943 2932
f 2928 2940 2929
f 2936 2946 2947
f 2933 2943 2944
f 2930 2940 2941
f 2936 2948 2937
f 2947 2952 2736
f 2943 2735 2944
f 2941 2949 2950
f 2948 2736 2737
f 2938 2838 2731
f 2945 2735 2951
f 2941 2733 2942
f 2760 2948 2737
f 2938 2732 2939
f 2945 2952 2946
f 2942 2734 2943
f 2939 2949 2940
f 2953 2956 2955
f 2956 2957 2955
f 2958 2959 2957
f 2960 2961 2959
f 2962 2963 2961
f 2964 2965 2963
f 2966 2967 2965
f 2968 2969 2967
f 2970 2971 2969
f 2972 2973 2971
f 2974 2975 2973
f 2976 2977 2975
f 2978 2979 2977
f 2980 2981 2979
f 2982 2983 2981
f 2983 2986 2985
f 2986 2987 2985
f 2987 2990 2989
f 2989 2992 2991
f 2992 2993 2991
f 2994 2995 2993
f 2996 2997 2995
f 2990 2974 2958
f 2998 2999 2997
f 3000 2953 2999
f 2967 2983 2999
f 3002 3010 3219
f 3006 3016 3017
f 3004 3014 3005
f 3219 3011 3220
f 3006 3018 3007
f 3001 3108 3008
f 3221 3014 3015
f 3220 3012 3003
f 3030 3007 3018
f 3001 3009 3002
f 3222 3015 3016
f 3004 3012 3013
f 3008 3108 3019
f 3014 3026 3015
f 3012 3022 3023
f 3030 3018 3029
f 3009 3019 3020
f 3015 3027 3016
f 3013 3023 3024
f 3010 3020 3021
f 3016 3028 3017
f 3013 3025 3014
f 3011 3021 3022
f 3017 3029 3018
f 3028 3039 3040
f 3024 3037 3025
f 3021 3034 3022
f 3028 3041 3029
f 3019 3108 3031
f 3025 3038 3026
f 3023 3034 3035
f 3030 3029 3041
f 3019 3032 3020
f 3027 3038 3039
f 3024 3035 3036
f 3020 3033 3021
f 3031 3043 3032
f 3038 3050 3039
f 3035 3047 3036
f 3032 3044 3033
f 3039 3051 3040
f 3036 3048 3037
f 3034 3044 3045
f 3040 3052 3041
f 3031 3108 3042
f 3037 3049 3038
f 3035 3045 3046
f 3030 3041 3052
f 3051 3063 3052
f 3042 3108 3053
f 3048 3060 3049
f 3045 3057 3046
f 3030 3052 3063
f 3042 3054 3043
f 3049 3061 3050
f 3046 3058 3047
f 3044 3054 3055
f 3050 3062 3051
f 3047 3059 3048
f 3044 3056 3045
f 3054 3066 3055
f 3062 3072 3073
f 3058 3070 3059
f 3055 3067 3056
f 3063 3073 3074
f 3053 3108 3064
f 3060 3070 3071
f 3056 3068 3057
f 3030 3063 3074
f 3053 3065 3054
f 3061 3071 3072
f 3058 3068 3069
f 3030 3074 3085
f 3065 3075 3076
f 3071 3083 3072
f 3068 3080 3069
f 3065 3077 3066
f 3073 3083 3084
f 3070 3080 3081
f 3067 3077 3078
f 3073 3085 3074
f 3064 3108 3075
f 3071 3081 3082
f 3067 3079 3068
f 3077 3089 3078
f 3085 3095 3096
f 3075 3108 3086
f 3081 3093 3082
f 3079 3089 3090
f 3030 3085 3096
f 3075 3087 3076
f 3083 3093 3094
f 3079 3091 3080
f 3076 3088 3077
f 3084 3094 3095
f 3081 3091 3092
f 3087 3099 3088
f 3094 3106 3095
f 3092 3102 3103
f 3088 3100 3089
f 3095 3107 3096
f 3086 3108 3097
f 3092 3104 3093
f 3090 3100 3101
f 3030 3096 3107
f 3087 3097 3098
f 3094 3104 3105
f 3090 3102 3091
f 3100 3113 3101
f 3030 3107 3119
f 3098 3109 3110
f 3105 3116 3117
f 3101 3114 3102
f 3098 3111 3099
f 3106 3117 3118
f 3102 3115 3103
f 3100 3111 3112
f 3107 3118 3119
f 3097 3108 3109
f 3104 3115 3116
f 3111 3123 3112
f 3118 3130 3119
f 3109 3108 3120
f 3115 3127 3116
f 3113 3123 3124
f 3030 3119 3130
f 3109 3121 3110
f 3116 3128 3117
f 3113 3125 3114
f 3110 3122 3111
f 3117 3129 3118
f 3114 3126 3115
f 3125 3135 3136
f 3122 3132 3133
f 3128 3140 3129
f 3125 3137 3126
f 3123 3133 3134
f 3130 3140 3141
f 3120 3108 3131
f 3126 3138 3127
f 3124 3134 3135
f 3030 3130 3141
f 3120 3132 3121
f 3127 3139 3128
f 3134 3146 3135
f 3030 3141 3152
f 3132 3142 3143
f 3138 3150 3139
f 3135 3147 3136
f 3133 3143 3144
f 3139 3151 3140
f 3137 3147 3148
f 3134 3144 3145
f 3140 3152 3141
f 3131 3108 3142
f 3138 3148 3149
f 3148 3158 3159
f 3144 3156 3145
f 3152 3162 3163
f 3142 3108 3153
f 3148 3160 3149
f 3145 3157 3146
f 3030 3152 3163
f 3142 3154 3143
f 3150 3160 3161
f 3146 3158 3147
f 3143 3155 3144
f 3151 3161 3162
f 3157 3169 3158
f 3154 3166 3155
f 3161 3173 3162
f 3159 3169 3170
f 3156 3166 3167
f 3162 3174 3163
f 3153 3108 3164
f 3159 3171 3160
f 3157 3167 3168
f 3030 3163 3174
f 3154 3164 3165
f 3160 3172 3161
f 3170 3182 3171
f 3167 3179 3168
f 3030 3174 3185
f 3164 3176 3165
f 3171 3183 3172
f 3168 3180 3169
f 3166 3176 3177
f 3172 3184 3173
f 3170 3180 3181
f 3167 3177 3178
f 3174 3184 3185
f 3164 3108 3175
f 3181 3191 3192
f 3177 3189 3178
f 3185 3195 3196
f 3175 3108 3186
f 3181 3193 3182
f 3179 3189 3190
f 3030 3185 3196
f 3176 3186 3187
f 3182 3194 3183
f 3179 3191 3180
f 3177 3187 3188
f 3184 3194 3195
f 3193 3205 3194
f 3191 3201 3202
f 3187 3199 3188
f 3194 3206 3195
f 3191 3203 3192
f 3189 3199 3200
f 3196 3206 3207
f 3186 3108 3197
f 3192 3204 3193
f 3190 3200 3201
f 3030 3196 3207
f 3187 3197 3198
f 3197 3108 3208
f 3203 3215 3204
f 3200 3212 3201
f 3030 3207 3218
f 3197 3209 3198
f 3205 3215 3216
f 3201 3213 3202
f 3198 3210 3199
f 3206 3216 3217
f 3202 3214 3203
f 3199 3211 3200
f 3206 3218 3207
f 3217 3222 3006
f 3213 3005 3214
f 3211 3219 3220
f 3218 3006 3007
f 3208 3108 3001
f 3215 3005 3221
f 3211 3003 3212
f 3030 3218 3007
f 3208 3002 3209
f 3215 3222 3216
f 3212 3004 3213
f 3209 3219 3210
f 3224 3225 3223
f 3226 3227 3225
f 3228 3229 3227
f 3230 3231 3229
f 3232 3233 3231
f 3234 3235 3233
f 3235 3238 3237
f 3238 3239 3237
f 3240 3241 3239
f 3241 3244 3243
f 3244 3245 3243
f 3246 3247 3245
f 3248 3249 3247
f 3249 3252 3251
f 3252 3253 3251
f 3254 3255 3253
f 3256 3257 3255
f 3257 3260 3259
f 3259 3262 3261
f 3261 3264 3263
f 3264 3265 3263
f 3266 3267 3265
f 3260 3244 3228
f 3268 3269 3267
f 3270 3223 3269
f 3237 3253 3269
f 3272 3273 3271
f 3273 3276 3275
f 3275 3278 3277
f 3278 3279 3277
f 3279 3282 3281
f 3282 3283 3281
f 3284 3285 3283
f 3285 3288 3287
f 3288 3289 3287
f 3290 3291 3289
f 3291 3294 3293
f 3294 3295 3293
f 3296 3297 3295
f 3297 3300 3299
f 3299 3302 3301
f 3302 3303 3301
f 3304 3305 3303
f 3305 3308 3307
f 3307 3310 3309
f 3310 3311 3309
f 3312 3313 3311
f 3313 3316 3315
f 3308 3292 3276
f 3316 3317 3315
f 3318 3271 3317
f 3285 3301 3317
f 3324 3336 3325
f 3319 3426 3326
f 3323 3333 3539
f 3321 3329 3330
f 3348 3325 3336
f 3320 3326 3327
f 3539 3334 3540
f 3321 3331 3322
f 3320 3328 3537
f 3324 3334 3335
f 3323 3331 3332
f 3537 3329 3538
f 3330 3342 3331
f 3328 3338 3339
f 3334 3346 3335
f 3332 3342 3343
f 3328 3340 3329
f 3336 3346 3347
f 3326 3426 3337
f 3332 3344 3333
f 3330 3340 3341
f 3348 3336 3347
f 3326 3338 3327
f 3333 3345 3334
f 3343 3356 3344
f 3340 3353 3341
f 3348 3347 3359
f 3337 3350 3338
f 3345 3356 3357
f 3341 3354 3342
f 3338 3351 3339
f 3345 3358 3346
f 3342 3355 3343
f 3339 3352 3340
f 3347 3358 3359
f 3337 3426 3349
f 3354 3366 3355
f 3351 3363 3352
f 3358 3370 3359
f 3349 3426 3360
f 3355 3367 3356
f 3352 3364 3353
f 3348 3359 3370
f 3350 3360 3361
f 3357 3367 3368
f 3353 3365 3354
f 3350 3362 3351
f 3357 3369 3358
f 3368 3378 3379
f 3365 3375 3376
f 3361 3373 3362
f 3368 3380 3369
f 3366 3376 3377
f 3362 3374 3363
f 3369 3381 3370
f 3360 3426 3371
f 3366 3378 3367
f 3364 3374 3375
f 3348 3370 3381
f 3361 3371 3372
f 3371 3426 3382
f 3377 3389 3378
f 3374 3386 3375
f 3348 3381 3392
f 3371 3383 3372
f 3378 3390 3379
f 3376 3386 3387
f 3373 3383 3384
f 3380 3390 3391
f 3376 3388 3377
f 3374 3384 3385
f 3381 3391 3392
f 3390 3402 3391
f 3388 3398 3399
f 3384 3396 3385
f 3392 3402 3403
f 3382 3426 3393
f 3388 3400 3389
f 3385 3397 3386
f 3348 3392 3403
f 3382 3394 3383
f 3389 3401 3390
f 3386 3398 3387
f 3384 3394 3395
f 3393 3405 3394
f 3400 3412 3401
f 3397 3409 3398
f 3394 3406 3395
f 3401 3413 3402
f 3398 3410 3399
f 3395 3407 3396
f 3402 3414 3403
f 3393 3426 3404
f 3400 3410 3411
f 3396 3408 3397
f 3348 3403 3414
f 3413 3425 3414
f 3404 3426 3415
f 3410 3422 3411
f 3408 3418 3419
f 3348 3414 3425
f 3404 3416 3405
f 3412 3422 3423
f 3408 3420 3409
f 3406 3416 3417
f 3412 3424 3413
f 3410 3420 3421
f 3406 3418 3407
f 3416 3429 3417
f 3423 3436 3424
f 3420 3433 3421
f 3418 3429 3430
f 3425 3436 3437
f 3415 3426 3427
f 3421 3434 3422
f 3418 3431 3419
f 3348 3425 3437
f 3415 3428 3416
f 3422 3435 3423
f 3419 3432 3420
f 3348 3437 3448
f 3428 3438 3439
f 3435 3445 3446
f 3432 3442 3443
f 3428 3440 3429
f 3436 3446 3447
f 3432 3444 3433
f 3429 3441 3430
f 3436 3448 3437
f 3427 3426 3438
f 3433 3445 3434
f 3431 3441 3442
f 3441 3451 3452
f 3447 3459 3448
f 3438 3426 3449
f 3444 3456 3445
f 3442 3452 3453
f 3348 3448 3459
f 3439 3449 3450
f 3445 3457 3446
f 3442 3454 3443
f 3440 3450 3451
f 3447 3457 3458
f 3444 3454 3455
f 3450 3462 3451
f 3458 3468 3469
f 3454 3466 3455
f 3451 3463 3452
f 3459 3469 3470
f 3449 3426 3460
f 3455 3467 3456
f 3453 3463 3464
f 3348 3459 3470
f 3449 3461 3450
f 3456 3468 3457
f 3453 3465 3454
f 3463 3475 3464
f 3348 3470 3481
f 3460 3472 3461
f 3467 3479 3468
f 3464 3476 3465
f 3461 3473 3462
f 3468 3480 3469
f 3466 3476 3477
f 3462 3474 3463
f 3469 3481 3470
f 3460 3426 3471
f 3467 3477 3478
f 3473 3485 3474
f 3480 3492 3481
f 3471 3426 3482
f 3478 3488 3489
f 3474 3486 3475
f 3348 3481 3492
f 3472 3482 3483
f 3478 3490 3479
f 3475 3487 3476
f 3473 3483 3484
f 3479 3491 3480
f 3477 3487 3488
f 3487 3497 3498
f 3483 3495 3484
f 3491 3501 3502
f 3487 3499 3488
f 3484 3496 3485
f 3491 3503 3492
f 3482 3426 3493
f 3489 3499 3500
f 3485 3497 3486
f 3348 3492 3503
f 3483 3493 3494
f 3490 3500 3501
f 3497 3507 3508
f 3348 3503 3514
f 3493 3505 3494
f 3500 3512 3501
f 3497 3509 3498
f 3494 3506 3495
f 3502 3512 3513
f 3498 3510 3499
f 3496 3506 3507
f 3503 3513 3514
f 3493 3426 3504
f 3499 3511 3500
f 3510 3520 3521
f 3507 3517 3518
f 3513 3525 3514
f 3504 3426 3515
f 3510 3522 3511
f 3507 3519 3508
f 3348 3514 3525
f 3505 3515 3516
f 3511 3523 3512
f 3508 3520 3509
f 3506 3516 3517
f 3512 3524 3513
f 3520 3530 3531
f 3516 3528 3517
f 3523 3535 3524
f 3520 3532 3521
f 3518 3528 3529
f 3525 3535 3536
f 3515 3426 3526
f 3522 3532 3533
f 3518 3530 3519
f 3348 3525 3536
f 3515 3527 3516
f 3522 3534 3523
f 3533 3323 3539
f 3529 3321 3530
f 3348 3536 3325
f 3526 3320 3527
f 3534 3539 3540
f 3530 3322 3531
f 3527 3537 3528
f 3535 3540 3324
f 3531 3323 3532
f 3528 3538 3529
f 3536 3324 3325
f 3526 3426 3319
f 3546 3558 3547
f 3541 3648 3548
f 3761 3554 3555
f 3760 3552 3543
f 3570 3547 3558
f 3541 3549 3542
f 3762 3555 3556
f 3543 3553 3544
f 3542 3550 3759
f 3546 3556 3557
f 3545 3553 3554
f 3759 3551 3760
f 3552 3564 3553
f 3549 3561 3550
f 3557 3567 3568
f 3553 3565 3554
f 3550 3562 3551
f 3557 3569 3558
f 3548 3648 3559
f 3554 3566 3555
f 3551 3563 3552
f 3570 3558 3569
f 3548 3560 3549
f 3555 3567 3556
f 3565 3578 3566
f 3562 3575 3563
f 3570 3569 3581
f 3559 3572 3560
f 3566 3579 3567
f 3563 3576 3564
f 3561 3572 3573
f 3568 3579 3580
f 3564 3577 3565
f 3561 3574 3562
f 3568 3581 3569
f 3559 3648 3571
f 3576 3588 3577
f 3573 3585 3574
f 3580 3592 3581
f 3571 3648 3582
f 3577 3589 3578
f 3574 3586 3575
f 3570 3581 3592
f 3571 3583 3572
f 3578 3590 3579
f 3575 3587 3576
f 3572 3584 3573
f 3579 3591 3580
f 3590 3600 3601
f 3586 3598 3587
f 3584 3594 3595
f 3590 3602 3591
f 3587 3599 3588
f 3584 3596 3585
f 3591 3603 3592
f 3582 3648 3593
f 3588 3600 3589
f 3586 3596 3597
f 3570 3592 3603
f 3583 3593 3594
f 3593 3648 3604
f 3599 3611 3600
f 3597 3607 3608
f 3570 3603 3614
f 3593 3605 3594
f 3600 3612 3601
f 3597 3609 3598
f 3594 3606 3595
f 3601 3613 3602
f 3599 3609 3610
f 3595 3607 3596
f 3603 3613 3614
f 3612 3624 3613
f 3609 3621 3610
f 3606 3618 3607
f 3613 3625 3614
f 3604 3648 3615
f 3610 3622 3611
f 3607 3619 3608
f 3570 3614 3625
f 3604 3616 3605
f 3612 3622 3623
f 3608 3620 3609
f 3606 3616 3617
f 3615 3627 3616
f 3622 3634 3623
f 3619 3631 3620
f 3617 3627 3628
f 3624 3634 3635
f 3620 3632 3621
f 3617 3629 3618
f 3624 3636 3625
f 3615 3648 3626
f 3621 3633 3622
f 3619 3629 3630
f 3570 3625 3636
f 3635 3647 3636
f 3626 3648 3637
f 3632 3644 3633
f 3630 3640 3641
f 3570 3636 3647
f 3626 3638 3627
f 3634 3644 3645
f 3630 3642 3631
f 3627 3639 3628
f 3634 3646 3635
f 3631 3643 3632
f 3628 3640 3629
f 3638 3651 3639
f 3645 3658 3646
f 3642 3655 3643
f 3639 3652 3640
f 3646 3659 3647
f 3637 3648 3649
f 3643 3656 3644
f 3641 3652 3653
f 3570 3647 3659
f 3637 3650 3638
f 3645 3656 3657
f 3641 3654 3642
f 3570 3659 3670
f 3649 3661 3650
f 3656 3668 3657
f 3654 3664 3665
f 3650 3662 3651
f 3658 3668 3669
f 3654 3666 3655
f 3651 3663 3652
f 3658 3670 3659
f 3649 3648 3660
f 3655 3667 3656
f 3653 3663 3664
f 3662 3674 3663
f 3669 3681 3670
f 3660 3648 3671
f 3666 3678 3667
f 3664 3674 3675
f 3570 3670 3681
f 3660 3672 3661
f 3668 3678 3679
f 3664 3676 3665
f 3661 3673 3662
f 3668 3680 3669
f 3665 3677 3666
f 3672 3684 3673
f 3679 3691 3680
f 3677 3687 3688
f 3674 3684 3685
f 3681 3691 3692
f 3671 3648 3682
f 3677 3689 3678
f 3675 3685 3686
f 3570 3681 3692
f 3671 3683 3672
f 3678 3690 3679
f 3675 3687 3676
f 3686 3696 3697
f 3570 3692 3703
f 3683 3693 3694
f 3689 3701 3690
f 3686 3698 3687
f 3683 3695 3684
f 3690 3702 3691
f 3688 3698 3699
f 3685 3695 3696
f 3692 3702 3703
f 3682 3648 3693
f 3688 3700 3689
f 3695 3707 3696
f 3703 3713 3714
f 3693 3648 3704
f 3699 3711 3700
f 3697 3707 3708
f 3570 3703 3714
f 3693 3705 3694
f 3700 3712 3701
f 3697 3709 3698
f 3694 3706 3695
f 3701 3713 3702
f 3699 3709 3710
f 3708 3720 3709
f 3705 3717 3706
f 3712 3724 3713
f 3710 3720 3721
f 3706 3718 3707
f 3714 3724 3725
f 3704 3648 3715
f 3710 3722 3711
f 3708 3718 3719
f 3570 3714 3725
f 3704 3716 3705
f 3712 3722 3723
f 3718 3730 3719
f 3570 3725 3736
f 3715 3727 3716
f 3723 3733 3734
f 3719 3731 3720
f 3717 3727 3728
f 3724 3734 3735
f 3720 3732 3721
f 3717 3729 3718
f 3724 3736 3725
f 3715 3648 3726
f 3721 3733 3722
f 3731 3743 3732
f 3729 3739 3740
f 3736 3746 3747
f 3726 3648 3737
f 3732 3744 3733
f 3729 3741 3730
f 3570 3736 3747
f 3727 3737 3738
f 3733 3745 3734
f 3730 3742 3731
f 3727 3739 3728
f 3735 3745 3746
f 3741 3753 3742
f 3738 3750 3739
f 3746 3756 3757
f 3742 3754 3743
f 3740 3750 3751
f 3747 3757 3758
f 3737 3648 3748
f 3744 3754 3755
f 3740 3752 3741
f 3570 3747 3758
f 3737 3749 3738
f 3744 3756 3745
f 3755 3545 3761
f 3751 3543 3752
f 3570 3758 3547
f 3748 3542 3749
f 3755 3762 3756
f 3752 3544 3753
f 3749 3759 3750
f 3757 3762 3546
f 3753 3545 3754
f 3751 3759 3760
f 3758 3546 3547
f 3748 3648 3541
f 3764 3765 3763
f 3765 3768 3767
f 3768 3769 3767
f 3770 3771 3769
f 3772 3773 3771
f 3773 3776 3775
f 3776 3777 3775
f 3778 3779 3777
f 3780 3781 3779
f 3782 3783 3781
f 3784 3785 3783
f 3785 3788 3787
f 3788 3789 3787
f 3790 3791 3789
f 3792 3793 3791
f 3794 3795 3793
f 3796 3797 3795
f 3798 3799 3797
f 3800 3801 3799
f 3802 3803 3801
f 3804 3805 3803
f 3806 3807 3805
f 3800 3784 3768
f 3808 3809 3807
f 3810 3763 3809
f 3777 3793 3809
f 3811 3918 3818
f 4031 3824 3825
f 4030 3822 3813
f 3840 3817 3828
f 3811 3819 3812
f 4032 3825 3826
f 3813 3823 3814
f 3812 3820 4029
f 4032 3827 3816
f 3814 3824 3815
f 4029 3821 4030
f 3816 3828 3817
f 3823 3833 3834
f 3819 3831 3820
f 3826 3838 3827
f 3823 3835 3824
f 3821 3831 3832
f 3828 3838 3839
f 3818 3918 3829
f 3824 3836 3825
f 3821 3833 3822
f 3840 3828 3839
f 3818 3830 3819
f 3825 3837 3826
f 3833 3844 3845
f 3840 3839 3851
f 3830 3841 3842
f 3836 3849 3837
f 3833 3846 3834
f 3830 3843 3831
f 3837 3850 3838
f 3834 3847 3835
f 3832 3843 3844
f 3838 3851 3839
f 3829 3918 3841
f 3835 3848 3836
f 3846 3858 3847
f 3843 3855 3844
f 3850 3862 3851
f 3841 3918 3852
f 3847 3859 3848
f 3845 3855 3856
f 3840 3851 3862
f 3842 3852 3853
f 3848 3860 3849
f 3846 3856 3857
f 3842 3854 3843
f 3849 3861 3850
f 3857 3867 3868
f 3853 3865 3854
f 3860 3872 3861
f 3857 3869 3858
f 3854 3866 3855
f 3862 3872 3873
f 3852 3918 3863
f 3858 3870 3859
f 3855 3867 3856
f 3840 3862 3873
f 3852 3864 3853
f 3859 3871 3860
f 3869 3881 3870
f 3866 3878 3867
f 3840 3873 3884
f 3863 3875 3864
f 3870 3882 3871
f 3868 3878 3879
f 3864 3876 3865
f 3871 3883 3872
f 3868 3880 3869
f 3865 3877 3866
f 3872 3884 3873
f 3863 3918 3874
f 3879 3891 3880
f 3876 3888 3877
f 3883 3895 3884
f 3874 3918 3885
f 3880 3892 3881
f 3878 3888 3889
f 3840 3884 3895
f 3874 3886 3875
f 3881 3893 3882
f 3878 3890 3879
f 3875 3887 3876
f 3882 3894 3883
f 3892 3904 3893
f 3890 3900 3901
f 3887 3897 3898
f 3893 3905 3894
f 3890 3902 3891
f 3887 3899 3888
f 3894 3906 3895
f 3885 3918 3896
f 3891 3903 3892
f 3889 3899 3900
f 3840 3895 3906
f 3885 3897 3886
f 3896 3918 3907
f 3902 3914 3903
f 3900 3910 3911
f 3840 3906 3917
f 3897 3907 3908
f 3903 3915 3904
f 3901 3911 3912
f 3897 3909 3898
f 3904 3916 3905
f 3901 3913 3902
f 3898 3910 3899
f 3905 3917 3906
f 3915 3928 3916
f 3912 3925 3913
f 3909 3922 3910
f 3917 3928 3929
f 3907 3918 3919
f 3913 3926 3914
f 3911 3922 3923
f 3840 3917 3929
f 3907 3920 3908
f 3914 3927 3915
f 3912 3923 3924
f 3908 3921 3909
f 3919 3931 3920
f 3927 3937 3938
f 3923 3935 3924
f 3920 3932 3921
f 3927 3939 3928
f 3925 3935 3936
f 3921 3933 3922
f 3928 3940 3929
f 3919 3918 3930
f 3925 3937 3926
f 3923 3933 3934
f 3840 3929 3940
f 3939 3951 3940
f 3930 3918 3941
f 3937 3947 3948
f 3934 3944 3945
f 3840 3940 3951
f 3930 3942 3931
f 3938 3948 3949
f 3934 3946 3935
f 3931 3943 3932
f 3938 3950 3939
f 3936 3946 3947
f 3932 3944 3933
f 3942 3954 3943
f 3950 3960 3961
f 3947 3957 3958
f 3943 3955 3944
f 3950 3962 3951
f 3941 3918 3952
f 3947 3959 3948
f 3945 3955 3956
f 3840 3951 3962
f 3941 3953 3942
f 3948 3960 3949
f 3945 3957 3946
f 3840 3962 3973
f 3952 3964 3953
f 3959 3971 3960
f 3956 3968 3957
f 3954 3964 3965
f 3960 3972 3961
f 3958 3968 3969
f 3955 3965 3966
f 3962 3972 3973
f 3952 3918 3963
f 3958 3970 3959
f 3956 3966 3967
f 3966 3976 3977
f 3972 3984 3973
f 3963 3918 3974
f 3969 3981 3970
f 3967 3977 3978
f 3840 3973 3984
f 3963 3975 3964
f 3971 3981 3982
f 3967 3979 3968
f 3964 3976 3965
f 3972 3982 3983
f 3969 3979 3980
f 3976 3986 3987
f 3982 3994 3983
f 3980 3990 3991
f 3977 3987 3988
f 3983 3995 3984
f 3974 3918 3985
f 3980 3992 3981
f 3978 3988 3989
f 3840 3984 3995
f 3975 3985 3986
f 3981 3993 3982
f 3978 3990 3979
f 3989 3999 4000
f 3840 3995 4006
f 3986 3996 3997
f 3992 4004 3993
f 3989 4001 3990
f 3986 3998 3987
f 3994 4004 4005
f 3991 4001 4002
f 3987 3999 3988
f 3995 4005 4006
f 3985 3918 3996
f 3991 4003 3992
f 3999 4009 4010
f 4006 4016 4017
f 3996 3918 4007
f 4002 4014 4003
f 4000 4010 4011
f 3840 4006 4017
f 3997 4007 4008
f 4003 4015 4004
f 4000 4012 4001
f 3997 4009 3998
f 4004 4016 4005
f 4001 4013 4002
f 4012 4022 4023
f 4008 4020 4009
f 4015 4027 4016
f 4012 4024 4013
f 4010 4020 4021
f 4016 4028 4017
f 4007 3918 4018
f 4014 4024 4025
f 4010 4022 4011
f 3840 4017 4028
f 4007 4019 4008
f 4015 4025 4026
f 4021 3813 4022
f 3840 4028 3817
f 4018 3812 4019
f 4025 4032 4026
f 4022 3814 4023
f 4019 4029 4020
f 4027 4032 3816
f 4024 3814 3815
f 4021 4029 4030
f 4028 3816 3817
f 4018 3918 3811
f 4025 3815 4031
f 4034 4035 4033
f 4036 4037 4035
f 4038 4039 4037
f 4040 4041 4039
f 4042 4043 4041
f 4044 4045 4043
f 4046 4047 4045
f 4048 4049 4047
f 4049 4052 4051
f 4052 4053 4051
f 4054 4055 4053
f 4056 4057 4055
f 4058 4059 4057
f 4060 4061 4059
f 4062 4063 4061
f 4064 4065 4063
f 4065 4068 4067
f 4068 4069 4067
f 4069 4072 4071
f 4071 4074 4073
f 4074 4075 4073
f 4076 4077 4075
f 4070 4054 4038
f 4077 4080 4079
f 4080 4033 4079
f 4047 4063 4079
f 4081 4188 4088
f 4301 4094 4095
f 4300 4092 4083
f 4110 4087 4098
f 4081 4089 4082
f 4302 4095 4096
f 4083 4093 4084
f 4082 4090 4299
f 4086 4096 4097
f 4084 4094 4085
f 4299 4091 4300
f 4086 4098 4087
f 4093 4103 4104
f 4089 4101 4090
f 4096 4108 4097
f 4093 4105 4094
f 4090 4102 4091
f 4097 4109 4098
f 4088 4188 4099
f 4094 4106 4095
f 4091 4103 4092
f 4110 4098 4109
f 4088 4100 4089
f 4095 4107 4096
f 4102 4115 4103
f 4110 4109 4121
f 4099 4112 4100
f 4107 4118 4119
f 4104 4115 4116
f 4101 4112 4113
f 4107 4120 4108
f 4104 4117 4105
f 4101 4114 4102
f 4108 4121 4109
f 4099 4188 4111
f 4106 4117 4118
f 4116 4128 4117
f 4113 4125 4114
f 4121 4131 4132
f 4111 4188 4122
f 4117 4129 4118
f 4115 4125 4126
f 4110 4121 4132
f 4111 4123 4112
f 4119 4129 4130
f 4115 4127 4116
f 4113 4123 4124
f 4119 4131 4120
f 4127 4137 4138
f 4123 4135 4124
f 4130 4142 4131
f 4127 4139 4128
f 4124 4136 4125
f 4131 4143 4132
f 4122 4188 4133
f 4128 4140 4129
f 4125 4137 4126
f 4110 4132 4143
f 4123 4133 4134
f 4129 4141 4130
f 4139 4151 4140
f 4136 4148 4137
f 4110 4143 4154
f 4133 4145 4134
f 4141 4151 4152
f 4137 4149 4138
f 4135 4145 4146
f 4141 4153 4142
f 4138 4150 4139
f 4135 4147 4136
f 4142 4154 4143
f 4133 4188 4144
f 4149 4161 4150
f 4146 4158 4147
f 4154 4164 4165
f 4144 4188 4155
f 4150 4162 4151
f 4148 4158 4159
f 4110 4154 4165
f 4144 4156 4145
f 4151 4163 4152
f 4148 4160 4149
f 4146 4156 4157
f 4152 4164 4153
f 4162 4174 4163
f 4160 4170 4171
f 4156 4168 4157
f 4163 4175 4164
f 4160 4172 4161
f 4157 4169 4158
f 4164 4176 4165
f 4155 4188 4166
f 4161 4173 4162
f 4158 4170 4159
f 4110 4165 4176
f 4156 4166 4167
f 4166 4188 4177
f 4172 4184 4173
f 4169 4181 4170
f 4110 4176 4187
f 4166 4178 4167
f 4173 4185 4174
f 4170 4182 4171
f 4168 4178 4179
f 4174 4186 4175
f 4171 4183 4172
f 4169 4179 4180
f 4175 4187 4176
f 4185 4198 4186
f 4182 4195 4183
f 4179 4192 4180
f 4186 4199 4187
f 4177 4188 4189
f 4183 4196 4184
f 4180 4193 4181
f 4110 4187 4199
f 4177 4190 4178
f 4184 4197 4185
f 4181 4194 4182
f 4178 4191 4179
f 4190 4200 4201
f 4196 4208 4197
f 4193 4205 4194
f 4190 4202 4191
f 4197 4209 4198
f 4194 4206 4195
f 4191 4203 4192
f 4198 4210 4199
f 4189 4188 4200
f 4195 4207 4196
f 4193 4203 4204
f 4110 4199 4210
f 4209 4221 4210
f 4200 4188 4211
f 4206 4218 4207
f 4204 4214 4215
f 4110 4210 4221
f 4201 4211 4212
f 4207 4219 4208
f 4204 4216 4205
f 4202 4212 4213
f 4209 4219 4220
f 4206 4216 4217
f 4203 4213 4214
f 4212 4224 4213
f 4220 4230 4231
f 4216 4228 4217
f 4213 4225 4214
f 4220 4232 4221
f 4211 4188 4222
f 4217 4229 4218
f 4215 4225 4226
f 4110 4221 4232
f 4212 4222 4223
f 4218 4230 4219
f 4215 4227 4216
f 4110 4232 4243
f 4222 4234 4223
f 4229 4241 4230
f 4226 4238 4227
f 4223 4235 4224
f 4231 4241 4242
f 4228 4238 4239
f 4225 4235 4236
f 4232 4242 4243
f 4222 4188 4233
f 4228 4240 4229
f 4226 4236 4237
f 4235 4247 4236
f 4242 4254 4243
f 4233 4188 4244
f 4239 4251 4240
f 4236 4248 4237
f 4110 4243 4254
f 4234 4244 4245
f 4240 4252 4241
f 4237 4249 4238
f 4235 4245 4246
f 4241 4253 4242
f 4239 4249 4250
f 4246 4256 4257
f 4252 4264 4253
f 4249 4261 4250
f 4246 4258 4247
f 4253 4265 4254
f 4244 4188 4255
f 4250 4262 4251
f 4248 4258 4259
f 4110 4254 4265
f 4244 4256 4245
f 4251 4263 4252
f 4248 4260 4249
f 4258 4270 4259
f 4110 4265 4276
f 4256 4266 4267
f 4262 4274 4263
f 4259 4271 4260
f 4256 4268 4257
f 4264 4274 4275
f 4261 4271 4272
f 4258 4268 4269
f 4265 4275 4276
f 4255 4188 4266
f 4261 4273 4262
f 4269 4279 4280
f 4275 4287 4276
f 4266 4188 4277
f 4272 4284 4273
f 4270 4280 4281
f 4110 4276 4287
f 4266 4278 4267
f 4273 4285 4274
f 4270 4282 4271
f 4267 4279 4268
f 4275 4285 4286
f 4272 4282 4283
f 4281 4293 4282
f 4278 4290 4279
f 4285 4297 4286
f 4282 4294 4283
f 4280 4290 4291
f 4287 4297 4298
f 4277 4188 4288
f 4283 4295 4284
f 4280 4292 4281
f 4110 4287 4298
f 4277 4289 4278
f 4284 4296 4285
f 4291 4083 4292
f 4110 4298 4087
f 4288 4082 4289
f 4295 4302 4296
f 4292 4084 4293
f 4289 4299 4290
f 4296 4086 4297
f 4294 4084 4085
f 4291 4299 4300
f 4298 4086 4087
f 4288 4188 4081
f 4295 4085 4301
f 4303 4410 4310
f 4523 4316 4317
f 4522 4314 4305
f 4332 4309 4320
f 4303 4311 4304
f 4524 4317 4318
f 4305 4315 4306
f 4304 4312 4521
f 4308 4318 4319
f 4307 4315 4316
f 4521 4313 4522
f 4309 4319 4320
f 4314 4326 4315
f 4311 4323 4312
f 4319 4329 4330
f 4316 4326 4327
f 4312 4324 4313
f 4320 4330 4331
f 4310 4410 4321
f 4317 4327 4328
f 4313 4325 4314
f 4332 4320 4331
f 4310 4322 4311
f 4318 4328 4329
f 4324 4337 4325
f 4332 4331 4343
f 4321 4334 4322
f 4329 4340 4341
f 4325 4338 4326
f 4322 4335 4323
f 4330 4341 4342
f 4327 4338 4339
f 4323 4336 4324
f 4331 4342 4343
f 4321 4410 4333
f 4328 4339 4340
f 4339 4349 4350
f 4335 4347 4336
f 4343 4353 4354
f 4333 4410 4344
f 4340 4350 4351
f 4336 4348 4337
f 4332 4343 4354
f 4333 4345 4334
f 4341 4351 4352
f 4337 4349 4338
f 4334 4346 4335
f 4342 4352 4353
f 4348 4360 4349
f 4345 4357 4346
f 4353 4363 4364
f 4350 4360 4361
f 4346 4358 4347
f 4354 4364 4365
f 4344 4410 4355
f 4351 4361 4362
f 4347 4359 4348
f 4332 4354 4365
f 4344 4356 4345
f 4352 4362 4363
f 4361 4373 4362
f 4359 4369 4370
f 4332 4365 4376
f 4356 4366 4367
f 4362 4374 4363
f 4360 4370 4371
f 4357 4367 4368
f 4363 4375 4364
f 4360 4372 4361
f 4358 4368 4369
f 4364 4376 4365
f 4355 4410 4366
f 4371 4383 4372
f 4369 4379 4380
f 4375 4387 4376
f 4366 4410 4377
f 4372 4384 4373
f 4370 4380 4381
f 4332 4376 4387
f 4367 4377 4378
f 4373 4385 4374
f 4371 4381 4382
f 4368 4378 4379
f 4374 4386 4375
f 4384 4396 4385
f 4382 4392 4393
f 4379 4389 4390
f 4385 4397 4386
f 4382 4394 4383
f 4380 4390 4391
f 4386 4398 4387
f 4377 4410 4388
f 4383 4395 4384
f 4381 4391 4392
f 4332 4387 4398
f 4378 4388 4389
f 4388 4410 4399
f 4394 4406 4395
f 4392 4402 4403
f 4332 4398 4409
f 4389 4399 4400
f 4395 4407 4396
f 4393 4403 4404
f 4390 4400 4401
f 4396 4408 4397
f 4393 4405 4394
f 4391 4401 4402
f 4397 4409 4398
f 4407 4420 4408
f 4404 4417 4405
f 4402 4413 4414
f 4408 4421 4409
f 4399 4410 4411
f 4405 4418 4406
f 4403 4414 4415
f 4332 4409 4421
f 4400 4411 4412
f 4406 4419 4407
f 4404 4415 4416
f 4401 4412 4413
f 4411 4423 4412
f 4419 4429 4430
f 4415 4427 4416
f 4412 4424 4413
f 4420 4430 4431
f 4417 4427 4428
f 4413 4425 4414
f 4421 4431 4432
f 4411 4410 4422
f 4418 4428 4429
f 4414 4426 4415
f 4332 4421 4432
f 4432 4442 4443
f 4422 4410 4433
f 4429 4439 4440
f 4425 4437 4426
f 4332 4432 4443
f 4422 4434 4423
f 4430 4440 4441
f 4426 4438 4427
f 4423 4435 4424
f 4431 4441 4442
f 4428 4438 4439
f 4424 4436 4425
f 4434 4446 4435
f 4442 4452 4453
f 4439 4449 4450
f 4435 4447 4436
f 4443 4453 4454
f 4433 4410 4444
f 4440 4450 4451
f 4436 4448 4437
f 4332 4443 4454
f 4433 4445 4434
f 4441 4451 4452
f 4437 4449 4438
f 4332 4454 4465
f 4444 4456 4445
f 4452 4462 4463
f 4448 4460 4449
f 4445 4457 4446
f 4453 4463 4464
f 4450 4460 4461
f 4446 4458 4447
f 4454 4464 4465
f 4444 4410 4455
f 4451 4461 4462
f 4447 4459 4448
f 4457 4469 4458
f 4465 4475 4476
f 4455 4410 4466
f 4462 4472 4473
f 4458 4470 4459
f 4332 4465 4476
f 4455 4467 4456
f 4463 4473 4474
f 4459 4471 4460
f 4456 4468 4457
f 4464 4474 4475
f 4461 4471 4472
f 4468 4478 4479
f 4474 4486 4475
f 4471 4483 4472
f 4469 4479 4480
f 4475 4487 4476
f 4466 4410 4477
f 4472 4484 4473
f 4470 4480 4481
f 4332 4476 4487
f 4467 4477 4478
f 4473 4485 4474
f 4471 4481 4482
f 4481 4491 4492
f 4332 4487 4498
f 4478 4488 4489
f 4484 4496 4485
f 4482 4492 4493
f 4479 4489 4490
f 4485 4497 4486
f 4482 4494 4483
f 4480 4490 4491
f 4486 4498 4487
f 4477 4410 4488
f 4483 4495 4484
f 4491 4501 4502
f 4497 4509 4498
f 4488 4410 4499
f 4494 4506 4495
f 4492 4502 4503
f 4332 4498 4509
f 4489 4499 4500
f 4495 4507 4496
f 4493 4503 4504
f 4490 4500 4501
f 4496 4508 4497
f 4493 4505 4494
f 4504 4514 4515
f 4501 4511 4512
f 4507 4519 4508
f 4504 4516 4505
f 4502 4512 4513
f 4508 4520 4509
f 4499 4410 4510
f 4505 4517 4506
f 4503 4513 4514
f 4332 4509 4520
f 4500 4510 4511
f 4506 4518 4507
f 4514 4522 4305
f 4332 4520 4309
f 4511 4303 4304
f 4517 4524 4518
f 4515 4305 4306
f 4512 4304 4521
f 4518 4308 4519
f 4515 4307 4516
f 4513 4521 4522
f 4519 4309 4520
f 4510 4410 4303
f 4516 4523 4517
f 4 13 14
f 220 219 10
f 6 17 18
f 5 14 15
f 3 220 11
f 2 1 8
f 221 15 16
f 4 3 12
f 219 2 9
f 222 16 17
f 9 8 19
f 15 26 27
f 13 12 23
f 10 9 20
f 16 27 28
f 13 24 25
f 11 10 21
f 17 28 29
f 14 25 26
f 12 11 22
f 22 21 33
f 28 40 41
f 25 37 38
f 23 22 34
f 20 19 31
f 26 38 39
f 24 23 35
f 21 20 32
f 27 39 40
f 24 36 37
f 33 32 43
f 39 50 51
f 36 47 48
f 34 33 44
f 40 51 52
f 37 48 49
f 35 34 45
f 32 31 42
f 38 49 50
f 36 35 46
f 46 45 56
f 43 42 53
f 49 60 61
f 47 46 57
f 44 43 54
f 50 61 62
f 47 58 59
f 45 44 55
f 51 62 63
f 48 59 60
f 55 66 67
f 63 62 73
f 60 59 70
f 56 67 68
f 53 64 65
f 61 60 71
f 57 68 69
f 54 65 66
f 62 61 72
f 59 58 69
f 68 79 80
f 65 76 77
f 73 72 83
f 70 69 80
f 66 77 78
f 74 73 84
f 71 70 81
f 67 78 79
f 64 75 76
f 72 71 82
f 78 89 90
f 75 86 87
f 83 82 93
f 79 90 91
f 76 87 88
f 84 83 94
f 81 80 91
f 77 88 89
f 85 84 95
f 82 81 92
f 92 91 102
f 88 99 100
f 96 95 106
f 93 92 103
f 89 100 101
f 86 97 98
f 94 93 104
f 90 101 102
f 87 98 99
f 95 94 105
f 101 113 114
f 98 110 111
f 106 105 117
f 103 102 114
f 99 111 112
f 107 106 118
f 104 103 115
f 100 112 113
f 97 109 110
f 105 104 116
f 115 126 127
f 113 112 123
f 110 109 120
f 116 127 128
f 114 113 124
f 111 110 121
f 117 128 129
f 114 125 126
f 112 111 122
f 118 129 130
f 125 136 137
f 123 122 133
f 129 140 141
f 126 137 138
f 124 123 134
f 121 120 131
f 127 138 139
f 125 124 135
f 122 121 132
f 128 139 140
f 138 149 150
f 136 135 146
f 133 132 143
f 139 150 151
f 136 147 148
f 134 133 144
f 140 151 152
f 137 148 149
f 135 134 145
f 132 131 142
f 148 159 160
f 146 145 156
f 143 142 153
f 149 160 161
f 147 146 157
f 144 143 154
f 150 161 162
f 147 158 159
f 145 144 155
f 151 162 163
f 161 172 173
f 158 169 170
f 156 155 166
f 162 173 174
f 159 170 171
f 157 156 167
f 154 153 164
f 160 171 172
f 158 157 168
f 155 154 165
f 164 175 176
f 172 171 182
f 168 179 180
f 165 176 177
f 173 172 183
f 170 169 180
f 166 177 178
f 174 173 184
f 171 170 181
f 167 178 179
f 185 184 195
f 182 181 192
f 178 189 190
f 175 186 187
f 183 182 193
f 179 190 191
f 176 187 188
f 184 183 194
f 181 180 191
f 177 188 189
f 187 198 199
f 195 194 205
f 192 191 202
f 188 199 200
f 196 195 206
f 193 192 203
f 189 200 201
f 186 197 198
f 194 193 204
f 190 201 202
f 197 208 209
f 205 204 215
f 201 212 213
f 198 209 210
f 206 205 216
f 203 202 213
f 199 210 211
f 207 206 217
f 204 203 214
f 200 211 212
f 210 219 220
f 218 217 6
f 215 214 5
f 211 220 3
f 208 1 2
f 216 215 221
f 212 3 4
f 209 2 219
f 217 216 222
f 214 213 4
f 226 235 236
f 442 441 232
f 228 239 240
f 227 236 237
f 225 442 233
f 224 223 230
f 443 237 238
f 226 225 234
f 441 224 231
f 444 238 239
f 231 230 241
f 237 248 249
f 235 234 245
f 232 231 242
f 238 249 250
f 235 246 247
f 233 232 243
f 239 250 251
f 236 247 248
f 234 233 244
f 244 243 255
f 250 262 263
f 247 259 260
f 245 244 256
f 242 241 253
f 248 260 261
f 246 245 257
f 243 242 254
f 249 261 262
f 246 258 259
f 255 254 265
f 261 272 273
f 258 269 270
f 256 255 266
f 262 273 274
f 259 270 271
f 257 256 267
f 254 253 264
f 260 271 272
f 258 257 268
f 268 267 278
f 265 264 275
f 271 282 283
f 269 268 279
f 266 265 276
f 272 283 284
f 269 280 281
f 267 266 277
f 273 284 285
f 270 281 282
f 277 288 289
f 285 284 295
f 282 281 292
f 278 289 290
f 275 286 287
f 283 282 293
f 279 290 291
f 276 287 288
f 284 283 294
f 281 280 291
f 290 301 302
f 287 298 299
f 295 294 305
f 292 291 302
f 288 299 300
f 296 295 306
f 293 292 303
f 289 300 301
f 286 297 298
f 294 293 304
f 300 311 312
f 297 308 309
f 305 304 315
f 301 312 313
f 298 309 310
f 306 305 316
f 303 302 313
f 299 310 311
f 307 306 317
f 304 303 314
f 314 313 324
f 310 321 322
f 318 317 328
f 315 314 325
f 311 322 323
f 308 319 320
f 316 315 326
f 312 323 324
f 309 320 321
f 317 316 327
f 323 335 336
f 320 332 333
f 328 327 339
f 325 324 336
f 321 333 334
f 329 328 340
f 326 325 337
f 322 334 335
f 319 331 332
f 327 326 338
f 337 348 349
f 335 334 345
f 332 331 342
f 338 349 350
f 336 335 346
f 333 332 343
f 339 350 351
f 336 347 348
f 334 333 344
f 340 351 352
f 347 358 359
f 345 344 355
f 351 362 363
f 348 359 360
f 346 345 356
f 343 342 353
f 349 360 361
f 347 346 357
f 344 343 354
f 350 361 362
f 360 371 372
f 358 357 368
f 355 354 365
f 361 372 373
f 358 369 370
f 356 355 366
f 362 373 374
f 359 370 371
f 357 356 367
f 354 353 364
f 370 381 382
f 368 367 378
f 365 364 375
f 371 382 383
f 369 368 379
f 366 365 376
f 372 383 384
f 369 380 381
f 367 366 377
f 373 384 385
f 383 394 395
f 380 391 392
f 378 377 388
f 384 395 396
f 381 392 393
f 379 378 389
f 376 375 386
f 382 393 394
f 380 379 390
f 377 376 387
f 386 397 398
f 394 393 404
f 390 401 402
f 387 398 399
f 395 394 405
f 392 391 402
f 388 399 400
f 396 395 406
f 393 392 403
f 389 400 401
f 407 406 417
f 404 403 414
f 400 411 412
f 397 408 409
f 405 404 415
f 401 412 413
f 398 409 410
f 406 405 416
f 403 402 413
f 399 410 411
f 409 420 421
f 417 416 427
f 414 413 424
f 410 421 422
f 418 417 428
f 415 414 425
f 411 422 423
f 408 419 420
f 416 415 426
f 412 423 424
f 419 430 431
f 427 426 437
f 423 434 435
f 420 431 432
f 428 427 438
f 425 424 435
f 421 432 433
f 429 428 439
f 426 425 436
f 422 433 434
f 432 441 442
f 440 439 228
f 437 436 227
f 433 442 225
f 430 223 224
f 438 437 443
f 434 225 226
f 431 224 441
f 439 438 444
f 436 435 226
f 448 457 458
f 664 663 454
f 450 461 462
f 449 458 459
f 447 664 455
f 446 445 452
f 665 459 460
f 448 447 456
f 663 446 453
f 666 460 461
f 453 452 463
f 459 470 471
f 457 456 467
f 454 453 464
f 460 471 472
f 457 468 469
f 455 454 465
f 461 472 473
f 458 469 470
f 456 455 466
f 466 465 477
f 472 484 485
f 469 481 482
f 467 466 478
f 464 463 475
f 470 482 483
f 468 467 479
f 465 464 476
f 471 483 484
f 468 480 481
f 477 476 487
f 483 494 495
f 480 491 492
f 478 477 488
f 484 495 496
f 481 492 493
f 479 478 489
f 476 475 486
f 482 493 494
f 480 479 490
f 490 489 500
f 487 486 497
f 493 504 505
f 491 490 501
f 488 487 498
f 494 505 506
f 491 502 503
f 489 488 499
f 495 506 507
f 492 503 504
f 499 510 511
f 507 506 517
f 504 503 514
f 500 511 512
f 497 508 509
f 505 504 515
f 501 512 513
f 498 509 510
f 506 505 516
f 503 502 513
f 512 523 524
f 509 520 521
f 517 516 527
f 514 513 524
f 510 521 522
f 518 517 528
f 515 514 525
f 511 522 523
f 508 519 520
f 516 515 526
f 522 533 534
f 519 530 531
f 527 526 537
f 523 534 535
f 520 531 532
f 528 527 538
f 525 524 535
f 521 532 533
f 529 528 539
f 526 525 536
f 536 535 546
f 532 543 544
f 540 539 550
f 537 536 547
f 533 544 545
f 530 541 542
f 538 537 548
f 534 545 546
f 531 542 543
f 539 538 549
f 545 557 558
f 542 554 555
f 550 549 561
f 547 546 558
f 543 555 556
f 551 550 562
f 548 547 559
f 544 556 557
f 541 553 554
f 549 548 560
f 559 570 571
f 557 556 567
f 554 553 564
f 560 571 572
f 558 557 568
f 555 554 565
f 561 572 573
f 558 569 570
f 556 555 566
f 562 573 574
f 569 580 581
f 567 566 577
f 573 584 585
f 570 581 582
f 568 567 578
f 565 564 575
f 571 582 583
f 569 568 579
f 566 565 576
f 572 583 584
f 582 593 594
f 580 579 590
f 577 576 587
f 583 594 595
f 580 591 592
f 578 577 588
f 584 595 596
f 581 592 593
f 579 578 589
f 576 575 586
f 592 603 604
f 590 589 600
f 587 586 597
f 593 604 605
f 591 590 601
f 588 587 598
f 594 605 606
f 591 602 603
f 589 588 599
f 595 606 607
f 605 616 617
f 602 613 614
f 600 599 610
f 606 617 618
f 603 614 615
f 601 600 611
f 598 597 608
f 604 615 616
f 602 601 612
f 599 598 609
f 608 619 620
f 616 615 626
f 612 623 624
f 609 620 621
f 617 616 627
f 614 613 624
f 610 621 622
f 618 617 628
f 615 614 625
f 611 622 623
f 629 628 639
f 626 625 636
f 622 633 634
f 619 630 631
f 627 626 637
f 623 634 635
f 620 631 632
f 628 627 638
f 625 624 635
f 621 632 633
f 631 642 643
f 639 638 649
f 636 635 646
f 632 643 644
f 640 639 650
f 637 636 647
f 633 644 645
f 630 641 642
f 638 637 648
f 634 645 646
f 641 652 653
f 649 648 659
f 645 656 657
f 642 653 654
f 650 649 660
f 647 646 657
f 643 654 655
f 651 650 661
f 648 647 658
f 644 655 656
f 654 663 664
f 662 661 450
f 659 658 449
f 655 664 447
f 652 445 446
f 660 659 665
f 656 447 448
f 653 446 663
f 661 660 666
f 658 657 448
f 670 679 680
f 886 885 676
f 672 683 684
f 671 680 681
f 669 886 677
f 668 667 674
f 887 681 682
f 670 669 678
f 885 668 675
f 888 682 683
f 675 674 685
f 681 692 693
f 679 678 689
f 676 675 686
f 682 693 694
f 679 690 691
f 677 676 687
f 683 694 695
f 680 691 692
f 678 677 688
f 688 687 699
f 694 706 707
f 691 703 704
f 689 688 700
f 686 685 697
f 692 704 705
f 690 689 701
f 687 686 698
f 693 705 706
f 690 702 703
f 699 698 709
f 705 716 717
f 702 713 714
f 700 699 710
f 706 717 718
f 703 714 715
f 701 700 711
f 698 697 708
f 704 715 716
f 702 701 712
f 712 711 722
f 709 708 719
f 715 726 727
f 713 712 723
f 710 709 720
f 716 727 728
f 713 724 725
f 711 710 721
f 717 728 729
f 714 725 726
f 721 732 733
f 729 728 739
f 726 725 736
f 722 733 734
f 719 730 731
f 727 726 737
f 723 734 735
f 720 731 732
f 728 727 738
f 725 724 735
f 734 745 746
f 731 742 743
f 739 738 749
f 736 735 746
f 732 743 744
f 740 739 750
f 737 736 747
f 733 744 745
f 730 741 742
f 738 737 748
f 744 755 756
f 741 752 753
f 749 748 759
f 745 756 757
f 742 753 754
f 750 749 760
f 747 746 757
f 743 754 755
f 751 750 761
f 748 747 758
f 758 757 768
f 754 765 766
f 762 761 772
f 759 758 769
f 755 766 767
f 752 763 764
f 760 759 770
f 756 767 768
f 753 764 765
f 761 760 771
f 767 779 780
f 764 776 777
f 772 771 783
f 769 768 780
f 765 777 778
f 773 772 784
f 770 769 781
f 766 778 779
f 763 775 776
f 771 770 782
f 781 792 793
f 779 778 789
f 776 775 786
f 782 793 794
f 780 779 790
f 777 776 787
f 783 794 795
f 780 791 792
f 778 777 788
f 784 795 796
f 791 802 803
f 789 788 799
f 795 806 807
f 792 803 804
f 790 789 800
f 787 786 797
f 793 804 805
f 791 790 801
f 788 787 798
f 794 805 806
f 804 815 816
f 802 801 812
f 799 798 809
f 805 816 817
f 802 813 814
f 800 799 810
f 806 817 818
f 803 814 815
f 801 800 811
f 798 797 808
f 814 825 826
f 812 811 822
f 809 808 819
f 815 826 827
f 813 812 823
f 810 809 820
f 816 827 828
f 813 824 825
f 811 810 821
f 817 828 829
f 827 838 839
f 824 835 836
f 822 821 832
f 828 839 840
f 825 836 837
f 823 822 833
f 820 819 830
f 826 837 838
f 824 823 834
f 821 820 831
f 830 841 842
f 838 837 848
f 834 845 846
f 831 842 843
f 839 838 849
f 836 835 846
f 832 843 844
f 840 839 850
f 837 836 847
f 833 844 845
f 851 850 861
f 848 847 858
f 844 855 856
f 841 852 853
f 849 848 859
f 845 856 857
f 842 853 854
f 850 849 860
f 847 846 857
f 843 854 855
f 853 864 865
f 861 860 871
f 858 857 868
f 854 865 866
f 862 861 872
f 859 858 869
f 855 866 867
f 852 863 864
f 860 859 870
f 856 867 868
f 863 874 875
f 871 870 881
f 867 878 879
f 864 875 876
f 872 871 882
f 869 868 879
f 865 876 877
f 873 872 883
f 870 869 880
f 866 877 878
f 876 885 886
f 884 883 672
f 881 880 671
f 877 886 669
f 874 667 668
f 882 881 887
f 878 669 670
f 875 668 885
f 883 882 888
f 880 879 670
f 890 892 891
f 892 894 893
f 894 896 895
f 896 898 897
f 898 900 899
f 900 902 901
f 902 904 903
f 904 906 905
f 906 908 907
f 908 910 909
f 910 912 911
f 912 914 913
f 914 916 915
f 916 918 917
f 918 920 919
f 920 922 921
f 922 924 923
f 924 926 925
f 926 928 927
f 928 930 929
f 930 932 931
f 932 934 933
f 894 892 890
f 890 936 934
f 934 932 930
f 930 928 926
f 926 924 922
f 922 920 918
f 918 916 914
f 914 912 910
f 910 908 906
f 906 904 902
f 902 900 898
f 898 896 894
f 894 890 934
f 934 930 926
f 926 922 918
f 918 914 910
f 910 906 902
f 902 898 894
f 894 934 926
f 926 918 910
f 910 902 894
f 934 936 935
f 936 890 889
f 935 889 891
f 891 893 895
f 895 897 899
f 899 901 903
f 903 905 907
f 907 909 911
f 911 913 915
f 915 917 919
f 919 921 923
f 923 925 927
f 927 929 931
f 931 933 935
f 935 891 895
f 895 899 903
f 903 907 911
f 911 915 919
f 919 923 927
f 927 931 935
f 935 895 903
f 903 911 919
f 919 927 935
f 941 940 949
f 1155 946 947
f 942 953 954
f 1157 941 950
f 1156 947 948
f 937 944 945
f 1158 1157 951
f 939 948 949
f 938 945 946
f 1158 952 953
f 944 955 956
f 951 962 963
f 948 959 960
f 945 956 957
f 953 952 963
f 949 960 961
f 947 946 957
f 953 964 965
f 950 961 962
f 948 947 958
f 957 969 970
f 964 976 977
f 961 973 974
f 958 970 971
f 955 967 968
f 962 974 975
f 960 959 971
f 957 956 968
f 964 963 975
f 960 972 973
f 969 968 979
f 975 986 987
f 972 983 984
f 969 980 981
f 976 987 988
f 973 984 985
f 970 981 982
f 967 978 979
f 975 974 985
f 972 971 982
f 982 981 992
f 978 989 990
f 986 985 996
f 983 982 993
f 979 990 991
f 986 997 998
f 983 994 995
f 980 991 992
f 988 987 998
f 984 995 996
f 992 991 1002
f 998 1009 1010
f 995 1006 1007
f 993 992 1003
f 990 989 1000
f 996 1007 1008
f 993 1004 1005
f 990 1001 1002
f 997 1008 1009
f 994 1005 1006
f 1004 1015 1016
f 1001 1012 1013
f 1009 1008 1019
f 1006 1005 1016
f 1002 1013 1014
f 1010 1009 1020
f 1006 1017 1018
f 1004 1003 1014
f 1001 1000 1011
f 1007 1018 1019
f 1015 1014 1025
f 1012 1011 1022
f 1019 1018 1029
f 1015 1026 1027
f 1012 1023 1024
f 1020 1019 1030
f 1017 1016 1027
f 1013 1024 1025
f 1021 1020 1031
f 1017 1028 1029
f 1027 1038 1039
f 1024 1035 1036
f 1032 1031 1042
f 1028 1039 1040
f 1025 1036 1037
f 1022 1033 1034
f 1030 1029 1040
f 1027 1026 1037
f 1023 1034 1035
f 1030 1041 1042
f 1037 1049 1050
f 1035 1034 1046
f 1041 1053 1054
f 1038 1050 1051
f 1035 1047 1048
f 1043 1042 1054
f 1040 1039 1051
f 1036 1048 1049
f 1034 1033 1045
f 1041 1040 1052
f 1052 1051 1062
f 1048 1059 1060
f 1046 1045 1056
f 1052 1063 1064
f 1049 1060 1061
f 1046 1057 1058
f 1053 1064 1065
f 1050 1061 1062
f 1048 1047 1058
f 1054 1065 1066
f 1061 1072 1073
f 1058 1069 1070
f 1065 1076 1077
f 1062 1073 1074
f 1059 1070 1071
f 1056 1067 1068
f 1063 1074 1075
f 1061 1060 1071
f 1057 1068 1069
f 1065 1064 1075
f 1074 1085 1086
f 1071 1082 1083
f 1068 1079 1080
f 1076 1075 1086
f 1072 1083 1084
f 1070 1069 1080
f 1077 1076 1087
f 1073 1084 1085
f 1070 1081 1082
f 1067 1078 1079
f 1084 1095 1096
f 1081 1092 1093
f 1078 1089 1090
f 1086 1085 1096
f 1083 1082 1093
f 1079 1090 1091
f 1086 1097 1098
f 1084 1083 1094
f 1080 1091 1092
f 1088 1087 1098
f 1098 1097 1108
f 1094 1105 1106
f 1092 1091 1102
f 1098 1109 1110
f 1095 1106 1107
f 1092 1103 1104
f 1089 1100 1101
f 1096 1107 1108
f 1093 1104 1105
f 1091 1090 1101
f 1100 1111 1112
f 1107 1118 1119
f 1104 1115 1116
f 1101 1112 1113
f 1108 1119 1120
f 1105 1116 1117
f 1102 1113 1114
f 1110 1109 1120
f 1106 1117 1118
f 1104 1103 1114
f 1121 1120 1131
f 1117 1128 1129
f 1115 1114 1125
f 1111 1122 1123
f 1118 1129 1130
f 1115 1126 1127
f 1112 1123 1124
f 1119 1130 1131
f 1116 1127 1128
f 1114 1113 1124
f 1123 1134 1135
f 1131 1130 1141
f 1128 1127 1138
f 1125 1124 1135
f 1132 1131 1142
f 1128 1139 1140
f 1125 1136 1137
f 1122 1133 1134
f 1129 1140 1141
f 1126 1137 1138
f 1133 1144 1145
f 1140 1151 1152
f 1137 1148 1149
f 1135 1134 1145
f 1141 1152 1153
f 1139 1138 1149
f 1136 1135 1146
f 1142 1153 1154
f 1139 1150 1151
f 1136 1147 1148
f 1147 1146 1155
f 1154 1153 942
f 1151 1150 941
f 1147 1156 939
f 1144 937 938
f 1151 1157 1158
f 1148 939 940
f 1145 938 1155
f 1153 1152 1158
f 1149 940 941
f 1160 1162 1161
f 1162 1164 1163
f 1163 1164 1166
f 1166 1168 1167
f 1168 1170 1169
f 1170 1172 1171
f 1172 1174 1173
f 1174 1176 1175
f 1175 1176 1178
f 1178 1180 1179
f 1180 1182 1181
f 1182 1184 1183
f 1184 1186 1185
f 1185 1186 1188
f 1188 1190 1189
f 1189 1190 1192
f 1192 1194 1193
f 1193 1194 1196
f 1195 1196 1198
f 1197 1198 1200
f 1199 1200 1202
f 1201 1202 1204
f 1164 1162 1160
f 1160 1206 1204
f 1204 1202 1200
f 1200 1198 1196
f 1196 1194 1192
f 1192 1190 1188
f 1188 1186 1184
f 1184 1182 1180
f 1180 1178 1176
f 1176 1174 1172
f 1172 1170 1168
f 1168 1166 1164
f 1164 1160 1204
f 1204 1200 1196
f 1196 1192 1188
f 1188 1184 1180
f 1180 1176 1172
f 1172 1168 1164
f 1164 1204 1196
f 1196 1188 1180
f 1180 1172 1164
f 1203 1204 1206
f 1205 1206 1160
f 1205 1159 1161
f 1161 1163 1165
f 1165 1167 1169
f 1169 1171 1173
f 1173 1175 1177
f 1177 1179 1181
f 1181 1183 1185
f 1185 1187 1189
f 1189 1191 1193
f 1193 1195 1197
f 1197 1199 1201
f 1201 1203 1205
f 1205 1161 1165
f 1165 1169 1173
f 1173 1177 1181
f 1181 1185 1189
f 1189 1193 1197
f 1197 1201 1205
f 1205 1165 1173
f 1173 1181 1189
f 1189 1197 1205
f 1211 1210 1219
f 1425 1216 1217
f 1213 1212 1223
f 1427 1211 1220
f 1426 1217 1218
f 1208 1207 1214
f 1428 1427 1221
f 1209 1218 1219
f 1208 1215 1216
f 1212 1428 1222
f 1215 1214 1225
f 1222 1221 1232
f 1219 1218 1229
f 1215 1226 1227
f 1222 1233 1234
f 1219 1230 1231
f 1216 1227 1228
f 1224 1223 1234
f 1220 1231 1232
f 1218 1217 1228
f 1227 1239 1240
f 1234 1246 1247
f 1231 1243 1244
f 1229 1228 1240
f 1226 1225 1237
f 1233 1232 1244
f 1229 1241 1242
f 1226 1238 1239
f 1234 1233 1245
f 1230 1242 1243
f 1238 1249 1250
f 1246 1245 1256
f 1242 1253 1254
f 1240 1239 1250
f 1246 1257 1258
f 1244 1243 1254
f 1240 1251 1252
f 1237 1248 1249
f 1244 1255 1256
f 1241 1252 1253
f 1251 1262 1263
f 1248 1259 1260
f 1255 1266 1267
f 1253 1252 1263
f 1249 1260 1261
f 1257 1256 1267
f 1253 1264 1265
f 1250 1261 1262
f 1258 1257 1268
f 1254 1265 1266
f 1261 1272 1273
f 1269 1268 1279
f 1265 1276 1277
f 1262 1273 1274
f 1259 1270 1271
f 1267 1266 1277
f 1263 1274 1275
f 1260 1271 1272
f 1267 1278 1279
f 1264 1275 1276
f 1274 1285 1286
f 1272 1271 1282
f 1278 1289 1290
f 1276 1275 1286
f 1272 1283 1284
f 1280 1279 1290
f 1276 1287 1288
f 1274 1273 1284
f 1270 1281 1282
f 1278 1277 1288
f 1284 1295 1296
f 1281 1292 1293
f 1288 1299 1300
f 1285 1296 1297
f 1282 1293 1294
f 1289 1300 1301
f 1286 1297 1298
f 1284 1283 1294
f 1291 1290 1301
f 1287 1298 1299
f 1297 1308 1309
f 1294 1305 1306
f 1301 1312 1313
f 1298 1309 1310
f 1295 1306 1307
f 1293 1292 1303
f 1299 1310 1311
f 1296 1307 1308
f 1293 1304 1305
f 1301 1300 1311
f 1307 1319 1320
f 1304 1316 1317
f 1311 1323 1324
f 1309 1308 1320
f 1306 1305 1317
f 1313 1312 1324
f 1309 1321 1322
f 1306 1318 1319
f 1303 1315 1316
f 1310 1322 1323
f 1321 1332 1333
f 1319 1318 1329
f 1316 1315 1326
f 1322 1333 1334
f 1319 1330 1331
f 1316 1327 1328
f 1323 1334 1335
f 1320 1331 1332
f 1317 1328 1329
f 1324 1335 1336
f 1332 1331 1342
f 1328 1339 1340
f 1336 1335 1346
f 1332 1343 1344
f 1330 1329 1340
f 1326 1337 1338
f 1333 1344 1345
f 1330 1341 1342
f 1328 1327 1338
f 1334 1345 1346
f 1345 1344 1355
f 1341 1352 1353
f 1339 1338 1349
f 1345 1356 1357
f 1343 1342 1353
f 1339 1350 1351
f 1347 1346 1357
f 1343 1354 1355
f 1341 1340 1351
f 1338 1337 1348
f 1354 1365 1366
f 1352 1351 1362
f 1348 1359 1360
f 1356 1355 1366
f 1352 1363 1364
f 1349 1360 1361
f 1357 1356 1367
f 1354 1353 1364
f 1351 1350 1361
f 1357 1368 1369
f 1368 1367 1378
f 1364 1375 1376
f 1362 1361 1372
f 1368 1379 1380
f 1365 1376 1377
f 1363 1362 1373
f 1360 1359 1370
f 1366 1377 1378
f 1363 1374 1375
f 1360 1371 1372
f 1371 1370 1381
f 1378 1377 1388
f 1374 1385 1386
f 1371 1382 1383
f 1379 1378 1389
f 1376 1375 1386
f 1372 1383 1384
f 1379 1390 1391
f 1376 1387 1388
f 1373 1384 1385
f 1390 1401 1402
f 1387 1398 1399
f 1384 1395 1396
f 1382 1381 1392
f 1388 1399 1400
f 1386 1385 1396
f 1383 1382 1393
f 1389 1400 1401
f 1386 1397 1398
f 1384 1383 1394
f 1393 1404 1405
f 1400 1411 1412
f 1398 1397 1408
f 1394 1405 1406
f 1401 1412 1413
f 1399 1398 1409
f 1395 1406 1407
f 1393 1392 1403
f 1399 1410 1411
f 1396 1407 1408
f 1403 1414 1415
f 1410 1421 1422
f 1408 1407 1418
f 1404 1415 1416
f 1412 1411 1422
f 1408 1419 1420
f 1406 1405 1416
f 1413 1412 1423
f 1409 1420 1421
f 1406 1417 1418
f 1416 1425 1426
f 1424 1423 1212
f 1421 1420 1211
f 1417 1426 1209
f 1414 1207 1208
f 1421 1427 1428
f 1418 1209 1210
f 1415 1208 1425
f 1423 1422 1428
f 1419 1210 1211
f 1429 1430 1432
f 1431 1432 1434
f 1434 1436 1435
f 1436 1438 1437
f 1438 1440 1439
f 1439 1440 1442
f 1441 1442 1444
f 1444 1446 1445
f 1446 1448 1447
f 1448 1450 1449
f 1450 1452 1451
f 1451 1452 1454
f 1454 1456 1455
f 1456 1458 1457
f 1457 1458 1460
f 1459 1460 1462
f 1461 1462 1464
f 1464 1466 1465
f 1466 1468 1467
f 1467 1468 1470
f 1470 1472 1471
f 1472 1474 1473
f 1434 1432 1430
f 1430 1476 1474
f 1474 1472 1470
f 1470 1468 1466
f 1466 1464 1462
f 1462 1460 1458
f 1458 1456 1454
f 1454 1452 1450
f 1450 1448 1446
f 1446 1444 1442
f 1442 1440 1438
f 1438 1436 1434
f 1434 1430 1474
f 1474 1470 1466
f 1466 1462 1458
f 1458 1454 1450
f 1450 1446 1442
f 1442 1438 1434
f 1434 1474 1466
f 1466 1458 1450
f 1450 1442 1434
f 1474 1476 1475
f 1475 1476 1430
f 1475 1429 1431
f 1431 1433 1435
f 1435 1437 1439
f 1439 1441 1443
f 1443 1445 1447
f 1447 1449 1451
f 1451 1453 1455
f 1455 1457 1459
f 1459 1461 1463
f 1463 1465 1467
f 1467 1469 1471
f 1471 1473 1475
f 1475 1431 1435
f 1435 1439 1443
f 1443 1447 1451
f 1451 1455 1459
f 1459 1463 1467
f 1467 1471 1475
f 1475 1435 1443
f 1443 1451 1459
f 1459 1467 1475
f 1477 1478 1480
f 1480 1482 1481
f 1481 1482 1484
f 1483 1484 1486
f 1486 1488 1487
f 1487 1488 1490
f 1490 1492 1491
f 1492 1494 1493
f 1493 1494 1496
f 1496 1498 1497
f 1497 1498 1500
f 1500 1502 1501
f 1502 1504 1503
f 1504 1506 1505
f 1506 1508 1507
f 1508 1510 1509
f 1509 1510 1512
f 1512 1514 1513
f 1514 1516 1515
f 1516 1518 1517
f 1518 1520 1519
f 1520 1522 1521
f 1482 1480 1478
f 1478 1524 1522
f 1522 1520 1518
f 1518 1516 1514
f 1514 1512 1510
f 1510 1508 1506
f 1506 1504 1502
f 1502 1500 1498
f 1498 1496 1494
f 1494 1492 1490
f 1490 1488 1486
f 1486 1484 1482
f 1482 1478 1522
f 1522 1518 1514
f 1514 1510 1506
f 1506 1502 1498
f 1498 1494 1490
f 1490 1486 1482
f 1482 1522 1514
f 1514 1506 1498
f 1498 1490 1482
f 1522 1524 1523
f 1523 1524 1478
f 1523 1477 1479
f 1479 1481 1483
f 1483 1485 1487
f 1487 1489 1491
f 1491 1493 1495
f 1495 1497 1499
f 1499 1501 1503
f 1503 1505 1507
f 1507 1509 1511
f 1511 1513 1515
f 1515 1517 1519
f 1519 1521 1523
f 1523 1479 1483
f 1483 1487 1491
f 1491 1495 1499
f 1499 1503 1507
f 1507 1511 1515
f 1515 1519 1523
f 1523 1483 1491
f 1491 1499 1507
f 1507 1515 1523
f 1746 1540 1541
f 1528 1537 1538
f 1743 1534 1535
f 1530 1541 1542
f 1745 1529 1538
f 1744 1535 1536
f 1525 1532 1533
f 1746 1745 1539
f 1528 1527 1536
f 1526 1533 1534
f 1536 1535 1546
f 1533 1532 1543
f 1539 1550 1551
f 1536 1547 1548
f 1534 1533 1544
f 1540 1551 1552
f 1537 1548 1549
f 1534 1545 1546
f 1542 1541 1552
f 1538 1549 1550
f 1549 1548 1560
f 1546 1545 1557
f 1553 1552 1564
f 1549 1561 1562
f 1547 1546 1558
f 1543 1555 1556
f 1550 1562 1563
f 1547 1559 1560
f 1544 1556 1557
f 1552 1551 1563
f 1560 1559 1570
f 1557 1556 1567
f 1564 1563 1574
f 1560 1571 1572
f 1557 1568 1569
f 1565 1564 1575
f 1561 1572 1573
f 1559 1558 1569
f 1555 1566 1567
f 1562 1573 1574
f 1572 1583 1584
f 1569 1580 1581
f 1566 1577 1578
f 1574 1573 1584
f 1570 1581 1582
f 1568 1567 1578
f 1574 1585 1586
f 1572 1571 1582
f 1569 1568 1579
f 1576 1575 1586
f 1582 1593 1594
f 1579 1590 1591
f 1586 1597 1598
f 1584 1583 1594
f 1580 1591 1592
f 1578 1577 1588
f 1584 1595 1596
f 1582 1581 1592
f 1579 1578 1589
f 1586 1585 1596
f 1595 1606 1607
f 1592 1603 1604
f 1590 1589 1600
f 1596 1607 1608
f 1593 1604 1605
f 1590 1601 1602
f 1598 1597 1608
f 1594 1605 1606
f 1591 1602 1603
f 1588 1599 1600
f 1606 1605 1616
f 1602 1613 1614
f 1599 1610 1611
f 1606 1617 1618
f 1603 1614 1615
f 1601 1600 1611
f 1607 1618 1619
f 1604 1615 1616
f 1601 1612 1613
f 1609 1608 1619
f 1619 1618 1629
f 1615 1626 1627
f 1612 1623 1624
f 1620 1619 1630
f 1616 1627 1628
f 1614 1613 1624
f 1611 1610 1621
f 1617 1628 1629
f 1614 1625 1626
f 1611 1622 1623
f 1622 1621 1633
f 1628 1640 1641
f 1625 1637 1638
f 1622 1634 1635
f 1630 1629 1641
f 1626 1638 1639
f 1624 1623 1635
f 1630 1642 1643
f 1627 1639 1640
f 1624 1636 1637
f 1643 1642 1653
f 1639 1650 1651
f 1636 1647 1648
f 1633 1644 1645
f 1641 1640 1651
f 1637 1648 1649
f 1635 1634 1645
f 1641 1652 1653
f 1638 1649 1650
f 1635 1646 1647
f 1646 1645 1656
f 1652 1663 1664
f 1650 1649 1660
f 1646 1657 1658
f 1653 1664 1665
f 1650 1661 1662
f 1648 1647 1658
f 1645 1644 1655
f 1652 1651 1662
f 1648 1659 1660
f 1655 1666 1667
f 1663 1662 1673
f 1659 1670 1671
f 1656 1667 1668
f 1664 1663 1674
f 1660 1671 1672
f 1657 1668 1669
f 1664 1675 1676
f 1661 1672 1673
f 1659 1658 1669
f 1668 1679 1680
f 1676 1675 1686
f 1672 1683 1684
f 1669 1680 1681
f 1666 1677 1678
f 1673 1684 1685
f 1670 1681 1682
f 1667 1678 1679
f 1675 1674 1685
f 1671 1682 1683
f 1679 1678 1689
f 1685 1696 1697
f 1683 1682 1693
f 1680 1679 1690
f 1686 1697 1698
f 1683 1694 1695
f 1681 1680 1691
f 1678 1677 1688
f 1684 1695 1696
f 1682 1681 1692
f 1691 1702 1703
f 1689 1688 1699
f 1695 1706 1707
f 1693 1692 1703
f 1689 1700 1701
f 1697 1696 1707
f 1693 1704 1705
f 1690 1701 1702
f 1698 1697 1708
f 1695 1694 1705
f 1701 1712 1713
f 1709 1708 1719
f 1705 1716 1717
f 1702 1713 1714
f 1699 1710 1711
f 1707 1706 1717
f 1703 1714 1715
f 1700 1711 1712
f 1707 1718 1719
f 1704 1715 1716
f 1714 1725 1726
f 1712 1711 1722
f 1719 1718 1729
f 1716 1715 1726
f 1713 1712 1723
f 1719 1730 1731
f 1717 1716 1727
f 1713 1724 1725
f 1710 1721 1722
f 1717 1728 1729
f 1724 1735 1736
f 1722 1721 1732
f 1728 1739 1740
f 1726 1725 1736
f 1722 1733 1734
f 1730 1729 1740
f 1726 1737 1738
f 1724 1723 1734
f 1730 1741 1742
f 1728 1727 1738
f 1738 1737 1528
f 1735 1734 1743
f 1742 1741 1530
f 1739 1738 1529
f 1735 1744 1527
f 1732 1525 1526
f 1739 1745 1746
f 1736 1527 1528
f 1733 1526 1743
f 1740 1746 1530
f 1752 1968 1762
f 1751 1750 1759
f 1965 1756 1757
f 1752 1763 1764
f 1751 1760 1761
f 1966 1757 1758
f 1747 1754 1755
f 1968 1967 1761
f 1749 1758 1759
f 1748 1755 1756
f 1758 1757 1768
f 1754 1765 1766
f 1761 1772 1773
f 1758 1769 1770
f 1755 1766 1767
f 1762 1773 1774
f 1759 1770 1771
f 1756 1767 1768
f 1764 1763 1774
f 1760 1771 1772
f 1770 1782 1783
f 1768 1767 1779
f 1774 1786 1787
f 1771 1783 1784
f 1768 1780 1781
f 1766 1765 1777
f 1773 1772 1784
f 1769 1781 1782
f 1766 1778 1779
f 1773 1785 1786
f 1781 1792 1793
f 1779 1778 1789
f 1786 1785 1796
f 1782 1793 1794
f 1779 1790 1791
f 1786 1797 1798
f 1783 1794 1795
f 1781 1780 1791
f 1778 1777 1788
f 1785 1784 1795
f 1794 1805 1806
f 1792 1791 1802
f 1789 1788 1799
f 1795 1806 1807
f 1793 1792 1803
f 1790 1789 1800
f 1797 1796 1807
f 1793 1804 1805
f 1791 1790 1801
f 1797 1808 1809
f 1804 1815 1816
f 1801 1812 1813
f 1808 1819 1820
f 1805 1816 1817
f 1803 1802 1813
f 1800 1799 1810
f 1807 1806 1817
f 1803 1814 1815
f 1800 1811 1812
f 1807 1818 1819
f 1818 1817 1828
f 1815 1814 1825
f 1811 1822 1823
f 1818 1829 1830
f 1815 1826 1827
f 1812 1823 1824
f 1819 1830 1831
f 1816 1827 1828
f 1813 1824 1825
f 1810 1821 1822
f 1827 1838 1839
f 1824 1835 1836
f 1822 1821 1832
f 1828 1839 1840
f 1825 1836 1837
f 1822 1833 1834
f 1829 1840 1841
f 1826 1837 1838
f 1823 1834 1835
f 1830 1841 1842
f 1841 1840 1851
f 1837 1848 1849
f 1835 1834 1845
f 1841 1852 1853
f 1839 1838 1849
f 1835 1846 1847
f 1832 1843 1844
f 1840 1839 1850
f 1836 1847 1848
f 1833 1844 1845
f 1843 1855 1856
f 1850 1862 1863
f 1847 1859 1860
f 1844 1856 1857
f 1851 1863 1864
f 1848 1860 1861
f 1846 1845 1857
f 1852 1864 1865
f 1849 1861 1862
f 1846 1858 1859
f 1864 1875 1876
f 1861 1872 1873
f 1859 1858 1869
f 1855 1866 1867
f 1863 1862 1873
f 1859 1870 1871
f 1857 1856 1867
f 1863 1874 1875
f 1860 1871 1872
f 1857 1868 1869
f 1867 1878 1879
f 1874 1885 1886
f 1872 1871 1882
f 1869 1868 1879
f 1875 1886 1887
f 1872 1883 1884
f 1869 1880 1881
f 1866 1877 1878
f 1873 1884 1885
f 1870 1881 1882
f 1877 1888 1889
f 1884 1895 1896
f 1881 1892 1893
f 1879 1878 1889
f 1885 1896 1897
f 1883 1882 1893
f 1879 1890 1891
f 1886 1897 1898
f 1883 1894 1895
f 1881 1880 1891
f 1891 1890 1901
f 1897 1908 1909
f 1894 1905 1906
f 1892 1891 1902
f 1889 1888 1899
f 1895 1906 1907
f 1892 1903 1904
f 1890 1889 1900
f 1897 1896 1907
f 1893 1904 1905
f 1900 1911 1912
f 1907 1918 1919
f 1905 1904 1915
f 1901 1912 1913
f 1908 1919 1920
f 1905 1916 1917
f 1903 1902 1913
f 1900 1899 1910
f 1906 1917 1918
f 1903 1914 1915
f 1914 1913 1924
f 1910 1921 1922
f 1917 1928 1929
f 1914 1925 1926
f 1911 1922 1923
f 1918 1929 1930
f 1915 1926 1927
f 1913 1912 1923
f 1920 1919 1930
f 1916 1927 1928
f 1924 1923 1934
f 1930 1941 1942
f 1927 1938 1939
f 1924 1935 1936
f 1921 1932 1933
f 1928 1939 1940
f 1925 1936 1937
f 1923 1922 1933
f 1929 1940 1941
f 1926 1937 1938
f 1936 1947 1948
f 1934 1933 1944
f 1941 1940 1951
f 1938 1937 1948
f 1935 1934 1945
f 1941 1952 1953
f 1938 1949 1950
f 1935 1946 1947
f 1932 1943 1944
f 1939 1950 1951
f 1946 1957 1958
f 1943 1954 1955
f 1950 1961 1962
f 1947 1958 1959
f 1944 1955 1956
f 1951 1962 1963
f 1949 1948 1959
f 1946 1945 1956
f 1953 1952 1963
f 1949 1960 1961
f 1960 1959 1750
f 1957 1956 1965
f 1964 1963 1752
f 1961 1960 1751
f 1957 1966 1749
f 1954 1747 1748
f 1961 1967 1968
f 1958 1749 1750
f 1955 1748 1965
f 1962 1968 1752
f 1970 1972 1971
f 1972 1974 1973
f 1974 1976 1975
f 1976 1978 1977
f 1978 1980 1979
f 1980 1982 1981
f 1981 1982 1984
f 1984 1986 1985
f 1986 1988 1987
f 1988 1990 1989
f 1990 1992 1991
f 1992 1994 1993
f 1994 1996 1995
f 1996 1998 1997
f 1998 2000 1999
f 2000 2002 2001
f 2002 2004 2003
f 2004 2006 2005
f 2006 2008 2007
f 2008 2010 2009
f 2009 2010 2012
f 2012 2014 2013
f 1974 1972 1970
f 1970 2016 2014
f 2014 2012 2010
f 2010 2008 2006
f 2006 2004 2002
f 2002 2000 1998
f 1998 1996 1994
f 1994 1992 1990
f 1990 1988 1986
f 1986 1984 1982
f 1982 1980 1978
f 1978 1976 1974
f 1974 1970 2014
f 2014 2010 2006
f 2006 2002 1998
f 1998 1994 1990
f 1990 1986 1982
f 1982 1978 1974
f 1974 2014 2006
f 2006 1998 1990
f 1990 1982 1974
f 2014 2016 2015
f 2016 1970 1969
f 2015 1969 1971
f 1971 1973 1975
f 1975 1977 1979
f 1979 1981 1983
f 1983 1985 1987
f 1987 1989 1991
f 1991 1993 1995
f 1995 1997 1999
f 1999 2001 2003
f 2003 2005 2007
f 2007 2009 2011
f 2011 2013 2015
f 2015 1971 1975
f 1975 1979 1983
f 1983 1987 1991
f 1991 1995 1999
f 1999 2003 2007
f 2007 2011 2015
f 2015 1975 1983
f 1983 1991 1999
f 1999 2007 2015
f 2018 2025 2026
f 2022 2238 2032
f 2020 2029 2030
f 2235 2026 2027
f 2022 2033 2034
f 2021 2030 2031
f 2236 2027 2028
f 2017 2024 2025
f 2238 2237 2031
f 2019 2028 2029
f 2030 2041 2042
f 2027 2038 2039
f 2025 2024 2035
f 2031 2042 2043
f 2028 2039 2040
f 2026 2025 2036
f 2032 2043 2044
f 2029 2040 2041
f 2026 2037 2038
f 2033 2044 2045
f 2044 2043 2055
f 2040 2052 2053
f 2038 2037 2049
f 2044 2056 2057
f 2041 2053 2054
f 2039 2038 2050
f 2036 2035 2047
f 2042 2054 2055
f 2040 2039 2051
f 2036 2048 2049
f 2047 2058 2059
f 2054 2065 2066
f 2051 2062 2063
f 2048 2059 2060
f 2056 2055 2066
f 2052 2063 2064
f 2049 2060 2061
f 2057 2056 2067
f 2053 2064 2065
f 2050 2061 2062
f 2067 2078 2079
f 2064 2075 2076
f 2062 2061 2072
f 2059 2058 2069
f 2065 2076 2077
f 2063 2062 2073
f 2060 2059 2070
f 2066 2077 2078
f 2063 2074 2075
f 2061 2060 2071
f 2070 2081 2082
f 2077 2088 2089
f 2074 2085 2086
f 2071 2082 2083
f 2079 2078 2089
f 2075 2086 2087
f 2073 2072 2083
f 2069 2080 2081
f 2076 2087 2088
f 2074 2073 2084
f 2080 2091 2092
f 2088 2087 2098
f 2084 2095 2096
f 2081 2092 2093
f 2088 2099 2100
f 2086 2085 2096
f 2082 2093 2094
f 2090 2089 2100
f 2086 2097 2098
f 2084 2083 2094
f 2093 2104 2105
f 2101 2100 2111
f 2097 2108 2109
f 2095 2094 2105
f 2091 2102 2103
f 2098 2109 2110
f 2095 2106 2107
f 2092 2103 2104
f 2099 2110 2111
f 2096 2107 2108
f 2103 2114 2115
f 2110 2121 2122
f 2107 2118 2119
f 2104 2115 2116
f 2111 2122 2123
f 2108 2119 2120
f 2106 2105 2116
f 2102 2113 2114
f 2109 2120 2121
f 2107 2106 2117
f 2117 2116 2128
f 2113 2125 2126
f 2120 2132 2133
f 2118 2117 2129
f 2114 2126 2127
f 2121 2133 2134
f 2118 2130 2131
f 2115 2127 2128
f 2122 2134 2135
f 2120 2119 2131
f 2127 2138 2139
f 2134 2145 2146
f 2131 2142 2143
f 2128 2139 2140
f 2125 2136 2137
f 2133 2132 2143
f 2129 2140 2141
f 2126 2137 2138
f 2133 2144 2145
f 2131 2130 2141
f 2140 2151 2152
f 2137 2148 2149
f 2144 2155 2156
f 2141 2152 2153
f 2138 2149 2150
f 2145 2156 2157
f 2142 2153 2154
f 2140 2139 2150
f 2136 2147 2148
f 2143 2154 2155
f 2151 2150 2161
f 2147 2158 2159
f 2154 2165 2166
f 2151 2162 2163
f 2149 2148 2159
f 2155 2166 2167
f 2153 2152 2163
f 2149 2160 2161
f 2156 2167 2168
f 2153 2164 2165
f 2164 2163 2174
f 2160 2171 2172
f 2167 2178 2179
f 2164 2175 2176
f 2161 2172 2173
f 2158 2169 2170
f 2165 2176 2177
f 2162 2173 2174
f 2159 2170 2171
f 2166 2177 2178
f 2173 2184 2185
f 2170 2181 2182
f 2177 2188 2189
f 2175 2174 2185
f 2172 2171 2182
f 2179 2178 2189
f 2175 2186 2187
f 2173 2172 2183
f 2169 2180 2181
f 2176 2187 2188
f 2186 2197 2198
f 2184 2183 2194
f 2181 2180 2191
f 2187 2198 2199
f 2184 2195 2196
f 2182 2181 2192
f 2188 2199 2200
f 2186 2185 2196
f 2183 2182 2193
f 2189 2200 2201
f 2197 2196 2207
f 2194 2193 2204
f 2201 2200 2211
f 2197 2208 2209
f 2195 2194 2205
f 2191 2202 2203
f 2198 2209 2210
f 2195 2206 2207
f 2192 2203 2204
f 2199 2210 2211
f 2209 2220 2221
f 2207 2206 2217
f 2203 2214 2215
f 2210 2221 2222
f 2207 2218 2219
f 2205 2204 2215
f 2211 2222 2223
f 2208 2219 2220
f 2206 2205 2216
f 2202 2213 2214
f 2220 2219 2230
f 2216 2227 2228
f 2214 2213 2224
f 2220 2231 2232
f 2217 2228 2229
f 2214 2225 2226
f 2221 2232 2233
f 2219 2218 2229
f 2216 2215 2226
f 2222 2233 2234
f 2233 2232 2238
f 2230 2229 2020
f 2227 2226 2235
f 2234 2233 2022
f 2231 2230 2021
f 2227 2236 2019
f 2224 2017 2018
f 2231 2237 2238
f 2228 2019 2020
f 2225 2018 2235
f 2240 2242 2241
f 2242 2244 2243
f 2244 2246 2245
f 2246 2248 2247
f 2248 2250 2249
f 2250 2252 2251
f 2251 2252 2254
f 2254 2256 2255
f 2256 2258 2257
f 2258 2260 2259
f 2260 2262 2261
f 2262 2264 2263
f 2264 2266 2265
f 2266 2268 2267
f 2267 2268 2270
f 2270 2272 2271
f 2272 2274 2273
f 2274 2276 2275
f 2276 2278 2277
f 2278 2280 2279
f 2280 2282 2281
f 2281 2282 2284
f 2244 2242 2240
f 2240 2286 2284
f 2284 2282 2280
f 2280 2278 2276
f 2276 2274 2272
f 2272 2270 2268
f 2268 2266 2264
f 2264 2262 2260
f 2260 2258 2256
f 2256 2254 2252
f 2252 2250 2248
f 2248 2246 2244
f 2244 2240 2284
f 2284 2280 2276
f 2276 2272 2268
f 2268 2264 2260
f 2260 2256 2252
f 2252 2248 2244
f 2244 2284 2276
f 2276 2268 2260
f 2260 2252 2244
f 2283 2284 2286
f 2286 2240 2239
f 2285 2239 2241
f 2241 2243 2245
f 2245 2247 2249
f 2249 2251 2253
f 2253 2255 2257
f 2257 2259 2261
f 2261 2263 2265
f 2265 2267 2269
f 2269 2271 2273
f 2273 2275 2277
f 2277 2279 2281
f 2281 2283 2285
f 2285 2241 2245
f 2245 2249 2253
f 2253 2257 2261
f 2261 2265 2269
f 2269 2273 2277
f 2277 2281 2285
f 2285 2245 2253
f 2253 2261 2269
f 2269 2277 2285
f 2288 2295 2296
f 2292 2508 2302
f 2290 2299 2300
f 2505 2296 2297
f 2292 2303 2304
f 2507 2291 2300
f 2506 2297 2298
f 2287 2294 2295
f 2508 2507 2301
f 2289 2298 2299
f 2300 2311 2312
f 2297 2308 2309
f 2294 2305 2306
f 2301 2312 2313
f 2299 2298 2309
f 2295 2306 2307
f 2302 2313 2314
f 2299 2310 2311
f 2296 2307 2308
f 2303 2314 2315
f 2313 2325 2326
f 2310 2322 2323
f 2308 2307 2319
f 2314 2326 2327
f 2311 2323 2324
f 2309 2308 2320
f 2305 2317 2318
f 2312 2324 2325
f 2309 2321 2322
f 2307 2306 2318
f 2318 2317 2328
f 2325 2324 2335
f 2322 2321 2332
f 2318 2329 2330
f 2326 2325 2336
f 2322 2333 2334
f 2319 2330 2331
f 2327 2326 2337
f 2323 2334 2335
f 2320 2331 2332
f 2337 2348 2349
f 2334 2345 2346
f 2331 2342 2343
f 2329 2328 2339
f 2335 2346 2347
f 2332 2343 2344
f 2330 2329 2340
f 2336 2347 2348
f 2333 2344 2345
f 2330 2341 2342
f 2340 2351 2352
f 2347 2358 2359
f 2344 2355 2356
f 2341 2352 2353
f 2349 2348 2359
f 2345 2356 2357
f 2342 2353 2354
f 2339 2350 2351
f 2346 2357 2358
f 2344 2343 2354
f 2350 2361 2362
f 2357 2368 2369
f 2354 2365 2366
f 2351 2362 2363
f 2359 2358 2369
f 2355 2366 2367
f 2352 2363 2364
f 2359 2370 2371
f 2356 2367 2368
f 2353 2364 2365
f 2363 2374 2375
f 2370 2381 2382
f 2367 2378 2379
f 2365 2364 2375
f 2362 2361 2372
f 2368 2379 2380
f 2365 2376 2377
f 2362 2373 2374
f 2369 2380 2381
f 2366 2377 2378
f 2374 2373 2384
f 2380 2391 2392
f 2377 2388 2389
f 2374 2385 2386
f 2381 2392 2393
f 2379 2378 2389
f 2375 2386 2387
f 2372 2383 2384
f 2379 2390 2391
f 2377 2376 2387
f 2387 2386 2398
f 2383 2395 2396
f 2390 2402 2403
f 2387 2399 2400
f 2384 2396 2397
f 2391 2403 2404
f 2388 2400 2401
f 2385 2397 2398
f 2393 2392 2404
f 2389 2401 2402
f 2397 2408 2409
f 2404 2415 2416
f 2401 2412 2413
f 2399 2398 2409
f 2395 2406 2407
f 2402 2413 2414
f 2399 2410 2411
f 2396 2407 2408
f 2403 2414 2415
f 2400 2411 2412
f 2410 2421 2422
f 2407 2418 2419
f 2414 2425 2426
f 2411 2422 2423
f 2408 2419 2420
f 2415 2426 2427
f 2412 2423 2424
f 2409 2420 2421
f 2406 2417 2418
f 2413 2424 2425
f 2421 2420 2431
f 2417 2428 2429
f 2424 2435 2436
f 2421 2432 2433
f 2418 2429 2430
f 2425 2436 2437
f 2422 2433 2434
f 2419 2430 2431
f 2427 2426 2437
f 2423 2434 2435
f 2434 2433 2444
f 2430 2441 2442
f 2437 2448 2449
f 2434 2445 2446
f 2432 2431 2442
f 2428 2439 2440
f 2435 2446 2447
f 2432 2443 2444
f 2430 2429 2440
f 2436 2447 2448
f 2443 2454 2455
f 2440 2451 2452
f 2447 2458 2459
f 2444 2455 2456
f 2441 2452 2453
f 2449 2448 2459
f 2445 2456 2457
f 2443 2442 2453
f 2439 2450 2451
f 2446 2457 2458
f 2456 2467 2468
f 2454 2453 2464
f 2451 2450 2461
f 2457 2468 2469
f 2454 2465 2466
f 2451 2462 2463
f 2458 2469 2470
f 2455 2466 2467
f 2452 2463 2464
f 2459 2470 2471
f 2467 2466 2477
f 2464 2463 2474
f 2470 2481 2482
f 2467 2478 2479
f 2465 2464 2475
f 2462 2461 2472
f 2468 2479 2480
f 2465 2476 2477
f 2462 2473 2474
f 2469 2480 2481
f 2479 2490 2491
f 2476 2487 2488
f 2473 2484 2485
f 2481 2480 2491
f 2477 2488 2489
f 2475 2474 2485
f 2482 2481 2492
f 2478 2489 2490
f 2476 2475 2486
f 2472 2483 2484
f 2490 2489 2500
f 2486 2497 2498
f 2483 2494 2495
f 2490 2501 2502
f 2487 2498 2499
f 2484 2495 2496
f 2491 2502 2503
f 2488 2499 2500
f 2486 2485 2496
f 2492 2503 2504
f 2502 2508 2292
f 2499 2290 2291
f 2497 2496 2505
f 2504 2503 2292
f 2501 2500 2291
f 2497 2506 2289
f 2495 2494 2287
f 2501 2507 2508
f 2498 2289 2290
f 2496 2495 2288
f 2510 2517 2518
f 2514 2730 2524
f 2513 2512 2521
f 2727 2518 2519
f 2515 2514 2525
f 2729 2513 2522
f 2728 2519 2520
f 2509 2516 2517
f 2730 2729 2523
f 2511 2520 2521
f 2523 2522 2533
f 2519 2530 2531
f 2516 2527 2528
f 2524 2523 2534
f 2520 2531 2532
f 2517 2528 2529
f 2525 2524 2535
f 2522 2521 2532
f 2518 2529 2530
f 2526 2525 2536
f 2536 2535 2547
f 2533 2532 2544
f 2529 2541 2542
f 2537 2536 2548
f 2534 2533 2545
f 2530 2542 2543
f 2527 2539 2540
f 2535 2534 2546
f 2531 2543 2544
f 2528 2540 2541
f 2539 2550 2551
f 2547 2546 2557
f 2543 2554 2555
f 2540 2551 2552
f 2548 2547 2558
f 2545 2544 2555
f 2541 2552 2553
f 2549 2548 2559
f 2546 2545 2556
f 2542 2553 2554
f 2560 2559 2570
f 2557 2556 2567
f 2553 2564 2565
f 2550 2561 2562
f 2558 2557 2568
f 2554 2565 2566
f 2551 2562 2563
f 2559 2558 2569
f 2556 2555 2566
f 2552 2563 2564
f 2563 2562 2573
f 2569 2580 2581
f 2566 2577 2578
f 2564 2563 2574
f 2570 2581 2582
f 2567 2578 2579
f 2565 2564 2575
f 2562 2561 2572
f 2568 2579 2580
f 2566 2565 2576
f 2573 2572 2583
f 2579 2590 2591
f 2577 2576 2587
f 2574 2573 2584
f 2580 2591 2592
f 2577 2588 2589
f 2575 2574 2585
f 2581 2592 2593
f 2578 2589 2590
f 2576 2575 2586
f 2586 2585 2596
f 2592 2603 2604
f 2589 2600 2601
f 2587 2586 2597
f 2584 2583 2594
f 2590 2601 2602
f 2588 2587 2598
f 2585 2584 2595
f 2591 2602 2603
f 2588 2599 2600
f 2596 2595 2606
f 2602 2613 2614
f 2599 2610 2611
f 2597 2596 2607
f 2603 2614 2615
f 2600 2611 2612
f 2598 2597 2608
f 2595 2594 2605
f 2601 2612 2613
f 2599 2598 2609
f 2609 2608 2620
f 2606 2605 2617
f 2612 2624 2625
f 2610 2609 2621
f 2607 2606 2618
f 2613 2625 2626
f 2610 2622 2623
f 2608 2607 2619
f 2614 2626 2627
f 2611 2623 2624
f 2619 2630 2631
f 2627 2626 2637
f 2624 2623 2634
f 2620 2631 2632
f 2617 2628 2629
f 2625 2624 2635
f 2621 2632 2633
f 2618 2629 2630
f 2626 2625 2636
f 2623 2622 2633
f 2632 2643 2644
f 2629 2640 2641
f 2637 2636 2647
f 2634 2633 2644
f 2630 2641 2642
f 2638 2637 2648
f 2635 2634 2645
f 2631 2642 2643
f 2628 2639 2640
f 2636 2635 2646
f 2642 2653 2654
f 2639 2650 2651
f 2647 2646 2657
f 2643 2654 2655
f 2640 2651 2652
f 2648 2647 2658
f 2645 2644 2655
f 2641 2652 2653
f 2649 2648 2659
f 2646 2645 2656
f 2656 2655 2666
f 2652 2663 2664
f 2660 2659 2670
f 2657 2656 2667
f 2653 2664 2665
f 2650 2661 2662
f 2658 2657 2668
f 2654 2665 2666
f 2651 2662 2663
f 2659 2658 2669
f 2665 2676 2677
f 2662 2673 2674
f 2670 2669 2680
f 2667 2666 2677
f 2663 2674 2675
f 2671 2670 2681
f 2668 2667 2678
f 2664 2675 2676
f 2661 2672 2673
f 2669 2668 2679
f 2678 2689 2690
f 2676 2675 2686
f 2673 2672 2683
f 2679 2690 2691
f 2677 2676 2687
f 2674 2673 2684
f 2680 2691 2692
f 2677 2688 2689
f 2675 2674 2685
f 2681 2692 2693
f 2688 2699 2700
f 2686 2685 2696
f 2692 2703 2704
f 2689 2700 2701
f 2687 2686 2697
f 2684 2683 2694
f 2690 2701 2702
f 2688 2687 2698
f 2685 2684 2695
f 2691 2702 2703
f 2701 2712 2713
f 2699 2698 2709
f 2696 2695 2706
f 2702 2713 2714
f 2699 2710 2711
f 2697 2696 2707
f 2703 2714 2715
f 2700 2711 2712
f 2698 2697 2708
f 2695 2694 2705
f 2711 2722 2723
f 2709 2708 2719
f 2706 2705 2716
f 2712 2723 2724
f 2710 2709 2720
f 2707 2706 2717
f 2713 2724 2725
f 2710 2721 2722
f 2708 2707 2718
f 2714 2725 2726
f 2724 2730 2514
f 2721 2512 2513
f 2719 2718 2727
f 2725 2514 2515
f 2722 2513 2729
f 2720 2719 2728
f 2717 2716 2509
f 2723 2729 2730
f 2721 2720 2511
f 2718 2717 2510
f 2732 2739 2740
f 2736 2952 2746
f 2735 2734 2743
f 2949 2740 2741
f 2736 2747 2748
f 2951 2735 2744
f 2950 2741 2742
f 2731 2738 2739
f 2952 2951 2745
f 2733 2742 2743
f 2745 2744 2755
f 2741 2752 2753
f 2739 2738 2749
f 2745 2756 2757
f 2742 2753 2754
f 2739 2750 2751
f 2746 2757 2758
f 2743 2754 2755
f 2741 2740 2751
f 2747 2758 2759
f 2757 2769 2770
f 2754 2766 2767
f 2751 2763 2764
f 2758 2770 2771
f 2755 2767 2768
f 2753 2752 2764
f 2749 2761 2762
f 2756 2768 2769
f 2754 2753 2765
f 2751 2750 2762
f 2761 2772 2773
f 2768 2779 2780
f 2766 2765 2776
f 2763 2762 2773
f 2770 2769 2780
f 2767 2766 2777
f 2763 2774 2775
f 2770 2781 2782
f 2767 2778 2779
f 2765 2764 2775
f 2782 2781 2792
f 2779 2778 2789
f 2775 2786 2787
f 2772 2783 2784
f 2779 2790 2791
f 2777 2776 2787
f 2774 2773 2784
f 2780 2791 2792
f 2777 2788 2789
f 2775 2774 2785
f 2784 2795 2796
f 2791 2802 2803
f 2788 2799 2800
f 2785 2796 2797
f 2792 2803 2804
f 2789 2800 2801
f 2786 2797 2798
f 2784 2783 2794
f 2791 2790 2801
f 2787 2798 2799
f 2794 2805 2806
f 2801 2812 2813
f 2798 2809 2810
f 2796 2795 2806
f 2803 2802 2813
f 2799 2810 2811
f 2797 2796 2807
f 2804 2803 2814
f 2800 2811 2812
f 2797 2808 2809
f 2807 2818 2819
f 2814 2825 2826
f 2811 2822 2823
f 2809 2808 2819
f 2805 2816 2817
f 2813 2812 2823
f 2809 2820 2821
f 2806 2817 2818
f 2814 2813 2824
f 2810 2821 2822
f 2817 2828 2829
f 2825 2824 2835
f 2821 2832 2833
f 2818 2829 2830
f 2825 2836 2837
f 2823 2822 2833
f 2819 2830 2831
f 2817 2816 2827
f 2824 2823 2834
f 2821 2820 2831
f 2830 2842 2843
f 2828 2827 2839
f 2834 2846 2847
f 2831 2843 2844
f 2829 2828 2840
f 2836 2835 2847
f 2832 2844 2845
f 2829 2841 2842
f 2836 2848 2849
f 2834 2833 2845
f 2842 2841 2852
f 2848 2859 2860
f 2846 2845 2856
f 2842 2853 2854
f 2840 2839 2850
f 2846 2857 2858
f 2843 2854 2855
f 2840 2851 2852
f 2848 2847 2858
f 2844 2855 2856
f 2854 2865 2866
f 2851 2862 2863
f 2858 2869 2870
f 2855 2866 2867
f 2853 2852 2863
f 2859 2870 2871
f 2856 2867 2868
f 2854 2853 2864
f 2851 2850 2861
f 2857 2868 2869
f 2865 2864 2875
f 2861 2872 2873
f 2868 2879 2880
f 2865 2876 2877
f 2862 2873 2874
f 2870 2869 2880
f 2867 2866 2877
f 2864 2863 2874
f 2871 2870 2881
f 2867 2878 2879
f 2877 2888 2889
f 2874 2885 2886
f 2882 2881 2892
f 2878 2889 2890
f 2876 2875 2886
f 2872 2883 2884
f 2880 2879 2890
f 2876 2887 2888
f 2873 2884 2885
f 2880 2891 2892
f 2887 2898 2899
f 2884 2895 2896
f 2892 2891 2902
f 2889 2888 2899
f 2886 2885 2896
f 2892 2903 2904
f 2889 2900 2901
f 2887 2886 2897
f 2883 2894 2895
f 2890 2901 2902
f 2900 2911 2912
f 2898 2897 2908
f 2894 2905 2906
f 2902 2901 2912
f 2898 2909 2910
f 2896 2895 2906
f 2902 2913 2914
f 2900 2899 2910
f 2896 2907 2908
f 2904 2903 2914
f 2911 2910 2921
f 2908 2907 2918
f 2914 2925 2926
f 2911 2922 2923
f 2909 2908 2919
f 2906 2905 2916
f 2912 2923 2924
f 2909 2920 2921
f 2906 2917 2918
f 2913 2924 2925
f 2923 2934 2935
f 2920 2931 2932
f 2917 2928 2929
f 2925 2924 2935
f 2921 2932 2933
f 2919 2918 2929
f 2926 2925 2936
f 2922 2933 2934
f 2920 2919 2930
f 2916 2927 2928
f 2933 2944 2945
f 2930 2941 2942
f 2927 2938 2939
f 2934 2945 2946
f 2931 2942 2943
f 2928 2939 2940
f 2936 2935 2946
f 2933 2932 2943
f 2930 2929 2940
f 2936 2947 2948
f 2947 2946 2952
f 2943 2734 2735
f 2941 2940 2949
f 2948 2947 2736
f 2945 2944 2735
f 2941 2950 2733
f 2938 2731 2732
f 2945 2951 2952
f 2942 2733 2734
f 2939 2732 2949
f 2953 2954 2956
f 2956 2958 2957
f 2958 2960 2959
f 2960 2962 2961
f 2962 2964 2963
f 2964 2966 2965
f 2966 2968 2967
f 2968 2970 2969
f 2970 2972 2971
f 2972 2974 2973
f 2974 2976 2975
f 2976 2978 2977
f 2978 2980 2979
f 2980 2982 2981
f 2982 2984 2983
f 2983 2984 2986
f 2986 2988 2987
f 2987 2988 2990
f 2989 2990 2992
f 2992 2994 2993
f 2994 2996 2995
f 2996 2998 2997
f 2958 2956 2954
f 2954 3000 2998
f 2998 2996 2994
f 2994 2992 2990
f 2990 2988 2986
f 2986 2984 2982
f 2982 2980 2978
f 2978 2976 2974
f 2974 2972 2970
f 2970 2968 2966
f 2966 2964 2962
f 2962 2960 2958
f 2958 2954 2998
f 2998 2994 2990
f 2990 2986 2982
f 2982 2978 2974
f 2974 2970 2966
f 2966 2962 2958
f 2958 2998 2990
f 2990 2982 2974
f 2974 2966 2958
f 2998 3000 2999
f 3000 2954 2953
f 2999 2953 2955
f 2955 2957 2959
f 2959 2961 2963
f 2963 2965 2967
f 2967 2969 2971
f 2971 2973 2975
f 2975 2977 2979
f 2979 2981 2983
f 2983 2985 2987
f 2987 2989 2991
f 2991 2993 2995
f 2995 2997 2999
f 2999 2955 2959
f 2959 2963 2967
f 2967 2971 2975
f 2975 2979 2983
f 2983 2987 2991
f 2991 2995 2999
f 2999 2959 2967
f 2967 2975 2983
f 2983 2991 2999
f 3002 3009 3010
f 3006 3222 3016
f 3004 3013 3014
f 3219 3010 3011
f 3006 3017 3018
f 3221 3005 3014
f 3220 3011 3012
f 3001 3008 3009
f 3222 3221 3015
f 3004 3003 3012
f 3014 3025 3026
f 3012 3011 3022
f 3009 3008 3019
f 3015 3026 3027
f 3013 3012 3023
f 3010 3009 3020
f 3016 3027 3028
f 3013 3024 3025
f 3011 3010 3021
f 3017 3028 3029
f 3028 3027 3039
f 3024 3036 3037
f 3021 3033 3034
f 3028 3040 3041
f 3025 3037 3038
f 3023 3022 3034
f 3019 3031 3032
f 3027 3026 3038
f 3024 3023 3035
f 3020 3032 3033
f 3031 3042 3043
f 3038 3049 3050
f 3035 3046 3047
f 3032 3043 3044
f 3039 3050 3051
f 3036 3047 3048
f 3034 3033 3044
f 3040 3051 3052
f 3037 3048 3049
f 3035 3034 3045
f 3051 3062 3063
f 3048 3059 3060
f 3045 3056 3057
f 3042 3053 3054
f 3049 3060 3061
f 3046 3057 3058
f 3044 3043 3054
f 3050 3061 3062
f 3047 3058 3059
f 3044 3055 3056
f 3054 3065 3066
f 3062 3061 3072
f 3058 3069 3070
f 3055 3066 3067
f 3063 3062 3073
f 3060 3059 3070
f 3056 3067 3068
f 3053 3064 3065
f 3061 3060 3071
f 3058 3057 3068
f 3065 3064 3075
f 3071 3082 3083
f 3068 3079 3080
f 3065 3076 3077
f 3073 3072 3083
f 3070 3069 3080
f 3067 3066 3077
f 3073 3084 3085
f 3071 3070 3081
f 3067 3078 3079
f 3077 3088 3089
f 3085 3084 3095
f 3081 3092 3093
f 3079 3078 3089
f 3075 3086 3087
f 3083 3082 3093
f 3079 3090 3091
f 3076 3087 3088
f 3084 3083 3094
f 3081 3080 3091
f 3087 3098 3099
f 3094 3105 3106
f 3092 3091 3102
f 3088 3099 3100
f 3095 3106 3107
f 3092 3103 3104
f 3090 3089 3100
f 3087 3086 3097
f 3094 3093 3104
f 3090 3101 3102
f 3100 3112 3113
f 3098 3097 3109
f 3105 3104 3116
f 3101 3113 3114
f 3098 3110 3111
f 3106 3105 3117
f 3102 3114 3115
f 3100 3099 3111
f 3107 3106 3118
f 3104 3103 3115
f 3111 3122 3123
f 3118 3129 3130
f 3115 3126 3127
f 3113 3112 3123
f 3109 3120 3121
f 3116 3127 3128
f 3113 3124 3125
f 3110 3121 3122
f 3117 3128 3129
f 3114 3125 3126
f 3125 3124 3135
f 3122 3121 3132
f 3128 3139 3140
f 3125 3136 3137
f 3123 3122 3133
f 3130 3129 3140
f 3126 3137 3138
f 3124 3123 3134
f 3120 3131 3132
f 3127 3138 3139
f 3134 3145 3146
f 3132 3131 3142
f 3138 3149 3150
f 3135 3146 3147
f 3133 3132 3143
f 3139 3150 3151
f 3137 3136 3147
f 3134 3133 3144
f 3140 3151 3152
f 3138 3137 3148
f 3148 3147 3158
f 3144 3155 3156
f 3152 3151 3162
f 3148 3159 3160
f 3145 3156 3157
f 3142 3153 3154
f 3150 3149 3160
f 3146 3157 3158
f 3143 3154 3155
f 3151 3150 3161
f 3157 3168 3169
f 3154 3165 3166
f 3161 3172 3173
f 3159 3158 3169
f 3156 3155 3166
f 3162 3173 3174
f 3159 3170 3171
f 3157 3156 3167
f 3154 3153 3164
f 3160 3171 3172
f 3170 3181 3182
f 3167 3178 3179
f 3164 3175 3176
f 3171 3182 3183
f 3168 3179 3180
f 3166 3165 3176
f 3172 3183 3184
f 3170 3169 3180
f 3167 3166 3177
f 3174 3173 3184
f 3181 3180 3191
f 3177 3188 3189
f 3185 3184 3195
f 3181 3192 3193
f 3179 3178 3189
f 3176 3175 3186
f 3182 3193 3194
f 3179 3190 3191
f 3177 3176 3187
f 3184 3183 3194
f 3193 3204 3205
f 3191 3190 3201
f 3187 3198 3199
f 3194 3205 3206
f 3191 3202 3203
f 3189 3188 3199
f 3196 3195 3206
f 3192 3203 3204
f 3190 3189 3200
f 3187 3186 3197
f 3203 3214 3215
f 3200 3211 3212
f 3197 3208 3209
f 3205 3204 3215
f 3201 3212 3213
f 3198 3209 3210
f 3206 3205 3216
f 3202 3213 3214
f 3199 3210 3211
f 3206 3217 3218
f 3217 3216 3222
f 3213 3004 3005
f 3211 3210 3219
f 3218 3217 3006
f 3215 3214 3005
f 3211 3220 3003
f 3208 3001 3002
f 3215 3221 3222
f 3212 3003 3004
f 3209 3002 3219
f 3224 3226 3225
f 3226 3228 3227
f 3228 3230 3229
f 3230 3232 3231
f 3232 3234 3233
f 3234 3236 3235
f 3235 3236 3238
f 3238 3240 3239
f 3240 3242 3241
f 3241 3242 3244
f 3244 3246 3245
f 3246 3248 3247
f 3248 3250 3249
f 3249 3250 3252
f 3252 3254 3253
f 3254 3256 3255
f 3256 3258 3257
f 3257 3258 3260
f 3259 3260 3262
f 3261 3262 3264
f 3264 3266 3265
f 3266 3268 3267
f 3228 3226 3224
f 3224 3270 3268
f 3268 3266 3264
f 3264 3262 3260
f 3260 3258 3256
f 3256 3254 3252
f 3252 3250 3248
f 3248 3246 3244
f 3244 3242 3240
f 3240 3238 3236
f 3236 3234 3232
f 3232 3230 3228
f 3228 3224 3268
f 3268 3264 3260
f 3260 3256 3252
f 3252 3248 3244
f 3244 3240 3236
f 3236 3232 3228
f 3228 3268 3260
f 3260 3252 3244
f 3244 3236 3228
f 3268 3270 3269
f 3270 3224 3223
f 3269 3223 3225
f 3225 3227 3229
f 3229 3231 3233
f 3233 3235 3237
f 3237 3239 3241
f 3241 3243 3245
f 3245 3247 3249
f 3249 3251 3253
f 3253 3255 3257
f 3257 3259 3261
f 3261 3263 3265
f 3265 3267 3269
f 3269 3225 3229
f 3229 3233 3237
f 3237 3241 3245
f 3245 3249 3253
f 3253 3257 3261
f 3261 3265 3269
f 3269 3229 3237
f 3237 3245 3253
f 3253 3261 3269
f 3272 3274 3273
f 3273 3274 3276
f 3275 3276 3278
f 3278 3280 3279
f 3279 3280 3282
f 3282 3284 3283
f 3284 3286 3285
f 3285 3286 3288
f 3288 3290 3289
f 3290 3292 3291
f 3291 3292 3294
f 3294 3296 3295
f 3296 3298 3297
f 3297 3298 3300
f 3299 3300 3302
f 3302 3304 3303
f 3304 3306 3305
f 3305 3306 3308
f 3307 3308 3310
f 3310 3312 3311
f 3312 3314 3313
f 3313 3314 3316
f 3276 3274 3272
f 3272 3318 3316
f 3316 3314 3312
f 3312 3310 3308
f 3308 3306 3304
f 3304 3302 3300
f 3300 3298 3296
f 3296 3294 3292
f 3292 3290 3288
f 3288 3286 3284
f 3284 3282 3280
f 3280 3278 3276
f 3276 3272 3316
f 3316 3312 3308
f 3308 3304 3300
f 3300 3296 3292
f 3292 3288 3284
f 3284 3280 3276
f 3276 3316 3308
f 3308 3300 3292
f 3292 3284 3276
f 3316 3318 3317
f 3318 3272 3271
f 3317 3271 3273
f 3273 3275 3277
f 3277 3279 3281
f 3281 3283 3285
f 3285 3287 3289
f 3289 3291 3293
f 3293 3295 3297
f 3297 3299 3301
f 3301 3303 3305
f 3305 3307 3309
f 3309 3311 3313
f 3313 3315 3317
f 3317 3273 3277
f 3277 3281 3285
f 3285 3289 3293
f 3293 3297 3301
f 3301 3305 3309
f 3309 3313 3317
f 3317 3277 3285
f 3285 3293 3301
f 3301 3309 3317
f 3324 3335 3336
f 3323 3332 3333
f 3321 3538 3329
f 3320 3319 3326
f 3539 3333 3334
f 3321 3330 3331
f 3320 3327 3328
f 3324 3540 3334
f 3323 3322 3331
f 3537 3328 3329
f 3330 3341 3342
f 3328 3327 3338
f 3334 3345 3346
f 3332 3331 3342
f 3328 3339 3340
f 3336 3335 3346
f 3332 3343 3344
f 3330 3329 3340
f 3326 3337 3338
f 3333 3344 3345
f 3343 3355 3356
f 3340 3352 3353
f 3337 3349 3350
f 3345 3344 3356
f 3341 3353 3354
f 3338 3350 3351
f 3345 3357 3358
f 3342 3354 3355
f 3339 3351 3352
f 3347 3346 3358
f 3354 3365 3366
f 3351 3362 3363
f 3358 3369 3370
f 3355 3366 3367
f 3352 3363 3364
f 3350 3349 3360
f 3357 3356 3367
f 3353 3364 3365
f 3350 3361 3362
f 3357 3368 3369
f 3368 3367 3378
f 3365 3364 3375
f 3361 3372 3373
f 3368 3379 3380
f 3366 3365 3376
f 3362 3373 3374
f 3369 3380 3381
f 3366 3377 3378
f 3364 3363 3374
f 3361 3360 3371
f 3377 3388 3389
f 3374 3385 3386
f 3371 3382 3383
f 3378 3389 3390
f 3376 3375 3386
f 3373 3372 3383
f 3380 3379 3390
f 3376 3387 3388
f 3374 3373 3384
f 3381 3380 3391
f 3390 3401 3402
f 3388 3387 3398
f 3384 3395 3396
f 3392 3391 3402
f 3388 3399 3400
f 3385 3396 3397
f 3382 3393 3394
f 3389 3400 3401
f 3386 3397 3398
f 3384 3383 3394
f 3393 3404 3405
f 3400 3411 3412
f 3397 3408 3409
f 3394 3405 3406
f 3401 3412 3413
f 3398 3409 3410
f 3395 3406 3407
f 3402 3413 3414
f 3400 3399 3410
f 3396 3407 3408
f 3413 3424 3425
f 3410 3421 3422
f 3408 3407 3418
f 3404 3415 3416
f 3412 3411 3422
f 3408 3419 3420
f 3406 3405 3416
f 3412 3423 3424
f 3410 3409 3420
f 3406 3417 3418
f 3416 3428 3429
f 3423 3435 3436
f 3420 3432 3433
f 3418 3417 3429
f 3425 3424 3436
f 3421 3433 3434
f 3418 3430 3431
f 3415 3427 3428
f 3422 3434 3435
f 3419 3431 3432
f 3428 3427 3438
f 3435 3434 3445
f 3432 3431 3442
f 3428 3439 3440
f 3436 3435 3446
f 3432 3443 3444
f 3429 3440 3441
f 3436 3447 3448
f 3433 3444 3445
f 3431 3430 3441
f 3441 3440 3451
f 3447 3458 3459
f 3444 3455 3456
f 3442 3441 3452
f 3439 3438 3449
f 3445 3456 3457
f 3442 3453 3454
f 3440 3439 3450
f 3447 3446 3457
f 3444 3443 3454
f 3450 3461 3462
f 3458 3457 3468
f 3454 3465 3466
f 3451 3462 3463
f 3459 3458 3469
f 3455 3466 3467
f 3453 3452 3463
f 3449 3460 3461
f 3456 3467 3468
f 3453 3464 3465
f 3463 3474 3475
f 3460 3471 3472
f 3467 3478 3479
f 3464 3475 3476
f 3461 3472 3473
f 3468 3479 3480
f 3466 3465 3476
f 3462 3473 3474
f 3469 3480 3481
f 3467 3466 3477
f 3473 3484 3485
f 3480 3491 3492
f 3478 3477 3488
f 3474 3485 3486
f 3472 3471 3482
f 3478 3489 3490
f 3475 3486 3487
f 3473 3472 3483
f 3479 3490 3491
f 3477 3476 3487
f 3487 3486 3497
f 3483 3494 3495
f 3491 3490 3501
f 3487 3498 3499
f 3484 3495 3496
f 3491 3502 3503
f 3489 3488 3499
f 3485 3496 3497
f 3483 3482 3493
f 3490 3489 3500
f 3497 3496 3507
f 3493 3504 3505
f 3500 3511 3512
f 3497 3508 3509
f 3494 3505 3506
f 3502 3501 3512
f 3498 3509 3510
f 3496 3495 3506
f 3503 3502 3513
f 3499 3510 3511
f 3510 3509 3520
f 3507 3506 3517
f 3513 3524 3525
f 3510 3521 3522
f 3507 3518 3519
f 3505 3504 3515
f 3511 3522 3523
f 3508 3519 3520
f 3506 3505 3516
f 3512 3523 3524
f 3520 3519 3530
f 3516 3527 3528
f 3523 3534 3535
f 3520 3531 3532
f 3518 3517 3528
f 3525 3524 3535
f 3522 3521 3532
f 3518 3529 3530
f 3515 3526 3527
f 3522 3533 3534
f 3533 3532 3323
f 3529 3538 3321
f 3526 3319 3320
f 3534 3533 3539
f 3530 3321 3322
f 3527 3320 3537
f 3535 3534 3540
f 3531 3322 3323
f 3528 3537 3538
f 3536 3535 3324
f 3546 3557 3558
f 3761 3545 3554
f 3760 3551 3552
f 3541 3548 3549
f 3762 3761 3555
f 3543 3552 3553
f 3542 3549 3550
f 3546 3762 3556
f 3545 3544 3553
f 3759 3550 3551
f 3552 3563 3564
f 3549 3560 3561
f 3557 3556 3567
f 3553 3564 3565
f 3550 3561 3562
f 3557 3568 3569
f 3554 3565 3566
f 3551 3562 3563
f 3548 3559 3560
f 3555 3566 3567
f 3565 3577 3578
f 3562 3574 3575
f 3559 3571 3572
f 3566 3578 3579
f 3563 3575 3576
f 3561 3560 3572
f 3568 3567 3579
f 3564 3576 3577
f 3561 3573 3574
f 3568 3580 3581
f 3576 3587 3588
f 3573 3584 3585
f 3580 3591 3592
f 3577 3588 3589
f 3574 3585 3586
f 3571 3582 3583
f 3578 3589 3590
f 3575 3586 3587
f 3572 3583 3584
f 3579 3590 3591
f 3590 3589 3600
f 3586 3597 3598
f 3584 3583 3594
f 3590 3601 3602
f 3587 3598 3599
f 3584 3595 3596
f 3591 3602 3603
f 3588 3599 3600
f 3586 3585 3596
f 3583 3582 3593
f 3599 3610 3611
f 3597 3596 3607
f 3593 3604 3605
f 3600 3611 3612
f 3597 3608 3609
f 3594 3605 3606
f 3601 3612 3613
f 3599 3598 3609
f 3595 3606 3607
f 3603 3602 3613
f 3612 3623 3624
f 3609 3620 3621
f 3606 3617 3618
f 3613 3624 3625
f 3610 3621 3622
f 3607 3618 3619
f 3604 3615 3616
f 3612 3611 3622
f 3608 3619 3620
f 3606 3605 3616
f 3615 3626 3627
f 3622 3633 3634
f 3619 3630 3631
f 3617 3616 3627
f 3624 3623 3634
f 3620 3631 3632
f 3617 3628 3629
f 3624 3635 3636
f 3621 3632 3633
f 3619 3618 3629
f 3635 3646 3647
f 3632 3643 3644
f 3630 3629 3640
f 3626 3637 3638
f 3634 3633 3644
f 3630 3641 3642
f 3627 3638 3639
f 3634 3645 3646
f 3631 3642 3643
f 3628 3639 3640
f 3638 3650 3651
f 3645 3657 3658
f 3642 3654 3655
f 3639 3651 3652
f 3646 3658 3659
f 3643 3655 3656
f 3641 3640 3652
f 3637 3649 3650
f 3645 3644 3656
f 3641 3653 3654
f 3649 3660 3661
f 3656 3667 3668
f 3654 3653 3664
f 3650 3661 3662
f 3658 3657 3668
f 3654 3665 3666
f 3651 3662 3663
f 3658 3669 3670
f 3655 3666 3667
f 3653 3652 3663
f 3662 3673 3674
f 3669 3680 3681
f 3666 3677 3678
f 3664 3663 3674
f 3660 3671 3672
f 3668 3667 3678
f 3664 3675 3676
f 3661 3672 3673
f 3668 3679 3680
f 3665 3676 3677
f 3672 3683 3684
f 3679 3690 3691
f 3677 3676 3687
f 3674 3673 3684
f 3681 3680 3691
f 3677 3688 3689
f 3675 3674 3685
f 3671 3682 3683
f 3678 3689 3690
f 3675 3686 3687
f 3686 3685 3696
f 3683 3682 3693
f 3689 3700 3701
f 3686 3697 3698
f 3683 3694 3695
f 3690 3701 3702
f 3688 3687 3698
f 3685 3684 3695
f 3692 3691 3702
f 3688 3699 3700
f 3695 3706 3707
f 3703 3702 3713
f 3699 3710 3711
f 3697 3696 3707
f 3693 3704 3705
f 3700 3711 3712
f 3697 3708 3709
f 3694 3705 3706
f 3701 3712 3713
f 3699 3698 3709
f 3708 3719 3720
f 3705 3716 3717
f 3712 3723 3724
f 3710 3709 3720
f 3706 3717 3718
f 3714 3713 3724
f 3710 3721 3722
f 3708 3707 3718
f 3704 3715 3716
f 3712 3711 3722
f 3718 3729 3730
f 3715 3726 3727
f 3723 3722 3733
f 3719 3730 3731
f 3717 3716 3727
f 3724 3723 3734
f 3720 3731 3732
f 3717 3728 3729
f 3724 3735 3736
f 3721 3732 3733
f 3731 3742 3743
f 3729 3728 3739
f 3736 3735 3746
f 3732 3743 3744
f 3729 3740 3741
f 3727 3726 3737
f 3733 3744 3745
f 3730 3741 3742
f 3727 3738 3739
f 3735 3734 3745
f 3741 3752 3753
f 3738 3749 3750
f 3746 3745 3756
f 3742 3753 3754
f 3740 3739 3750
f 3747 3746 3757
f 3744 3743 3754
f 3740 3751 3752
f 3737 3748 3749
f 3744 3755 3756
f 3755 3754 3545
f 3751 3760 3543
f 3748 3541 3542
f 3755 3761 3762
f 3752 3543 3544
f 3749 3542 3759
f 3757 3756 3762
f 3753 3544 3545
f 3751 3750 3759
f 3758 3757 3546
f 3764 3766 3765
f 3765 3766 3768
f 3768 3770 3769
f 3770 3772 3771
f 3772 3774 3773
f 3773 3774 3776
f 3776 3778 3777
f 3778 3780 3779
f 3780 3782 3781
f 3782 3784 3783
f 3784 3786 3785
f 3785 3786 3788
f 3788 3790 3789
f 3790 3792 3791
f 3792 3794 3793
f 3794 3796 3795
f 3796 3798 3797
f 3798 3800 3799
f 3800 3802 3801
f 3802 3804 3803
f 3804 3806 3805
f 3806 3808 3807
f 3768 3766 3764
f 3764 3810 3808
f 3808 3806 3804
f 3804 3802 3800
f 3800 3798 3796
f 3796 3794 3792
f 3792 3790 3788
f 3788 3786 3784
f 3784 3782 3780
f 3780 3778 3776
f 3776 3774 3772
f 3772 3770 3768
f 3768 3764 3808
f 3808 3804 3800
f 3800 3796 3792
f 3792 3788 3784
f 3784 3780 3776
f 3776 3772 3768
f 3768 3808 3800
f 3800 3792 3784
f 3784 3776 3768
f 3808 3810 3809
f 3810 3764 3763
f 3809 3763 3765
f 3765 3767 3769
f 3769 3771 3773
f 3773 3775 3777
f 3777 3779 3781
f 3781 3783 3785
f 3785 3787 3789
f 3789 3791 3793
f 3793 3795 3797
f 3797 3799 3801
f 3801 3803 3805
f 3805 3807 3809
f 3809 3765 3769
f 3769 3773 3777
f 3777 3781 3785
f 3785 3789 3793
f 3793 3797 3801
f 3801 3805 3809
f 3809 3769 3777
f 3777 3785 3793
f 3793 3801 3809
f 4031 3815 3824
f 4030 3821 3822
f 3811 3818 3819
f 4032 4031 3825
f 3813 3822 3823
f 3812 3819 3820
f 4032 3826 3827
f 3814 3823 3824
f 4029 3820 3821
f 3816 3827 3828
f 3823 3822 3833
f 3819 3830 3831
f 3826 3837 3838
f 3823 3834 3835
f 3821 3820 3831
f 3828 3827 3838
f 3824 3835 3836
f 3821 3832 3833
f 3818 3829 3830
f 3825 3836 3837
f 3833 3832 3844
f 3830 3829 3841
f 3836 3848 3849
f 3833 3845 3846
f 3830 3842 3843
f 3837 3849 3850
f 3834 3846 3847
f 3832 3831 3843
f 3838 3850 3851
f 3835 3847 3848
f 3846 3857 3858
f 3843 3854 3855
f 3850 3861 3862
f 3847 3858 3859
f 3845 3844 3855
f 3842 3841 3852
f 3848 3859 3860
f 3846 3845 3856
f 3842 3853 3854
f 3849 3860 3861
f 3857 3856 3867
f 3853 3864 3865
f 3860 3871 3872
f 3857 3868 3869
f 3854 3865 3866
f 3862 3861 3872
f 3858 3869 3870
f 3855 3866 3867
f 3852 3863 3864
f 3859 3870 3871
f 3869 3880 3881
f 3866 3877 3878
f 3863 3874 3875
f 3870 3881 3882
f 3868 3867 3878
f 3864 3875 3876
f 3871 3882 3883
f 3868 3879 3880
f 3865 3876 3877
f 3872 3883 3884
f 3879 3890 3891
f 3876 3887 3888
f 3883 3894 3895
f 3880 3891 3892
f 3878 3877 3888
f 3874 3885 3886
f 3881 3892 3893
f 3878 3889 3890
f 3875 3886 3887
f 3882 3893 3894
f 3892 3903 3904
f 3890 3889 3900
f 3887 3886 3897
f 3893 3904 3905
f 3890 3901 3902
f 3887 3898 3899
f 3894 3905 3906
f 3891 3902 3903
f 3889 3888 3899
f 3885 3896 3897
f 3902 3913 3914
f 3900 3899 3910
f 3897 3896 3907
f 3903 3914 3915
f 3901 3900 3911
f 3897 3908 3909
f 3904 3915 3916
f 3901 3912 3913
f 3898 3909 3910
f 3905 3916 3917
f 3915 3927 3928
f 3912 3924 3925
f 3909 3921 3922
f 3917 3916 3928
f 3913 3925 3926
f 3911 3910 3922
f 3907 3919 3920
f 3914 3926 3927
f 3912 3911 3923
f 3908 3920 3921
f 3919 3930 3931
f 3927 3926 3937
f 3923 3934 3935
f 3920 3931 3932
f 3927 3938 3939
f 3925 3924 3935
f 3921 3932 3933
f 3928 3939 3940
f 3925 3936 3937
f 3923 3922 3933
f 3939 3950 3951
f 3937 3936 3947
f 3934 3933 3944
f 3930 3941 3942
f 3938 3937 3948
f 3934 3945 3946
f 3931 3942 3943
f 3938 3949 3950
f 3936 3935 3946
f 3932 3943 3944
f 3942 3953 3954
f 3950 3949 3960
f 3947 3946 3957
f 3943 3954 3955
f 3950 3961 3962
f 3947 3958 3959
f 3945 3944 3955
f 3941 3952 3953
f 3948 3959 3960
f 3945 3956 3957
f 3952 3963 3964
f 3959 3970 3971
f 3956 3967 3968
f 3954 3953 3964
f 3960 3971 3972
f 3958 3957 3968
f 3955 3954 3965
f 3962 3961 3972
f 3958 3969 3970
f 3956 3955 3966
f 3966 3965 3976
f 3972 3983 3984
f 3969 3980 3981
f 3967 3966 3977
f 3963 3974 3975
f 3971 3970 3981
f 3967 3978 3979
f 3964 3975 3976
f 3972 3971 3982
f 3969 3968 3979
f 3976 3975 3986
f 3982 3993 3994
f 3980 3979 3990
f 3977 3976 3987
f 3983 3994 3995
f 3980 3991 3992
f 3978 3977 3988
f 3975 3974 3985
f 3981 3992 3993
f 3978 3989 3990
f 3989 3988 3999
f 3986 3985 3996
f 3992 4003 4004
f 3989 4000 4001
f 3986 3997 3998
f 3994 3993 4004
f 3991 3990 4001
f 3987 3998 3999
f 3995 3994 4005
f 3991 4002 4003
f 3999 3998 4009
f 4006 4005 4016
f 4002 4013 4014
f 4000 3999 4010
f 3997 3996 4007
f 4003 4014 4015
f 4000 4011 4012
f 3997 4008 4009
f 4004 4015 4016
f 4001 4012 4013
f 4012 4011 4022
f 4008 4019 4020
f 4015 4026 4027
f 4012 4023 4024
f 4010 4009 4020
f 4016 4027 4028
f 4014 4013 4024
f 4010 4021 4022
f 4007 4018 4019
f 4015 4014 4025
f 4021 4030 3813
f 4018 3811 3812
f 4025 4031 4032
f 4022 3813 3814
f 4019 3812 4029
f 4027 4026 4032
f 4024 4023 3814
f 4021 4020 4029
f 4028 4027 3816
f 4025 4024 3815
f 4034 4036 4035
f 4036 4038 4037
f 4038 4040 4039
f 4040 4042 4041
f 4042 4044 4043
f 4044 4046 4045
f 4046 4048 4047
f 4048 4050 4049
f 4049 4050 4052
f 4052 4054 4053
f 4054 4056 4055
f 4056 4058 4057
f 4058 4060 4059
f 4060 4062 4061
f 4062 4064 4063
f 4064 4066 4065
f 4065 4066 4068
f 4068 4070 4069
f 4069 4070 4072
f 4071 4072 4074
f 4074 4076 4075
f 4076 4078 4077
f 4038 4036 4034
f 4034 4080 4078
f 4078 4076 4074
f 4074 4072 4070
f 4070 4068 4066
f 4066 4064 4062
f 4062 4060 4058
f 4058 4056 4054
f 4054 4052 4050
f 4050 4048 4046
f 4046 4044 4042
f 4042 4040 4038
f 4038 4034 4078
f 4078 4074 4070
f 4070 4066 4062
f 4062 4058 4054
f 4054 4050 4046
f 4046 4042 4038
f 4038 4078 4070
f 4070 4062 4054
f 4054 4046 4038
f 4077 4078 4080
f 4080 4034 4033
f 4079 4033 4035
f 4035 4037 4039
f 4039 4041 4043
f 4043 4045 4047
f 4047 4049 4051
f 4051 4053 4055
f 4055 4057 4059
f 4059 4061 4063
f 4063 4065 4067
f 4067 4069 4071
f 4071 4073 4075
f 4075 4077 4079
f 4079 4035 4039
f 4039 4043 4047
f 4047 4051 4055
f 4055 4059 4063
f 4063 4067 4071
f 4071 4075 4079
f 4079 4039 4047
f 4047 4055 4063
f 4063 4071 4079
f 4301 4085 4094
f 4300 4091 4092
f 4081 4088 4089
f 4302 4301 4095
f 4083 4092 4093
f 4082 4089 4090
f 4086 4302 4096
f 4084 4093 4094
f 4299 4090 4091
f 4086 4097 4098
f 4093 4092 4103
f 4089 4100 4101
f 4096 4107 4108
f 4093 4104 4105
f 4090 4101 4102
f 4097 4108 4109
f 4094 4105 4106
f 4091 4102 4103
f 4088 4099 4100
f 4095 4106 4107
f 4102 4114 4115
f 4099 4111 4112
f 4107 4106 4118
f 4104 4103 4115
f 4101 4100 4112
f 4107 4119 4120
f 4104 4116 4117
f 4101 4113 4114
f 4108 4120 4121
f 4106 4105 4117
f 4116 4127 4128
f 4113 4124 4125
f 4121 4120 4131
f 4117 4128 4129
f 4115 4114 4125
f 4111 4122 4123
f 4119 4118 4129
f 4115 4126 4127
f 4113 4112 4123
f 4119 4130 4131
f 4127 4126 4137
f 4123 4134 4135
f 4130 4141 4142
f 4127 4138 4139
f 4124 4135 4136
f 4131 4142 4143
f 4128 4139 4140
f 4125 4136 4137
f 4123 4122 4133
f 4129 4140 4141
f 4139 4150 4151
f 4136 4147 4148
f 4133 4144 4145
f 4141 4140 4151
f 4137 4148 4149
f 4135 4134 4145
f 4141 4152 4153
f 4138 4149 4150
f 4135 4146 4147
f 4142 4153 4154
f 4149 4160 4161
f 4146 4157 4158
f 4154 4153 4164
f 4150 4161 4162
f 4148 4147 4158
f 4144 4155 4156
f 4151 4162 4163
f 4148 4159 4160
f 4146 4145 4156
f 4152 4163 4164
f 4162 4173 4174
f 4160 4159 4170
f 4156 4167 4168
f 4163 4174 4175
f 4160 4171 4172
f 4157 4168 4169
f 4164 4175 4176
f 4161 4172 4173
f 4158 4169 4170
f 4156 4155 4166
f 4172 4183 4184
f 4169 4180 4181
f 4166 4177 4178
f 4173 4184 4185
f 4170 4181 4182
f 4168 4167 4178
f 4174 4185 4186
f 4171 4182 4183
f 4169 4168 4179
f 4175 4186 4187
f 4185 4197 4198
f 4182 4194 4195
f 4179 4191 4192
f 4186 4198 4199
f 4183 4195 4196
f 4180 4192 4193
f 4177 4189 4190
f 4184 4196 4197
f 4181 4193 4194
f 4178 4190 4191
f 4190 4189 4200
f 4196 4207 4208
f 4193 4204 4205
f 4190 4201 4202
f 4197 4208 4209
f 4194 4205 4206
f 4191 4202 4203
f 4198 4209 4210
f 4195 4206 4207
f 4193 4192 4203
f 4209 4220 4221
f 4206 4217 4218
f 4204 4203 4214
f 4201 4200 4211
f 4207 4218 4219
f 4204 4215 4216
f 4202 4201 4212
f 4209 4208 4219
f 4206 4205 4216
f 4203 4202 4213
f 4212 4223 4224
f 4220 4219 4230
f 4216 4227 4228
f 4213 4224 4225
f 4220 4231 4232
f 4217 4228 4229
f 4215 4214 4225
f 4212 4211 4222
f 4218 4229 4230
f 4215 4226 4227
f 4222 4233 4234
f 4229 4240 4241
f 4226 4237 4238
f 4223 4234 4235
f 4231 4230 4241
f 4228 4227 4238
f 4225 4224 4235
f 4232 4231 4242
f 4228 4239 4240
f 4226 4225 4236
f 4235 4246 4247
f 4242 4253 4254
f 4239 4250 4251
f 4236 4247 4248
f 4234 4233 4244
f 4240 4251 4252
f 4237 4248 4249
f 4235 4234 4245
f 4241 4252 4253
f 4239 4238 4249
f 4246 4245 4256
f 4252 4263 4264
f 4249 4260 4261
f 4246 4257 4258
f 4253 4264 4265
f 4250 4261 4262
f 4248 4247 4258
f 4244 4255 4256
f 4251 4262 4263
f 4248 4259 4260
f 4258 4269 4270
f 4256 4255 4266
f 4262 4273 4274
f 4259 4270 4271
f 4256 4267 4268
f 4264 4263 4274
f 4261 4260 4271
f 4258 4257 4268
f 4265 4264 4275
f 4261 4272 4273
f 4269 4268 4279
f 4275 4286 4287
f 4272 4283 4284
f 4270 4269 4280
f 4266 4277 4278
f 4273 4284 4285
f 4270 4281 4282
f 4267 4278 4279
f 4275 4274 4285
f 4272 4271 4282
f 4281 4292 4293
f 4278 4289 4290
f 4285 4296 4297
f 4282 4293 4294
f 4280 4279 4290
f 4287 4286 4297
f 4283 4294 4295
f 4280 4291 4292
f 4277 4288 4289
f 4284 4295 4296
f 4291 4300 4083
f 4288 4081 4082
f 4295 4301 4302
f 4292 4083 4084
f 4289 4082 4299
f 4296 4302 4086
f 4294 4293 4084
f 4291 4290 4299
f 4298 4297 4086
f 4295 4294 4085
f 4523 4307 4316
f 4522 4313 4314
f 4303 4310 4311
f 4524 4523 4317
f 4305 4314 4315
f 4304 4311 4312
f 4308 4524 4318
f 4307 4306 4315
f 4521 4312 4313
f 4309 4308 4319
f 4314 4325 4326
f 4311 4322 4323
f 4319 4318 4329
f 4316 4315 4326
f 4312 4323 4324
f 4320 4319 4330
f 4317 4316 4327
f 4313 4324 4325
f 4310 4321 4322
f 4318 4317 4328
f 4324 4336 4337
f 4321 4333 4334
f 4329 4328 4340
f 4325 4337 4338
f 4322 4334 4335
f 4330 4329 4341
f 4327 4326 4338
f 4323 4335 4336
f 4331 4330 4342
f 4328 4327 4339
f 4339 4338 4349
f 4335 4346 4347
f 4343 4342 4353
f 4340 4339 4350
f 4336 4347 4348
f 4333 4344 4345
f 4341 4340 4351
f 4337 4348 4349
f 4334 4345 4346
f 4342 4341 4352
f 4348 4359 4360
f 4345 4356 4357
f 4353 4352 4363
f 4350 4349 4360
f 4346 4357 4358
f 4354 4353 4364
f 4351 4350 4361
f 4347 4358 4359
f 4344 4355 4356
f 4352 4351 4362
f 4361 4372 4373
f 4359 4358 4369
f 4356 4355 4366
f 4362 4373 4374
f 4360 4359 4370
f 4357 4356 4367
f 4363 4374 4375
f 4360 4371 4372
f 4358 4357 4368
f 4364 4375 4376
f 4371 4382 4383
f 4369 4368 4379
f 4375 4386 4387
f 4372 4383 4384
f 4370 4369 4380
f 4367 4366 4377
f 4373 4384 4385
f 4371 4370 4381
f 4368 4367 4378
f 4374 4385 4386
f 4384 4395 4396
f 4382 4381 4392
f 4379 4378 4389
f 4385 4396 4397
f 4382 4393 4394
f 4380 4379 4390
f 4386 4397 4398
f 4383 4394 4395
f 4381 4380 4391
f 4378 4377 4388
f 4394 4405 4406
f 4392 4391 4402
f 4389 4388 4399
f 4395 4406 4407
f 4393 4392 4403
f 4390 4389 4400
f 4396 4407 4408
f 4393 4404 4405
f 4391 4390 4401
f 4397 4408 4409
f 4407 4419 4420
f 4404 4416 4417
f 4402 4401 4413
f 4408 4420 4421
f 4405 4417 4418
f 4403 4402 4414
f 4400 4399 4411
f 4406 4418 4419
f 4404 4403 4415
f 4401 4400 4412
f 4411 4422 4423
f 4419 4418 4429
f 4415 4426 4427
f 4412 4423 4424
f 4420 4419 4430
f 4417 4416 4427
f 4413 4424 4425
f 4421 4420 4431
f 4418 4417 4428
f 4414 4425 4426
f 4432 4431 4442
f 4429 4428 4439
f 4425 4436 4437
f 4422 4433 4434
f 4430 4429 4440
f 4426 4437 4438
f 4423 4434 4435
f 4431 4430 4441
f 4428 4427 4438
f 4424 4435 4436
f 4434 4445 4446
f 4442 4441 4452
f 4439 4438 4449
f 4435 4446 4447
f 4443 4442 4453
f 4440 4439 4450
f 4436 4447 4448
f 4433 4444 4445
f 4441 4440 4451
f 4437 4448 4449
f 4444 4455 4456
f 4452 4451 4462
f 4448 4459 4460
f 4445 4456 4457
f 4453 4452 4463
f 4450 4449 4460
f 4446 4457 4458
f 4454 4453 4464
f 4451 4450 4461
f 4447 4458 4459
f 4457 4468 4469
f 4465 4464 4475
f 4462 4461 4472
f 4458 4469 4470
f 4455 4466 4467
f 4463 4462 4473
f 4459 4470 4471
f 4456 4467 4468
f 4464 4463 4474
f 4461 4460 4471
f 4468 4467 4478
f 4474 4485 4486
f 4471 4482 4483
f 4469 4468 4479
f 4475 4486 4487
f 4472 4483 4484
f 4470 4469 4480
f 4467 4466 4477
f 4473 4484 4485
f 4471 4470 4481
f 4481 4480 4491
f 4478 4477 4488
f 4484 4495 4496
f 4482 4481 4492
f 4479 4478 4489
f 4485 4496 4497
f 4482 4493 4494
f 4480 4479 4490
f 4486 4497 4498
f 4483 4494 4495
f 4491 4490 4501
f 4497 4508 4509
f 4494 4505 4506
f 4492 4491 4502
f 4489 4488 4499
f 4495 4506 4507
f 4493 4492 4503
f 4490 4489 4500
f 4496 4507 4508
f 4493 4504 4505
f 4504 4503 4514
f 4501 4500 4511
f 4507 4518 4519
f 4504 4515 4516
f 4502 4501 4512
f 4508 4519 4520
f 4505 4516 4517
f 4503 4502 4513
f 4500 4499 4510
f 4506 4517 4518
f 4514 4513 4522
f 4511 4510 4303
f 4517 4523 4524
f 4515 4514 4305
f 4512 4511 4304
f 4518 4524 4308
f 4515 4306 4307
f 4513 4512 4521
f 4519 4308 4309
f 4516 4307 4523
