# Blender 4.2.23 LTS
# www.blender.org
o body
v 0.000000 0.289903 0.119766
v 0.000000 0.275917 0.045000
v 0.000000 0.190908 -0.099437
v 0.000000 0.154674 -0.110000
v 0.000000 0.118439 -0.099437
v 0.000000 0.033430 0.045000
v 0.000000 0.019444 0.119766
v 0.018395 0.289903 0.123693
v 0.035537 0.275917 0.052586
v 0.050257 0.253669 -0.008475
v 0.061552 0.224674 -0.055328
v 0.068652 0.190908 -0.084782
v 0.071074 0.154674 -0.094828
v 0.068652 0.118439 -0.084782
v 0.061552 0.084674 -0.055328
v 0.050257 0.055679 -0.008475
v 0.035537 0.033430 0.052586
v 0.018395 0.019444 0.123693
v 0.034990 0.289903 0.135089
v 0.067595 0.275917 0.074602
v 0.095594 0.253669 0.022661
v 0.117079 0.224674 -0.017195
v 0.130584 0.190908 -0.042250
v 0.135191 0.154674 -0.050795
v 0.130584 0.118439 -0.042250
v 0.117079 0.084674 -0.017195
v 0.095594 0.055679 0.022661
v 0.067595 0.033430 0.074602
v 0.034990 0.019444 0.135089
v 0.000000 0.014674 0.200000
v 0.048159 0.289903 0.152840
v 0.093037 0.275917 0.108893
v 0.131574 0.253669 0.071156
v 0.161145 0.224674 0.042199
v 0.179734 0.190908 0.023995
v 0.186074 0.154674 0.017787
v 0.179734 0.118439 0.023995
v 0.161145 0.084674 0.042199
v 0.131574 0.055679 0.071156
v 0.093037 0.033430 0.108893
v 0.048159 0.019444 0.152840
v 0.056615 0.289903 0.175206
v 0.109372 0.275917 0.152102
v 0.154675 0.253669 0.132263
v 0.189437 0.224674 0.117039
v 0.211290 0.190908 0.107469
v 0.218743 0.154674 0.104205
v 0.211290 0.118439 0.107469
v 0.189437 0.084674 0.117039
v 0.154675 0.055679 0.132263
v 0.109372 0.033430 0.152102
v 0.056615 0.019444 0.175206
v 0.059528 0.289903 0.200000
v 0.115000 0.275917 0.200000
v 0.162635 0.253669 0.200000
v 0.199186 0.224674 0.200000
v 0.222163 0.190908 0.200000
v 0.230000 0.154674 0.200000
v 0.222163 0.118439 0.200000
v 0.199186 0.084674 0.200000
v 0.162635 0.055679 0.200000
v 0.115000 0.033430 0.200000
v 0.059528 0.019444 0.200000
v 0.056615 0.289903 0.224794
v 0.109372 0.275917 0.247898
v 0.154675 0.253669 0.267738
v 0.189437 0.224674 0.282961
v 0.211290 0.190908 0.292531
v 0.218743 0.154674 0.295795
v 0.211290 0.118439 0.292531
v 0.189437 0.084674 0.282961
v 0.154675 0.055679 0.267738
v 0.109372 0.033430 0.247898
v 0.056615 0.019444 0.224794
v 0.048159 0.289903 0.247160
v 0.093037 0.275917 0.291107
v 0.131574 0.253669 0.328844
v 0.161145 0.224674 0.357801
v 0.179734 0.190908 0.376005
v 0.186074 0.154674 0.382213
v 0.179734 0.118439 0.376005
v 0.161145 0.084674 0.357801
v 0.131574 0.055679 0.328844
v 0.093037 0.033430 0.291107
v 0.048159 0.019444 0.247160
v 0.034990 0.289903 0.264911
v 0.067595 0.275917 0.325398
v 0.095594 0.253669 0.377339
v 0.117079 0.224674 0.417195
v 0.130584 0.190908 0.442250
v 0.135191 0.154674 0.450795
v 0.130584 0.118439 0.442250
v 0.117079 0.084674 0.417195
v 0.095594 0.055679 0.377339
v 0.067595 0.033430 0.325398
v 0.034990 0.019444 0.264911
v 0.018395 0.289903 0.276307
v 0.035537 0.275917 0.347414
v 0.050257 0.253669 0.408475
v 0.061552 0.224674 0.455328
v 0.068652 0.190908 0.484782
v 0.071074 0.154674 0.494828
v 0.068652 0.118439 0.484782
v 0.061552 0.084674 0.455328
v 0.050257 0.055679 0.408475
v 0.035537 0.033430 0.347414
v 0.018395 0.019444 0.276307
v 0.000000 0.294674 0.200000
v -0.000000 0.289903 0.280234
v 0.000000 0.275917 0.355000
v 0.000000 0.253669 0.419203
v 0.000000 0.224674 0.468468
v 0.000000 0.190908 0.499437
v 0.000000 0.154674 0.510000
v 0.000000 0.118439 0.499437
v 0.000000 0.084674 0.468468
v 0.000000 0.055679 0.419203
v 0.000000 0.033430 0.355000
v -0.000000 0.019444 0.280234
v -0.018395 0.289903 0.276307
v -0.035537 0.275917 0.347414
v -0.050257 0.253669 0.408475
v -0.061552 0.224674 0.455328
v -0.068652 0.190908 0.484782
v -0.071074 0.154674 0.494828
v -0.068652 0.118439 0.484782
v -0.061552 0.084674 0.455328
v -0.050257 0.055679 0.408475
v -0.035537 0.033430 0.347414
v -0.018395 0.019444 0.276307
v -0.034990 0.289903 0.264911
v -0.067595 0.275917 0.325398
v -0.095594 0.253669 0.377339
v -0.117079 0.224674 0.417195
v -0.130584 0.190908 0.442250
v -0.135191 0.154674 0.450795
v -0.130584 0.118439 0.442250
v -0.117079 0.084674 0.417195
v -0.095594 0.055679 0.377339
v -0.067595 0.033430 0.325398
v -0.034990 0.019444 0.264911
v -0.048159 0.289903 0.247160
v -0.093037 0.275917 0.291107
v -0.131574 0.253669 0.328844
v -0.161145 0.224674 0.357802
v -0.179734 0.190908 0.376005
v -0.186074 0.154674 0.382214
v -0.179734 0.118439 0.376005
v -0.161145 0.084674 0.357802
v -0.131574 0.055679 0.328844
v -0.093037 0.033430 0.291107
v -0.048159 0.019444 0.247160
v -0.056615 0.289903 0.224794
v -0.109372 0.275917 0.247898
v -0.154675 0.253669 0.267738
v -0.189437 0.224674 0.282961
v -0.211290 0.190908 0.292531
v -0.218743 0.154674 0.295795
v -0.211290 0.118439 0.292531
v -0.189437 0.084674 0.282961
v -0.154675 0.055679 0.267738
v -0.109372 0.033430 0.247898
v -0.056615 0.019444 0.224794
v -0.059528 0.289903 0.200000
v -0.115000 0.275917 0.200000
v -0.162635 0.253669 0.200000
v -0.199186 0.224674 0.200000
v -0.222163 0.190908 0.200000
v -0.230000 0.154674 0.200000
v -0.222163 0.118439 0.200000
v -0.199186 0.084674 0.200000
v -0.162635 0.055679 0.200000
v -0.115000 0.033430 0.200000
v -0.059528 0.019444 0.200000
v -0.056615 0.289903 0.175206
v -0.109372 0.275917 0.152102
v -0.154675 0.253669 0.132262
v -0.189437 0.224674 0.117039
v -0.211290 0.190908 0.107469
v -0.218743 0.154674 0.104205
v -0.211290 0.118439 0.107469
v -0.189437 0.084674 0.117039
v -0.154675 0.055679 0.132262
v -0.109372 0.033430 0.152102
v -0.056615 0.019444 0.175206
v -0.048159 0.289903 0.152840
v -0.093037 0.275917 0.108893
v -0.131574 0.253669 0.071156
v -0.161145 0.224674 0.042198
v -0.179734 0.190908 0.023995
v -0.186074 0.154674 0.017786
v -0.179734 0.118439 0.023995
v -0.161145 0.084674 0.042198
v -0.131574 0.055679 0.071156
v -0.093037 0.033430 0.108893
v -0.048159 0.019444 0.152840
v -0.034990 0.289903 0.135089
v -0.067595 0.275917 0.074602
v -0.095594 0.253669 0.022661
v -0.117079 0.224674 -0.017195
v -0.130584 0.190908 -0.042250
v -0.135191 0.154674 -0.050795
v -0.130584 0.118439 -0.042250
v -0.117079 0.084674 -0.017195
v -0.095594 0.055679 0.022661
v -0.067595 0.033430 0.074602
v -0.034990 0.019444 0.135089
v -0.018395 0.289903 0.123693
v -0.035537 0.275917 0.052586
v -0.050257 0.253669 -0.008475
v -0.061552 0.224674 -0.055328
v -0.068652 0.190908 -0.084782
v -0.071074 0.154674 -0.094828
v -0.068652 0.118439 -0.084782
v -0.061552 0.084674 -0.055328
v -0.050257 0.055679 -0.008475
v -0.035537 0.033430 0.052586
v -0.018395 0.019444 0.123693
v -0.000000 0.253669 -0.019203
v 0.000000 0.224674 -0.068468
v 0.000000 0.084674 -0.068468
v -0.000000 0.055679 -0.019203
v 0.000000 0.280244 -0.092117
v 0.000000 0.267257 -0.150000
v 0.000000 0.188320 -0.261822
v 0.000000 0.154674 -0.270000
v 0.000000 0.121027 -0.261822
v 0.000000 0.042091 -0.150000
v 0.000000 0.029103 -0.092117
v 0.014396 0.280244 -0.089076
v 0.027812 0.267257 -0.144127
v 0.039331 0.246598 -0.191400
v 0.048171 0.219674 -0.227673
v 0.053728 0.188320 -0.250476
v 0.055623 0.154674 -0.258254
v 0.053728 0.121027 -0.250476
v 0.048171 0.089674 -0.227673
v 0.039331 0.062750 -0.191400
v 0.027812 0.042091 -0.144127
v 0.014396 0.029103 -0.089076
v 0.027383 0.280244 -0.080253
v 0.052901 0.267257 -0.127082
v 0.074813 0.246598 -0.167295
v 0.091627 0.219674 -0.198151
v 0.102196 0.188320 -0.217548
v 0.105801 0.154674 -0.224164
v 0.102196 0.121027 -0.217548
v 0.091627 0.089674 -0.198151
v 0.074813 0.062750 -0.167295
v 0.052901 0.042091 -0.127082
v 0.027383 0.029103 -0.080253
v 0.000000 0.024674 -0.030000
v 0.037690 0.280244 -0.066511
v 0.072812 0.267257 -0.100534
v 0.102971 0.246598 -0.129750
v 0.126113 0.219674 -0.152169
v 0.140661 0.188320 -0.166262
v 0.145623 0.154674 -0.171068
v 0.140661 0.121027 -0.166262
v 0.126113 0.089674 -0.152169
v 0.102971 0.062750 -0.129750
v 0.072812 0.042091 -0.100534
v 0.037690 0.029103 -0.066511
v 0.044307 0.280244 -0.049195
v 0.085595 0.267257 -0.067082
v 0.121050 0.246598 -0.082442
v 0.148255 0.219674 -0.094228
v 0.165357 0.188320 -0.101637
v 0.171190 0.154674 -0.104164
v 0.165357 0.121027 -0.101637
v 0.148255 0.089674 -0.094228
v 0.121050 0.062750 -0.082442
v 0.085595 0.042091 -0.067082
v 0.044307 0.029103 -0.049195
v 0.046587 0.280244 -0.030000
v 0.090000 0.267257 -0.030000
v 0.127279 0.246598 -0.030000
v 0.155885 0.219674 -0.030000
v 0.173867 0.188320 -0.030000
v 0.180000 0.154674 -0.030000
v 0.173867 0.121027 -0.030000
v 0.155885 0.089674 -0.030000
v 0.127279 0.062750 -0.030000
v 0.090000 0.042091 -0.030000
v 0.046587 0.029103 -0.030000
v 0.044307 0.280244 -0.010805
v 0.085595 0.267257 0.007082
v 0.121050 0.246598 0.022442
v 0.148255 0.219674 0.034228
v 0.165357 0.188320 0.041637
v 0.171190 0.154674 0.044164
v 0.165357 0.121027 0.041637
v 0.148255 0.089674 0.034228
v 0.121050 0.062750 0.022442
v 0.085595 0.042091 0.007082
v 0.044307 0.029103 -0.010805
v 0.037690 0.280244 0.006511
v 0.072812 0.267257 0.040534
v 0.102971 0.246598 0.069750
v 0.126113 0.219674 0.092169
v 0.140661 0.188320 0.106262
v 0.145623 0.154674 0.111068
v 0.140661 0.121027 0.106262
v 0.126113 0.089674 0.092169
v 0.102971 0.062750 0.069750
v 0.072812 0.042091 0.040534
v 0.037690 0.029103 0.006511
v 0.027383 0.280244 0.020253
v 0.052901 0.267257 0.067082
v 0.074813 0.246598 0.107295
v 0.091627 0.219674 0.138151
v 0.102196 0.188320 0.157548
v 0.105801 0.154674 0.164164
v 0.102196 0.121027 0.157548
v 0.091627 0.089674 0.138151
v 0.074813 0.062750 0.107295
v 0.052901 0.042091 0.067082
v 0.027383 0.029103 0.020253
v 0.014396 0.280244 0.029076
v 0.027812 0.267257 0.084127
v 0.039331 0.246598 0.131400
v 0.048171 0.219674 0.167673
v 0.053728 0.188320 0.190476
v 0.055623 0.154674 0.198254
v 0.053728 0.121027 0.190476
v 0.048171 0.089674 0.167673
v 0.039331 0.062750 0.131400
v 0.027812 0.042091 0.084127
v 0.014396 0.029103 0.029076
v 0.000000 0.284674 -0.030000
v -0.000000 0.280244 0.032117
v 0.000000 0.267257 0.090000
v 0.000000 0.246598 0.139706
v 0.000000 0.219674 0.177846
v 0.000000 0.188320 0.201822
v 0.000000 0.154674 0.210000
v 0.000000 0.121027 0.201822
v 0.000000 0.089674 0.177846
v 0.000000 0.062750 0.139706
v 0.000000 0.042091 0.090000
v -0.000000 0.029103 0.032117
v -0.014396 0.280244 0.029076
v -0.027812 0.267257 0.084127
v -0.039331 0.246598 0.131400
v -0.048171 0.219674 0.167673
v -0.053728 0.188320 0.190476
v -0.055623 0.154674 0.198254
v -0.053728 0.121027 0.190476
v -0.048171 0.089674 0.167673
v -0.039331 0.062750 0.131400
v -0.027812 0.042091 0.084127
v -0.014396 0.029103 0.029076
v -0.027383 0.280244 0.020253
v -0.052901 0.267257 0.067082
v -0.074813 0.246598 0.107295
v -0.091627 0.219674 0.138151
v -0.102196 0.188320 0.157548
v -0.105801 0.154674 0.164164
v -0.102196 0.121027 0.157548
v -0.091627 0.089674 0.138151
v -0.074813 0.062750 0.107295
v -0.052901 0.042091 0.067082
v -0.027383 0.029103 0.020253
v -0.037690 0.280244 0.006511
v -0.072812 0.267257 0.040534
v -0.102971 0.246598 0.069751
v -0.126113 0.219674 0.092169
v -0.140661 0.188320 0.106262
v -0.145623 0.154674 0.111069
v -0.140661 0.121027 0.106262
v -0.126113 0.089674 0.092169
v -0.102971 0.062750 0.069751
v -0.072812 0.042091 0.040534
v -0.037690 0.029103 0.006511
v -0.044307 0.280244 -0.010805
v -0.085595 0.267257 0.007082
v -0.121050 0.246598 0.022442
v -0.148255 0.219674 0.034228
v -0.165357 0.188320 0.041637
v -0.171190 0.154674 0.044164
v -0.165357 0.121027 0.041637
v -0.148255 0.089674 0.034228
v -0.121050 0.062750 0.022442
v -0.085595 0.042091 0.007082
v -0.044307 0.029103 -0.010805
v -0.046587 0.280244 -0.030000
v -0.090000 0.267257 -0.030000
v -0.127279 0.246598 -0.030000
v -0.155885 0.219674 -0.030000
v -0.173867 0.188320 -0.030000
v -0.180000 0.154674 -0.030000
v -0.173867 0.121027 -0.030000
v -0.155885 0.089674 -0.030000
v -0.127279 0.062750 -0.030000
v -0.090000 0.042091 -0.030000
v -0.046587 0.029103 -0.030000
v -0.044307 0.280244 -0.049195
v -0.085595 0.267257 -0.067082
v -0.121050 0.246598 -0.082442
v -0.148255 0.219674 -0.094228
v -0.165357 0.188320 -0.101637
v -0.171190 0.154674 -0.104164
v -0.165357 0.121027 -0.101637
v -0.148255 0.089674 -0.094228
v -0.121050 0.062750 -0.082442
v -0.085595 0.042091 -0.067082
v -0.044307 0.029103 -0.049195
v -0.037690 0.280244 -0.066511
v -0.072812 0.267257 -0.100534
v -0.102971 0.246598 -0.129751
v -0.126113 0.219674 -0.152169
v -0.140661 0.188320 -0.166262
v -0.145623 0.154674 -0.171069
v -0.140661 0.121027 -0.166262
v -0.126113 0.089674 -0.152169
v -0.102971 0.062750 -0.129751
v -0.072812 0.042091 -0.100534
v -0.037690 0.029103 -0.066511
v -0.027383 0.280244 -0.080253
v -0.052901 0.267257 -0.127082
v -0.074813 0.246598 -0.167295
v -0.091627 0.219674 -0.198151
v -0.102196 0.188320 -0.217548
v -0.105801 0.154674 -0.224164
v -0.102196 0.121027 -0.217548
v -0.091627 0.089674 -0.198151
v -0.074813 0.062750 -0.167295
v -0.052901 0.042091 -0.127082
v -0.027383 0.029103 -0.080253
v -0.014396 0.280244 -0.089076
v -0.027812 0.267257 -0.144127
v -0.039331 0.246598 -0.191400
v -0.048171 0.219674 -0.227674
v -0.053728 0.188320 -0.250476
v -0.055623 0.154674 -0.258254
v -0.053728 0.121027 -0.250476
v -0.048171 0.089674 -0.227674
v -0.039331 0.062750 -0.191400
v -0.027812 0.042091 -0.144127
v -0.014396 0.029103 -0.089076
v -0.000000 0.246598 -0.199706
v 0.000000 0.219674 -0.237846
v 0.000000 0.089674 -0.237846
v -0.000000 0.062750 -0.199706
v 0.000000 0.279903 -0.306940
v 0.000000 0.265917 -0.360000
v 0.000000 0.180908 -0.462504
v 0.000000 0.144674 -0.470000
v 0.000000 0.108439 -0.462504
v 0.000000 0.023430 -0.360000
v 0.000000 0.009444 -0.306940
v 0.017595 0.279903 -0.304153
v 0.033992 0.265917 -0.354616
v 0.048072 0.243669 -0.397950
v 0.058876 0.214674 -0.431201
v 0.065667 0.180908 -0.452103
v 0.067984 0.144674 -0.459232
v 0.065667 0.108439 -0.452103
v 0.058876 0.074674 -0.431201
v 0.048072 0.045679 -0.397950
v 0.033992 0.023430 -0.354616
v 0.017595 0.009444 -0.304153
v 0.033469 0.279903 -0.296066
v 0.064656 0.265917 -0.338992
v 0.091438 0.243669 -0.375853
v 0.111988 0.214674 -0.404138
v 0.124907 0.180908 -0.421919
v 0.129313 0.144674 -0.427984
v 0.124907 0.108439 -0.421919
v 0.111988 0.074674 -0.404138
v 0.091438 0.045679 -0.375853
v 0.064656 0.023430 -0.338992
v 0.033469 0.009444 -0.296066
v 0.000000 0.004674 -0.250000
v 0.046066 0.279903 -0.283469
v 0.088992 0.265917 -0.314656
v 0.125854 0.243669 -0.341438
v 0.154138 0.214674 -0.361988
v 0.171919 0.180908 -0.374907
v 0.177984 0.144674 -0.379313
v 0.171919 0.108439 -0.374907
v 0.154138 0.074674 -0.361988
v 0.125854 0.045679 -0.341438
v 0.088992 0.023430 -0.314656
v 0.046066 0.009444 -0.283469
v 0.054153 0.279903 -0.267595
v 0.104616 0.265917 -0.283992
v 0.147950 0.243669 -0.298072
v 0.181201 0.214674 -0.308876
v 0.202103 0.180908 -0.315667
v 0.209232 0.144674 -0.317984
v 0.202103 0.108439 -0.315667
v 0.181201 0.074674 -0.308876
v 0.147950 0.045679 -0.298072
v 0.104616 0.023430 -0.283992
v 0.054153 0.009444 -0.267595
v 0.056940 0.279903 -0.250000
v 0.110000 0.265917 -0.250000
v 0.155564 0.243669 -0.250000
v 0.190526 0.214674 -0.250000
v 0.212504 0.180908 -0.250000
v 0.220000 0.144674 -0.250000
v 0.212504 0.108439 -0.250000
v 0.190526 0.074674 -0.250000
v 0.155564 0.045679 -0.250000
v 0.110000 0.023430 -0.250000
v 0.056940 0.009444 -0.250000
v 0.054153 0.279903 -0.232404
v 0.104616 0.265917 -0.216008
v 0.147950 0.243669 -0.201928
v 0.181201 0.214674 -0.191124
v 0.202103 0.180908 -0.184333
v 0.209232 0.144674 -0.182016
v 0.202103 0.108439 -0.184333
v 0.181201 0.074674 -0.191124
v 0.147950 0.045679 -0.201928
v 0.104616 0.023430 -0.216008
v 0.054153 0.009444 -0.232404
v 0.046066 0.279903 -0.216531
v 0.088992 0.265917 -0.185344
v 0.125854 0.243669 -0.158562
v 0.154138 0.214674 -0.138012
v 0.171919 0.180908 -0.125093
v 0.177984 0.144674 -0.120687
v 0.171919 0.108439 -0.125093
v 0.154138 0.074674 -0.138012
v 0.125854 0.045679 -0.158562
v 0.088992 0.023430 -0.185344
v 0.046066 0.009444 -0.216531
v 0.033469 0.279903 -0.203934
v 0.064656 0.265917 -0.161008
v 0.091438 0.243669 -0.124146
v 0.111988 0.214674 -0.095862
v 0.124907 0.180908 -0.078081
v 0.129313 0.144674 -0.072016
v 0.124907 0.108439 -0.078081
v 0.111988 0.074674 -0.095862
v 0.091438 0.045679 -0.124146
v 0.064656 0.023430 -0.161008
v 0.033469 0.009444 -0.203934
v 0.017595 0.279903 -0.195847
v 0.033992 0.265917 -0.145384
v 0.048072 0.243669 -0.102050
v 0.058876 0.214674 -0.068799
v 0.065667 0.180908 -0.047897
v 0.067984 0.144674 -0.040767
v 0.065667 0.108439 -0.047897
v 0.058876 0.074674 -0.068799
v 0.048072 0.045679 -0.102050
v 0.033992 0.023430 -0.145384
v 0.017595 0.009444 -0.195847
v 0.000000 0.284674 -0.250000
v -0.000000 0.279903 -0.193060
v 0.000000 0.265917 -0.140000
v 0.000000 0.243669 -0.094436
v 0.000000 0.214674 -0.059474
v 0.000000 0.180908 -0.037496
v 0.000000 0.144674 -0.030000
v 0.000000 0.108439 -0.037496
v 0.000000 0.074674 -0.059474
v 0.000000 0.045679 -0.094436
v 0.000000 0.023430 -0.140000
v -0.000000 0.009444 -0.193060
v -0.017595 0.279903 -0.195847
v -0.033992 0.265917 -0.145384
v -0.048072 0.243669 -0.102050
v -0.058876 0.214674 -0.068799
v -0.065667 0.180908 -0.047897
v -0.067984 0.144674 -0.040767
v -0.065667 0.108439 -0.047897
v -0.058876 0.074674 -0.068799
v -0.048072 0.045679 -0.102050
v -0.033992 0.023430 -0.145384
v -0.017595 0.009444 -0.195847
v -0.033469 0.279903 -0.203934
v -0.064656 0.265917 -0.161008
v -0.091438 0.243669 -0.124146
v -0.111988 0.214674 -0.095861
v -0.124907 0.180908 -0.078081
v -0.129313 0.144674 -0.072016
v -0.124907 0.108439 -0.078081
v -0.111988 0.074674 -0.095861
v -0.091438 0.045679 -0.124146
v -0.064656 0.023430 -0.161008
v -0.033469 0.009444 -0.203934
v -0.046066 0.279903 -0.216531
v -0.088992 0.265917 -0.185344
v -0.125854 0.243669 -0.158562
v -0.154138 0.214674 -0.138012
v -0.171919 0.180908 -0.125093
v -0.177984 0.144674 -0.120687
v -0.171919 0.108439 -0.125093
v -0.154138 0.074674 -0.138012
v -0.125854 0.045679 -0.158562
v -0.088992 0.023430 -0.185344
v -0.046066 0.009444 -0.216531
v -0.054153 0.279903 -0.232405
v -0.104616 0.265917 -0.216008
v -0.147950 0.243669 -0.201928
v -0.181201 0.214674 -0.191124
v -0.202103 0.180908 -0.184333
v -0.209233 0.144674 -0.182016
v -0.202103 0.108439 -0.184333
v -0.181201 0.074674 -0.191124
v -0.147950 0.045679 -0.201928
v -0.104616 0.023430 -0.216008
v -0.054153 0.009444 -0.232405
v -0.056940 0.279903 -0.250000
v -0.110000 0.265917 -0.250000
v -0.155564 0.243669 -0.250000
v -0.190526 0.214674 -0.250000
v -0.212504 0.180908 -0.250000
v -0.220000 0.144674 -0.250000
v -0.212504 0.108439 -0.250000
v -0.190526 0.074674 -0.250000
v -0.155564 0.045679 -0.250000
v -0.110000 0.023430 -0.250000
v -0.056940 0.009444 -0.250000
v -0.054153 0.279903 -0.267595
v -0.104616 0.265917 -0.283992
v -0.147950 0.243669 -0.298072
v -0.181201 0.214674 -0.308876
v -0.202103 0.180908 -0.315667
v -0.209233 0.144674 -0.317984
v -0.202103 0.108439 -0.315667
v -0.181201 0.074674 -0.308876
v -0.147950 0.045679 -0.298072
v -0.104616 0.023430 -0.283992
v -0.054153 0.009444 -0.267595
v -0.046066 0.279903 -0.283469
v -0.088992 0.265917 -0.314656
v -0.125854 0.243669 -0.341438
v -0.154139 0.214674 -0.361988
v -0.171919 0.180908 -0.374907
v -0.177984 0.144674 -0.379313
v -0.171919 0.108439 -0.374907
v -0.154139 0.074674 -0.361988
v -0.125854 0.045679 -0.341438
v -0.088992 0.023430 -0.314656
v -0.046066 0.009444 -0.283469
v -0.033469 0.279903 -0.296066
v -0.064656 0.265917 -0.338992
v -0.091438 0.243669 -0.375854
v -0.111988 0.214674 -0.404139
v -0.124907 0.180908 -0.421919
v -0.129313 0.144674 -0.427984
v -0.124907 0.108439 -0.421919
v -0.111988 0.074674 -0.404139
v -0.091438 0.045679 -0.375854
v -0.064656 0.023430 -0.338992
v -0.033469 0.009444 -0.296066
v -0.017595 0.279903 -0.304153
v -0.033992 0.265917 -0.354616
v -0.048072 0.243669 -0.397950
v -0.058876 0.214674 -0.431201
v -0.065667 0.180908 -0.452103
v -0.067984 0.144674 -0.459233
v -0.065667 0.108439 -0.452103
v -0.058876 0.074674 -0.431201
v -0.048072 0.045679 -0.397950
v -0.033992 0.023430 -0.354616
v -0.017595 0.009444 -0.304153
v -0.000000 0.243669 -0.405564
v 0.000000 0.214674 -0.440526
v 0.000000 0.074674 -0.440526
v -0.000000 0.045679 -0.405564
v 0.020000 0.270244 0.688589
v 0.020000 0.257257 0.650000
v 0.020000 0.178320 0.575452
v 0.020000 0.144674 0.570000
v 0.020000 0.111027 0.575452
v 0.020000 0.032091 0.650000
v 0.020000 0.019103 0.688589
v 0.031197 0.270244 0.690616
v 0.041631 0.257257 0.653916
v 0.050591 0.236598 0.622400
v 0.057466 0.209674 0.598218
v 0.061788 0.178320 0.583016
v 0.063262 0.144674 0.577831
v 0.061788 0.111027 0.583016
v 0.057466 0.079674 0.598218
v 0.050591 0.052750 0.622400
v 0.041631 0.032091 0.653916
v 0.031197 0.019103 0.690616
v 0.041298 0.270244 0.696498
v 0.061145 0.257257 0.665279
v 0.078188 0.236598 0.638470
v 0.091265 0.209674 0.617899
v 0.099486 0.178320 0.604968
v 0.102290 0.144674 0.600557
v 0.099486 0.111027 0.604968
v 0.091265 0.079674 0.617899
v 0.078188 0.052750 0.638470
v 0.061145 0.032091 0.665279
v 0.041298 0.019103 0.696498
v 0.020000 0.014674 0.730000
v 0.049314 0.270244 0.705659
v 0.076631 0.257257 0.682977
v 0.100089 0.236598 0.663500
v 0.118088 0.209674 0.648554
v 0.129403 0.178320 0.639159
v 0.133262 0.144674 0.635954
v 0.129403 0.111027 0.639159
v 0.118088 0.079674 0.648554
v 0.100089 0.052750 0.663500
v 0.076631 0.032091 0.682977
v 0.049314 0.019103 0.705659
v 0.054461 0.270244 0.717203
v 0.086574 0.257257 0.705279
v 0.114150 0.236598 0.695039
v 0.135309 0.209674 0.687181
v 0.148611 0.178320 0.682242
v 0.153148 0.144674 0.680557
v 0.148611 0.111027 0.682242
v 0.135309 0.079674 0.687181
v 0.114150 0.052750 0.695039
v 0.086574 0.032091 0.705279
v 0.054461 0.019103 0.717203
v 0.056235 0.270244 0.730000
v 0.090000 0.257257 0.730000
v 0.118995 0.236598 0.730000
v 0.141244 0.209674 0.730000
v 0.155230 0.178320 0.730000
v 0.160000 0.144674 0.730000
v 0.155230 0.111027 0.730000
v 0.141244 0.079674 0.730000
v 0.118995 0.052750 0.730000
v 0.090000 0.032091 0.730000
v 0.056235 0.019103 0.730000
v 0.054461 0.270244 0.742797
v 0.086574 0.257257 0.754721
v 0.114150 0.236598 0.764961
v 0.135309 0.209674 0.772819
v 0.148611 0.178320 0.777758
v 0.153148 0.144674 0.779443
v 0.148611 0.111027 0.777758
v 0.135309 0.079674 0.772819
v 0.114150 0.052750 0.764961
v 0.086574 0.032091 0.754721
v 0.054461 0.019103 0.742797
v 0.049314 0.270244 0.754341
v 0.076631 0.257257 0.777023
v 0.100089 0.236598 0.796500
v 0.118088 0.209674 0.811446
v 0.129403 0.178320 0.820841
v 0.133262 0.144674 0.824046
v 0.129403 0.111027 0.820841
v 0.118088 0.079674 0.811446
v 0.100089 0.052750 0.796500
v 0.076631 0.032091 0.777023
v 0.049314 0.019103 0.754341
v 0.041298 0.270244 0.763502
v 0.061145 0.257257 0.794721
v 0.078188 0.236598 0.821530
v 0.091265 0.209674 0.842101
v 0.099486 0.178320 0.855032
v 0.102290 0.144674 0.859443
v 0.099486 0.111027 0.855032
v 0.091265 0.079674 0.842101
v 0.078188 0.052750 0.821530
v 0.061145 0.032091 0.794721
v 0.041298 0.019103 0.763502
v 0.031197 0.270244 0.769384
v 0.041631 0.257257 0.806085
v 0.050591 0.236598 0.837600
v 0.057466 0.209674 0.861782
v 0.061788 0.178320 0.876984
v 0.063262 0.144674 0.882169
v 0.061788 0.111027 0.876984
v 0.057466 0.079674 0.861782
v 0.050591 0.052750 0.837600
v 0.041631 0.032091 0.806085
v 0.031197 0.019103 0.769384
v 0.020000 0.274674 0.730000
v 0.020000 0.270244 0.771411
v 0.020000 0.257257 0.810000
v 0.020000 0.236598 0.843137
v 0.020000 0.209674 0.868564
v 0.020000 0.178320 0.884548
v 0.020000 0.144674 0.890000
v 0.020000 0.111027 0.884548
v 0.020000 0.079674 0.868564
v 0.020000 0.052750 0.843137
v 0.020000 0.032091 0.810000
v 0.020000 0.019103 0.771411
v 0.008803 0.270244 0.769384
v -0.001631 0.257257 0.806085
v -0.010591 0.236598 0.837600
v -0.017466 0.209674 0.861782
v -0.021788 0.178320 0.876984
v -0.023262 0.144674 0.882169
v -0.021788 0.111027 0.876984
v -0.017466 0.079674 0.861782
v -0.010591 0.052750 0.837600
v -0.001631 0.032091 0.806085
v 0.008803 0.019103 0.769384
v -0.001298 0.270244 0.763502
v -0.021145 0.257257 0.794721
v -0.038188 0.236598 0.821530
v -0.051265 0.209674 0.842101
v -0.059486 0.178320 0.855032
v -0.062290 0.144674 0.859443
v -0.059486 0.111027 0.855032
v -0.051265 0.079674 0.842101
v -0.038188 0.052750 0.821530
v -0.021145 0.032091 0.794721
v -0.001298 0.019103 0.763502
v -0.009314 0.270244 0.754341
v -0.036631 0.257257 0.777023
v -0.060089 0.236598 0.796500
v -0.078088 0.209674 0.811446
v -0.089403 0.178320 0.820841
v -0.093262 0.144674 0.824046
v -0.089403 0.111027 0.820841
v -0.078088 0.079674 0.811446
v -0.060089 0.052750 0.796500
v -0.036631 0.032091 0.777023
v -0.009314 0.019103 0.754341
v -0.014461 0.270244 0.742797
v -0.046574 0.257257 0.754721
v -0.074150 0.236598 0.764961
v -0.095310 0.209674 0.772819
v -0.108611 0.178320 0.777758
v -0.113148 0.144674 0.779443
v -0.108611 0.111027 0.777758
v -0.095310 0.079674 0.772819
v -0.074150 0.052750 0.764961
v -0.046574 0.032091 0.754721
v -0.014461 0.019103 0.742797
v -0.016235 0.270244 0.730000
v -0.050000 0.257257 0.730000
v -0.078995 0.236598 0.730000
v -0.101244 0.209674 0.730000
v -0.115230 0.178320 0.730000
v -0.120000 0.144674 0.730000
v -0.115230 0.111027 0.730000
v -0.101244 0.079674 0.730000
v -0.078995 0.052750 0.730000
v -0.050000 0.032091 0.730000
v -0.016235 0.019103 0.730000
v -0.014461 0.270244 0.717203
v -0.046574 0.257257 0.705279
v -0.074150 0.236598 0.695039
v -0.095310 0.209674 0.687181
v -0.108611 0.178320 0.682242
v -0.113148 0.144674 0.680557
v -0.108611 0.111027 0.682242
v -0.095310 0.079674 0.687181
v -0.074150 0.052750 0.695039
v -0.046574 0.032091 0.705279
v -0.014461 0.019103 0.717203
v -0.009314 0.270244 0.705659
v -0.036631 0.257257 0.682977
v -0.060089 0.236598 0.663500
v -0.078088 0.209674 0.648554
v -0.089403 0.178320 0.639159
v -0.093262 0.144674 0.635954
v -0.089403 0.111027 0.639159
v -0.078088 0.079674 0.648554
v -0.060089 0.052750 0.663500
v -0.036631 0.032091 0.682977
v -0.009314 0.019103 0.705659
v -0.001298 0.270244 0.696498
v -0.021145 0.257257 0.665279
v -0.038188 0.236598 0.638470
v -0.051265 0.209674 0.617899
v -0.059486 0.178320 0.604968
v -0.062290 0.144674 0.600557
v -0.059486 0.111027 0.604968
v -0.051265 0.079674 0.617899
v -0.038188 0.052750 0.638470
v -0.021145 0.032091 0.665279
v -0.001298 0.019103 0.696498
v 0.008803 0.270244 0.690616
v -0.001631 0.257257 0.653915
v -0.010591 0.236598 0.622400
v -0.017466 0.209674 0.598218
v -0.021788 0.178320 0.583016
v -0.023262 0.144674 0.577831
v -0.021788 0.111027 0.583016
v -0.017466 0.079674 0.598218
v -0.010591 0.052750 0.622400
v -0.001631 0.032091 0.653915
v 0.008803 0.019103 0.690616
v 0.020000 0.236598 0.616863
v 0.020000 0.209674 0.591436
v 0.020000 0.079674 0.591436
v 0.020000 0.052750 0.616863
v 0.000481 0.234434 0.495773
v 0.010550 0.234399 0.616598
v 0.018519 0.232057 0.494072
v 0.031165 0.231683 0.614654
v 0.035296 0.225088 0.492093
v 0.050338 0.223718 0.612392
v 0.049667 0.214002 0.489972
v 0.066762 0.211048 0.609968
v 0.060653 0.199554 0.487852
v 0.079318 0.194537 0.607545
v 0.067506 0.182729 0.485879
v 0.087149 0.175308 0.605290
v 0.069758 0.164674 0.484187
v 0.089724 0.154674 0.603356
v 0.067257 0.146619 0.482891
v 0.086865 0.134039 0.601875
v 0.060172 0.129794 0.482079
v 0.078768 0.114811 0.600947
v 0.048986 0.115346 0.481807
v 0.065984 0.098299 0.600637
v 0.034462 0.104260 0.482094
v 0.049386 0.085629 0.600964
v 0.017590 0.097291 0.482919
v 0.030103 0.077665 0.601907
v -0.000481 0.094914 0.484227
v 0.009450 0.074948 0.603402
v -0.018519 0.097291 0.485928
v -0.011165 0.077665 0.605346
v -0.035296 0.104260 0.487907
v -0.030338 0.085629 0.607608
v -0.049667 0.115346 0.490028
v -0.046762 0.098299 0.610032
v -0.060653 0.129794 0.492148
v -0.059318 0.114811 0.612455
v -0.067506 0.146619 0.494121
v -0.067149 0.134039 0.614710
v -0.069758 0.164674 0.495813
v -0.069724 0.154674 0.616644
v -0.067257 0.182729 0.497109
v -0.066865 0.175308 0.618125
v -0.060172 0.199554 0.497921
v -0.058768 0.194537 0.619053
v -0.048986 0.214002 0.498193
v -0.045984 0.211048 0.619363
v -0.034462 0.225088 0.497906
v -0.029386 0.223718 0.619036
v -0.017590 0.232057 0.497081
v -0.010103 0.231683 0.618093
v 0.190000 0.256777 0.418000
v 0.190000 0.248286 0.397500
v 0.190000 0.196673 0.357896
v 0.190000 0.174674 0.355000
v 0.190000 0.152674 0.357896
v 0.190000 0.101062 0.397500
v 0.190000 0.092570 0.418000
v 0.196798 0.256777 0.419077
v 0.203133 0.248286 0.399580
v 0.208573 0.234778 0.382838
v 0.212747 0.217174 0.369991
v 0.215371 0.196673 0.361915
v 0.216266 0.174674 0.359160
v 0.215371 0.152674 0.361915
v 0.212747 0.132174 0.369991
v 0.208573 0.114570 0.382838
v 0.203133 0.101062 0.399580
v 0.196798 0.092570 0.419077
v 0.202931 0.256777 0.422202
v 0.214981 0.248286 0.405617
v 0.225328 0.234778 0.391375
v 0.233268 0.217174 0.380446
v 0.238259 0.196673 0.373577
v 0.239962 0.174674 0.371234
v 0.238259 0.152674 0.373577
v 0.233268 0.132174 0.380446
v 0.225328 0.114570 0.391375
v 0.214981 0.101062 0.405617
v 0.202931 0.092570 0.422202
v 0.190000 0.089674 0.440000
v 0.207798 0.256777 0.427069
v 0.224383 0.248286 0.415019
v 0.238625 0.234778 0.404672
v 0.249553 0.217174 0.396732
v 0.256423 0.196673 0.391741
v 0.258766 0.174674 0.390038
v 0.256423 0.152674 0.391741
v 0.249553 0.132174 0.396732
v 0.238625 0.114570 0.404672
v 0.224383 0.101062 0.415019
v 0.207798 0.092570 0.427069
v 0.210923 0.256777 0.433202
v 0.230420 0.248286 0.426867
v 0.247162 0.234778 0.421427
v 0.260009 0.217174 0.417253
v 0.268085 0.196673 0.414629
v 0.270840 0.174674 0.413734
v 0.268085 0.152674 0.414629
v 0.260009 0.132174 0.417253
v 0.247162 0.114570 0.421427
v 0.230420 0.101062 0.426867
v 0.210923 0.092570 0.433202
v 0.212000 0.256777 0.440000
v 0.232500 0.248286 0.440000
v 0.250104 0.234778 0.440000
v 0.263612 0.217174 0.440000
v 0.272104 0.196673 0.440000
v 0.275000 0.174674 0.440000
v 0.272104 0.152674 0.440000
v 0.263612 0.132174 0.440000
v 0.250104 0.114570 0.440000
v 0.232500 0.101062 0.440000
v 0.212000 0.092570 0.440000
v 0.210923 0.256777 0.446798
v 0.230420 0.248286 0.453133
v 0.247162 0.234778 0.458573
v 0.260009 0.217174 0.462747
v 0.268085 0.196673 0.465371
v 0.270840 0.174674 0.466266
v 0.268085 0.152674 0.465371
v 0.260009 0.132174 0.462747
v 0.247162 0.114570 0.458573
v 0.230420 0.101062 0.453133
v 0.210923 0.092570 0.446798
v 0.207798 0.256777 0.452931
v 0.224383 0.248286 0.464981
v 0.238625 0.234778 0.475328
v 0.249554 0.217174 0.483268
v 0.256423 0.196673 0.488259
v 0.258766 0.174674 0.489962
v 0.256423 0.152674 0.488259
v 0.249554 0.132174 0.483268
v 0.238625 0.114570 0.475328
v 0.224383 0.101062 0.464981
v 0.207798 0.092570 0.452931
v 0.202931 0.256777 0.457798
v 0.214981 0.248286 0.474383
v 0.225328 0.234778 0.488625
v 0.233268 0.217174 0.499554
v 0.238259 0.196673 0.506423
v 0.239962 0.174674 0.508766
v 0.238259 0.152674 0.506423
v 0.233268 0.132174 0.499554
v 0.225328 0.114570 0.488625
v 0.214981 0.101062 0.474383
v 0.202931 0.092570 0.457798
v 0.196798 0.256777 0.460923
v 0.203133 0.248286 0.480420
v 0.208573 0.234778 0.497162
v 0.212747 0.217174 0.510009
v 0.215371 0.196673 0.518085
v 0.216266 0.174674 0.520840
v 0.215371 0.152674 0.518085
v 0.212747 0.132174 0.510009
v 0.208573 0.114570 0.497162
v 0.203133 0.101062 0.480420
v 0.196798 0.092570 0.460923
v 0.190000 0.259674 0.440000
v 0.190000 0.256777 0.462000
v 0.190000 0.248286 0.482500
v 0.190000 0.234778 0.500104
v 0.190000 0.217174 0.513612
v 0.190000 0.196673 0.522104
v 0.190000 0.174674 0.525000
v 0.190000 0.152674 0.522104
v 0.190000 0.132174 0.513612
v 0.190000 0.114570 0.500104
v 0.190000 0.101062 0.482500
v 0.190000 0.092570 0.462000
v 0.183202 0.256777 0.460923
v 0.176867 0.248286 0.480420
v 0.171427 0.234778 0.497162
v 0.167253 0.217174 0.510009
v 0.164629 0.196673 0.518085
v 0.163734 0.174674 0.520840
v 0.164629 0.152674 0.518085
v 0.167253 0.132174 0.510009
v 0.171427 0.114570 0.497162
v 0.176867 0.101062 0.480420
v 0.183202 0.092570 0.460923
v 0.177069 0.256777 0.457798
v 0.165019 0.248286 0.474383
v 0.154672 0.234778 0.488625
v 0.146732 0.217174 0.499554
v 0.141741 0.196673 0.506423
v 0.140038 0.174674 0.508766
v 0.141741 0.152674 0.506423
v 0.146732 0.132174 0.499554
v 0.154672 0.114570 0.488625
v 0.165019 0.101062 0.474383
v 0.177069 0.092570 0.457798
v 0.172202 0.256777 0.452931
v 0.155617 0.248286 0.464981
v 0.141375 0.234778 0.475328
v 0.130446 0.217174 0.483268
v 0.123577 0.196673 0.488259
v 0.121234 0.174674 0.489962
v 0.123577 0.152674 0.488259
v 0.130446 0.132174 0.483268
v 0.141375 0.114570 0.475328
v 0.155617 0.101062 0.464981
v 0.172202 0.092570 0.452931
v 0.169077 0.256777 0.446798
v 0.149580 0.248286 0.453133
v 0.132838 0.234778 0.458573
v 0.119991 0.217174 0.462747
v 0.111915 0.196673 0.465371
v 0.109160 0.174674 0.466266
v 0.111915 0.152674 0.465371
v 0.119991 0.132174 0.462747
v 0.132838 0.114570 0.458573
v 0.149580 0.101062 0.453133
v 0.169077 0.092570 0.446798
v 0.168000 0.256777 0.440000
v 0.147500 0.248286 0.440000
v 0.129896 0.234778 0.440000
v 0.116388 0.217174 0.440000
v 0.107896 0.196673 0.440000
v 0.105000 0.174674 0.440000
v 0.107896 0.152674 0.440000
v 0.116388 0.132174 0.440000
v 0.129896 0.114570 0.440000
v 0.147500 0.101062 0.440000
v 0.168000 0.092570 0.440000
v 0.169077 0.256777 0.433202
v 0.149580 0.248286 0.426867
v 0.132838 0.234778 0.421427
v 0.119991 0.217174 0.417253
v 0.111915 0.196673 0.414629
v 0.109160 0.174674 0.413734
v 0.111915 0.152674 0.414629
v 0.119991 0.132174 0.417253
v 0.132838 0.114570 0.421427
v 0.149580 0.101062 0.426867
v 0.169077 0.092570 0.433202
v 0.172202 0.256777 0.427069
v 0.155617 0.248286 0.415019
v 0.141375 0.234778 0.404672
v 0.130446 0.217174 0.396732
v 0.123577 0.196673 0.391741
v 0.121234 0.174674 0.390038
v 0.123577 0.152674 0.391741
v 0.130446 0.132174 0.396732
v 0.141375 0.114570 0.404672
v 0.155617 0.101062 0.415019
v 0.172202 0.092570 0.427069
v 0.177069 0.256777 0.422202
v 0.165019 0.248286 0.405617
v 0.154672 0.234778 0.391375
v 0.146732 0.217174 0.380446
v 0.141741 0.196673 0.373577
v 0.140038 0.174674 0.371234
v 0.141741 0.152674 0.373577
v 0.146732 0.132174 0.380446
v 0.154672 0.114570 0.391375
v 0.165019 0.101062 0.405617
v 0.177069 0.092570 0.422202
v 0.183202 0.256777 0.419077
v 0.176867 0.248286 0.399580
v 0.171427 0.234778 0.382838
v 0.167253 0.217174 0.369991
v 0.164629 0.196673 0.361915
v 0.163734 0.174674 0.359160
v 0.164629 0.152674 0.361915
v 0.167253 0.132174 0.369991
v 0.171427 0.114570 0.382838
v 0.176867 0.101062 0.399580
v 0.183202 0.092570 0.419077
v 0.190000 0.234778 0.379896
v 0.190000 0.217174 0.366388
v 0.190000 0.132174 0.366388
v 0.190000 0.114570 0.379896
v 0.219592 0.232311 0.445222
v 0.394145 0.151178 0.476026
v 0.221507 0.230347 0.428477
v 0.396355 0.148912 0.456704
v 0.221276 0.224589 0.412517
v 0.396087 0.142268 0.438289
v 0.218912 0.215429 0.398430
v 0.393360 0.131699 0.422035
v 0.214579 0.203492 0.387176
v 0.388360 0.117926 0.409049
v 0.208570 0.189591 0.379522
v 0.381427 0.101886 0.400217
v 0.201296 0.174674 0.375989
v 0.373034 0.084674 0.396141
v 0.193252 0.159756 0.376819
v 0.363752 0.067461 0.397098
v 0.184987 0.145855 0.381954
v 0.354215 0.051422 0.403024
v 0.177063 0.133918 0.391045
v 0.345072 0.037648 0.413513
v 0.170020 0.124759 0.403472
v 0.336947 0.027079 0.427852
v 0.164340 0.119001 0.418389
v 0.330392 0.020436 0.445064
v 0.160408 0.117037 0.434778
v 0.325855 0.018170 0.463974
v 0.158493 0.119001 0.451523
v 0.323645 0.020436 0.483296
v 0.158724 0.124759 0.467483
v 0.323913 0.027079 0.501711
v 0.161088 0.133918 0.481570
v 0.326640 0.037648 0.517965
v 0.165421 0.145855 0.492824
v 0.331640 0.051422 0.530951
v 0.171430 0.159756 0.500478
v 0.338573 0.067461 0.539783
v 0.178704 0.174674 0.504011
v 0.346966 0.084674 0.543859
v 0.186748 0.189591 0.503181
v 0.356248 0.101886 0.542902
v 0.195013 0.203492 0.498046
v 0.365785 0.117926 0.536976
v 0.202937 0.215429 0.488955
v 0.374928 0.131699 0.526487
v 0.209980 0.224589 0.476528
v 0.383053 0.142268 0.512148
v 0.215660 0.230347 0.461611
v 0.389608 0.148912 0.494936
v 0.360000 0.150357 0.452400
v 0.360000 0.143564 0.436000
v 0.360000 0.102274 0.404317
v 0.360000 0.084674 0.402000
v 0.360000 0.067074 0.404317
v 0.360000 0.025784 0.436000
v 0.360000 0.018991 0.452400
v 0.365439 0.150357 0.453262
v 0.370507 0.143564 0.437664
v 0.374859 0.132757 0.424270
v 0.378198 0.118674 0.413993
v 0.380297 0.102274 0.407532
v 0.381013 0.084674 0.405328
v 0.380297 0.067074 0.407532
v 0.378198 0.050674 0.413993
v 0.374859 0.036591 0.424270
v 0.370507 0.025784 0.437664
v 0.365439 0.018991 0.453262
v 0.370345 0.150357 0.455762
v 0.379985 0.143564 0.442493
v 0.388263 0.132757 0.431100
v 0.394615 0.118674 0.422357
v 0.398607 0.102274 0.416861
v 0.399969 0.084674 0.414987
v 0.398607 0.067074 0.416861
v 0.394615 0.050674 0.422357
v 0.388263 0.036591 0.431100
v 0.379985 0.025784 0.442493
v 0.370345 0.018991 0.455762
v 0.360000 0.016674 0.470000
v 0.374238 0.150357 0.459655
v 0.387507 0.143564 0.450015
v 0.398900 0.132757 0.441737
v 0.407643 0.118674 0.435385
v 0.413139 0.102274 0.431392
v 0.415013 0.084674 0.430031
v 0.413139 0.067074 0.431392
v 0.407643 0.050674 0.435385
v 0.398900 0.036591 0.441737
v 0.387507 0.025784 0.450015
v 0.374238 0.018991 0.459655
v 0.376738 0.150357 0.464561
v 0.392336 0.143564 0.459493
v 0.405730 0.132757 0.455141
v 0.416007 0.118674 0.451802
v 0.422468 0.102274 0.449703
v 0.424672 0.084674 0.448987
v 0.422468 0.067074 0.449703
v 0.416007 0.050674 0.451802
v 0.405730 0.036591 0.455141
v 0.392336 0.025784 0.459493
v 0.376738 0.018991 0.464561
v 0.377600 0.150357 0.470000
v 0.394000 0.143564 0.470000
v 0.408083 0.132757 0.470000
v 0.418890 0.118674 0.470000
v 0.425683 0.102274 0.470000
v 0.428000 0.084674 0.470000
v 0.425683 0.067074 0.470000
v 0.418890 0.050674 0.470000
v 0.408083 0.036591 0.470000
v 0.394000 0.025784 0.470000
v 0.377600 0.018991 0.470000
v 0.376738 0.150357 0.475439
v 0.392336 0.143564 0.480507
v 0.405730 0.132757 0.484859
v 0.416007 0.118674 0.488198
v 0.422468 0.102274 0.490297
v 0.424672 0.084674 0.491013
v 0.422468 0.067074 0.490297
v 0.416007 0.050674 0.488198
v 0.405730 0.036591 0.484859
v 0.392336 0.025784 0.480507
v 0.376738 0.018991 0.475439
v 0.374238 0.150357 0.480345
v 0.387507 0.143564 0.489985
v 0.398900 0.132757 0.498263
v 0.407643 0.118674 0.504614
v 0.413139 0.102274 0.508607
v 0.415013 0.084674 0.509969
v 0.413139 0.067074 0.508607
v 0.407643 0.050674 0.504614
v 0.398900 0.036591 0.498263
v 0.387507 0.025784 0.489985
v 0.374238 0.018991 0.480345
v 0.370345 0.150357 0.484238
v 0.379985 0.143564 0.497507
v 0.388263 0.132757 0.508900
v 0.394615 0.118674 0.517643
v 0.398607 0.102274 0.523139
v 0.399969 0.084674 0.525013
v 0.398607 0.067074 0.523139
v 0.394615 0.050674 0.517643
v 0.388263 0.036591 0.508900
v 0.379985 0.025784 0.497507
v 0.370345 0.018991 0.484238
v 0.365439 0.150357 0.486738
v 0.370507 0.143564 0.502336
v 0.374859 0.132757 0.515730
v 0.378198 0.118674 0.526007
v 0.380297 0.102274 0.532468
v 0.381013 0.084674 0.534672
v 0.380297 0.067074 0.532468
v 0.378198 0.050674 0.526007
v 0.374859 0.036591 0.515730
v 0.370507 0.025784 0.502336
v 0.365439 0.018991 0.486738
v 0.360000 0.152674 0.470000
v 0.360000 0.150357 0.487600
v 0.360000 0.143564 0.504000
v 0.360000 0.132757 0.518083
v 0.360000 0.118674 0.528890
v 0.360000 0.102274 0.535683
v 0.360000 0.084674 0.538000
v 0.360000 0.067074 0.535683
v 0.360000 0.050674 0.528890
v 0.360000 0.036591 0.518083
v 0.360000 0.025784 0.504000
v 0.360000 0.018991 0.487600
v 0.354561 0.150357 0.486738
v 0.349493 0.143564 0.502336
v 0.345141 0.132757 0.515730
v 0.341802 0.118674 0.526007
v 0.339703 0.102274 0.532468
v 0.338987 0.084674 0.534672
v 0.339703 0.067074 0.532468
v 0.341802 0.050674 0.526007
v 0.345141 0.036591 0.515730
v 0.349493 0.025784 0.502336
v 0.354561 0.018991 0.486738
v 0.349655 0.150357 0.484238
v 0.340015 0.143564 0.497507
v 0.331737 0.132757 0.508900
v 0.325385 0.118674 0.517643
v 0.321393 0.102274 0.523139
v 0.320031 0.084674 0.525013
v 0.321393 0.067074 0.523139
v 0.325385 0.050674 0.517643
v 0.331737 0.036591 0.508900
v 0.340015 0.025784 0.497507
v 0.349655 0.018991 0.484238
v 0.345762 0.150357 0.480345
v 0.332493 0.143564 0.489985
v 0.321100 0.132757 0.498263
v 0.312357 0.118674 0.504615
v 0.306861 0.102274 0.508607
v 0.304987 0.084674 0.509969
v 0.306861 0.067074 0.508607
v 0.312357 0.050674 0.504615
v 0.321100 0.036591 0.498263
v 0.332493 0.025784 0.489985
v 0.345762 0.018991 0.480345
v 0.343262 0.150357 0.475439
v 0.327664 0.143564 0.480507
v 0.314270 0.132757 0.484859
v 0.303993 0.118674 0.488198
v 0.297532 0.102274 0.490297
v 0.295328 0.084674 0.491013
v 0.297532 0.067074 0.490297
v 0.303993 0.050674 0.488198
v 0.314270 0.036591 0.484859
v 0.327664 0.025784 0.480507
v 0.343262 0.018991 0.475439
v 0.342400 0.150357 0.470000
v 0.326000 0.143564 0.470000
v 0.311917 0.132757 0.470000
v 0.301110 0.118674 0.470000
v 0.294317 0.102274 0.470000
v 0.292000 0.084674 0.470000
v 0.294317 0.067074 0.470000
v 0.301110 0.050674 0.470000
v 0.311917 0.036591 0.470000
v 0.326000 0.025784 0.470000
v 0.342400 0.018991 0.470000
v 0.343262 0.150357 0.464561
v 0.327664 0.143564 0.459493
v 0.314270 0.132757 0.455141
v 0.303993 0.118674 0.451802
v 0.297532 0.102274 0.449703
v 0.295328 0.084674 0.448987
v 0.297532 0.067074 0.449703
v 0.303993 0.050674 0.451802
v 0.314270 0.036591 0.455141
v 0.327664 0.025784 0.459493
v 0.343262 0.018991 0.464561
v 0.345762 0.150357 0.459655
v 0.332493 0.143564 0.450015
v 0.321100 0.132757 0.441737
v 0.312357 0.118674 0.435385
v 0.306861 0.102274 0.431392
v 0.304987 0.084674 0.430031
v 0.306861 0.067074 0.431392
v 0.312357 0.050674 0.435385
v 0.321100 0.036591 0.441737
v 0.332493 0.025784 0.450015
v 0.345762 0.018991 0.459655
v 0.349655 0.150357 0.455762
v 0.340015 0.143564 0.442493
v 0.331737 0.132757 0.431100
v 0.325385 0.118674 0.422357
v 0.321393 0.102274 0.416861
v 0.320031 0.084674 0.414987
v 0.321393 0.067074 0.416861
v 0.325385 0.050674 0.422357
v 0.331737 0.036591 0.431100
v 0.340015 0.025784 0.442493
v 0.349655 0.018991 0.455762
v 0.354561 0.150357 0.453262
v 0.349493 0.143564 0.437664
v 0.345141 0.132757 0.424270
v 0.341802 0.118674 0.413992
v 0.339703 0.102274 0.407532
v 0.338987 0.084674 0.405328
v 0.339703 0.067074 0.407532
v 0.341802 0.050674 0.413992
v 0.345141 0.036591 0.424270
v 0.349493 0.025784 0.437664
v 0.354561 0.018991 0.453262
v 0.360000 0.132757 0.421917
v 0.360000 0.118674 0.411110
v 0.360000 0.050674 0.411110
v 0.360000 0.036591 0.421917
v 0.360587 0.134663 0.470839
v 0.500751 0.143660 0.671074
v 0.371169 0.132960 0.463389
v 0.514296 0.141480 0.661538
v 0.380989 0.127966 0.456390
v 0.526866 0.135088 0.652579
v 0.389379 0.120022 0.450318
v 0.537606 0.124919 0.644807
v 0.395767 0.109669 0.445588
v 0.545782 0.111667 0.638752
v 0.399718 0.097612 0.442521
v 0.550839 0.096235 0.634827
v 0.400962 0.084674 0.441327
v 0.552431 0.079674 0.633298
v 0.399414 0.071736 0.442087
v 0.550450 0.063113 0.634271
v 0.395180 0.059679 0.444749
v 0.545031 0.047681 0.637679
v 0.388549 0.049326 0.449132
v 0.536543 0.034428 0.643289
v 0.379972 0.041382 0.454937
v 0.525565 0.024260 0.650719
v 0.370035 0.036388 0.461769
v 0.512844 0.017868 0.659464
v 0.359413 0.034684 0.469161
v 0.499248 0.015687 0.668926
v 0.348831 0.036388 0.476611
v 0.485704 0.017868 0.678462
v 0.339011 0.041382 0.483610
v 0.473134 0.024260 0.687421
v 0.330621 0.049326 0.489682
v 0.462394 0.034428 0.695193
v 0.324233 0.059679 0.494412
v 0.454218 0.047681 0.701248
v 0.320282 0.071736 0.497479
v 0.449161 0.063113 0.705173
v 0.319038 0.084674 0.498673
v 0.447569 0.079674 0.706702
v 0.320586 0.097612 0.497913
v 0.449550 0.096235 0.705729
v 0.324820 0.109669 0.495251
v 0.454969 0.111667 0.702321
v 0.331451 0.120022 0.490868
v 0.463457 0.124919 0.696711
v 0.340028 0.127966 0.485063
v 0.474435 0.135088 0.689281
v 0.349965 0.132960 0.478231
v 0.487156 0.141480 0.680536
v 0.500528 0.124664 0.670755
v 0.580972 0.136795 0.785675
v 0.510052 0.123131 0.664050
v 0.593670 0.134751 0.776735
v 0.518890 0.118637 0.657751
v 0.605455 0.128758 0.768336
v 0.526441 0.111487 0.652286
v 0.615523 0.119225 0.761050
v 0.532191 0.102169 0.648029
v 0.623189 0.106801 0.755374
v 0.535746 0.091318 0.645269
v 0.627929 0.092333 0.751694
v 0.536865 0.079674 0.644194
v 0.629422 0.076807 0.750261
v 0.535473 0.068029 0.644878
v 0.627565 0.061281 0.751173
v 0.531662 0.057179 0.647274
v 0.622484 0.046813 0.754367
v 0.525694 0.047861 0.651219
v 0.614527 0.034390 0.759627
v 0.517975 0.040711 0.656443
v 0.604235 0.024856 0.766593
v 0.509031 0.036216 0.662592
v 0.592309 0.018864 0.774791
v 0.499472 0.034683 0.669245
v 0.579563 0.016820 0.783662
v 0.489948 0.036216 0.675950
v 0.566865 0.018864 0.792602
v 0.481110 0.040711 0.682249
v 0.555081 0.024856 0.801001
v 0.473559 0.047861 0.687714
v 0.545013 0.034390 0.808287
v 0.467809 0.057179 0.691971
v 0.537347 0.046813 0.813963
v 0.464254 0.068029 0.694731
v 0.532607 0.061281 0.817643
v 0.463135 0.079674 0.695806
v 0.531114 0.076807 0.819076
v 0.464527 0.091318 0.695122
v 0.532971 0.092333 0.818164
v 0.468338 0.102169 0.692726
v 0.538052 0.106801 0.814970
v 0.474306 0.111487 0.688781
v 0.546009 0.119225 0.809710
v 0.482025 0.118637 0.683557
v 0.556301 0.128758 0.802744
v 0.490969 0.123131 0.677408
v 0.568227 0.134751 0.794546
v 0.580268 0.129933 0.770433
v 0.580268 0.124438 0.757168
v 0.580268 0.091042 0.731543
v 0.580268 0.076807 0.729668
v 0.580268 0.062572 0.731543
v 0.580268 0.029176 0.757168
v 0.580268 0.023681 0.770433
v 0.584667 0.129933 0.771130
v 0.588766 0.124438 0.758514
v 0.592286 0.115698 0.747681
v 0.594987 0.104307 0.739368
v 0.596685 0.091042 0.734143
v 0.597264 0.076807 0.732360
v 0.596685 0.062572 0.734143
v 0.594987 0.049307 0.739368
v 0.592286 0.037916 0.747681
v 0.588766 0.029176 0.758514
v 0.584667 0.023681 0.771130
v 0.588635 0.129933 0.773152
v 0.596432 0.124438 0.762420
v 0.603127 0.115698 0.753205
v 0.608265 0.104307 0.746134
v 0.611495 0.091042 0.741689
v 0.612596 0.076807 0.740173
v 0.611495 0.062572 0.741689
v 0.608265 0.049307 0.746134
v 0.603127 0.037916 0.753205
v 0.596432 0.029176 0.762420
v 0.588635 0.023681 0.773152
v 0.580268 0.021807 0.784668
v 0.591784 0.129933 0.776301
v 0.602516 0.124438 0.768504
v 0.611731 0.115698 0.761809
v 0.618803 0.104307 0.756671
v 0.623248 0.091042 0.753442
v 0.624764 0.076807 0.752340
v 0.623248 0.062572 0.753442
v 0.618803 0.049307 0.756671
v 0.611731 0.037916 0.761809
v 0.602516 0.029176 0.768504
v 0.591784 0.023681 0.776301
v 0.593806 0.129933 0.780270
v 0.606422 0.124438 0.776170
v 0.617255 0.115698 0.772650
v 0.625568 0.104307 0.769950
v 0.630794 0.091042 0.768252
v 0.632576 0.076807 0.767673
v 0.630794 0.062572 0.768252
v 0.625568 0.049307 0.769950
v 0.617255 0.037916 0.772650
v 0.606422 0.029176 0.776170
v 0.593806 0.023681 0.780270
v 0.594503 0.129933 0.784668
v 0.607768 0.124438 0.784668
v 0.619159 0.115698 0.784668
v 0.627899 0.104307 0.784668
v 0.633394 0.091042 0.784668
v 0.635268 0.076807 0.784668
v 0.633394 0.062572 0.784668
v 0.627899 0.049307 0.784668
v 0.619159 0.037916 0.784668
v 0.607768 0.029176 0.784668
v 0.594503 0.023681 0.784668
v 0.593806 0.129933 0.789067
v 0.606422 0.124438 0.793166
v 0.617255 0.115698 0.796686
v 0.625568 0.104307 0.799387
v 0.630794 0.091042 0.801085
v 0.632576 0.076807 0.801664
v 0.630794 0.062572 0.801085
v 0.625568 0.049307 0.799387
v 0.617255 0.037916 0.796686
v 0.606422 0.029176 0.793166
v 0.593806 0.023681 0.789067
v 0.591784 0.129933 0.793036
v 0.602516 0.124438 0.800833
v 0.611731 0.115698 0.807528
v 0.618803 0.104307 0.812665
v 0.623248 0.091042 0.815895
v 0.624764 0.076807 0.816997
v 0.623248 0.062572 0.815895
v 0.618803 0.049307 0.812665
v 0.611731 0.037916 0.807528
v 0.602516 0.029176 0.800833
v 0.591784 0.023681 0.793036
v 0.588635 0.129933 0.796185
v 0.596432 0.124438 0.806916
v 0.603127 0.115698 0.816132
v 0.608265 0.104307 0.823203
v 0.611495 0.091042 0.827648
v 0.612596 0.076807 0.829164
v 0.611495 0.062572 0.827648
v 0.608265 0.049307 0.823203
v 0.603127 0.037916 0.816132
v 0.596432 0.029176 0.806916
v 0.588635 0.023681 0.796185
v 0.584667 0.129933 0.798207
v 0.588766 0.124438 0.810822
v 0.592286 0.115698 0.821656
v 0.594987 0.104307 0.829969
v 0.596685 0.091042 0.835194
v 0.597264 0.076807 0.836977
v 0.596685 0.062572 0.835194
v 0.594987 0.049307 0.829969
v 0.592286 0.037916 0.821656
v 0.588766 0.029176 0.810822
v 0.584667 0.023681 0.798207
v 0.580268 0.131807 0.784668
v 0.580268 0.129933 0.798903
v 0.580268 0.124438 0.812168
v 0.580268 0.115698 0.823559
v 0.580268 0.104307 0.832300
v 0.580268 0.091042 0.837794
v 0.580268 0.076807 0.839668
v 0.580268 0.062572 0.837794
v 0.580268 0.049307 0.832300
v 0.580268 0.037916 0.823559
v 0.580268 0.029176 0.812168
v 0.580268 0.023681 0.798903
v 0.575869 0.129933 0.798207
v 0.571770 0.124438 0.810822
v 0.568250 0.115698 0.821656
v 0.565549 0.104307 0.829969
v 0.563851 0.091042 0.835194
v 0.563272 0.076807 0.836977
v 0.563851 0.062572 0.835194
v 0.565549 0.049307 0.829969
v 0.568250 0.037916 0.821656
v 0.571770 0.029176 0.810822
v 0.575869 0.023681 0.798207
v 0.571901 0.129933 0.796185
v 0.564104 0.124438 0.806916
v 0.557408 0.115698 0.816132
v 0.552271 0.104307 0.823203
v 0.549041 0.091042 0.827648
v 0.547940 0.076807 0.829164
v 0.549041 0.062572 0.827648
v 0.552271 0.049307 0.823203
v 0.557408 0.037916 0.816132
v 0.564104 0.029176 0.806916
v 0.571901 0.023681 0.796185
v 0.568752 0.129933 0.793036
v 0.558020 0.124438 0.800833
v 0.548805 0.115698 0.807528
v 0.541733 0.104307 0.812665
v 0.537288 0.091042 0.815895
v 0.535772 0.076807 0.816997
v 0.537288 0.062572 0.815895
v 0.541733 0.049307 0.812665
v 0.548805 0.037916 0.807528
v 0.558020 0.029176 0.800833
v 0.568752 0.023681 0.793036
v 0.566730 0.129933 0.789067
v 0.554114 0.124438 0.793166
v 0.543280 0.115698 0.796686
v 0.534968 0.104307 0.799387
v 0.529742 0.091042 0.801085
v 0.527960 0.076807 0.801664
v 0.529742 0.062572 0.801085
v 0.534968 0.049307 0.799387
v 0.543280 0.037916 0.796686
v 0.554114 0.029176 0.793166
v 0.566730 0.023681 0.789067
v 0.566033 0.129933 0.784668
v 0.552768 0.124438 0.784668
v 0.541377 0.115698 0.784668
v 0.532636 0.104307 0.784668
v 0.527142 0.091042 0.784668
v 0.525268 0.076807 0.784668
v 0.527142 0.062572 0.784668
v 0.532636 0.049307 0.784668
v 0.541377 0.037916 0.784668
v 0.552768 0.029176 0.784668
v 0.566033 0.023681 0.784668
v 0.566730 0.129933 0.780270
v 0.554114 0.124438 0.776170
v 0.543280 0.115698 0.772650
v 0.534968 0.104307 0.769950
v 0.529742 0.091042 0.768252
v 0.527960 0.076807 0.767672
v 0.529742 0.062572 0.768252
v 0.534968 0.049307 0.769950
v 0.543280 0.037916 0.772650
v 0.554114 0.029176 0.776170
v 0.566730 0.023681 0.780270
v 0.568752 0.129933 0.776301
v 0.558020 0.124438 0.768504
v 0.548805 0.115698 0.761809
v 0.541733 0.104307 0.756671
v 0.537288 0.091042 0.753442
v 0.535772 0.076807 0.752340
v 0.537288 0.062572 0.753442
v 0.541733 0.049307 0.756671
v 0.548805 0.037916 0.761809
v 0.558020 0.029176 0.768504
v 0.568752 0.023681 0.776301
v 0.571901 0.129933 0.773152
v 0.564104 0.124438 0.762420
v 0.557408 0.115698 0.753205
v 0.552271 0.104307 0.746134
v 0.549041 0.091042 0.741689
v 0.547940 0.076807 0.740173
v 0.549041 0.062572 0.741689
v 0.552271 0.049307 0.746134
v 0.557408 0.037916 0.753205
v 0.564104 0.029176 0.762420
v 0.571901 0.023681 0.773152
v 0.575869 0.129933 0.771130
v 0.571770 0.124438 0.758514
v 0.568250 0.115698 0.747681
v 0.565549 0.104307 0.739368
v 0.563851 0.091042 0.734143
v 0.563272 0.076807 0.732360
v 0.563851 0.062572 0.734143
v 0.565549 0.049307 0.739368
v 0.568250 0.037916 0.747681
v 0.571770 0.029176 0.758514
v 0.575869 0.023681 0.771130
v 0.580268 0.115698 0.745778
v 0.580268 0.104307 0.737037
v 0.580268 0.049307 0.737037
v 0.580268 0.037916 0.745778
v 0.110000 0.256096 -0.307176
v 0.110000 0.245606 -0.332500
v 0.110000 0.181850 -0.381422
v 0.110000 0.154674 -0.385000
v 0.110000 0.127498 -0.381422
v 0.110000 0.063741 -0.332500
v 0.110000 0.053252 -0.307176
v 0.118398 0.256096 -0.305846
v 0.126223 0.245606 -0.329930
v 0.132943 0.228920 -0.350612
v 0.138100 0.207174 -0.366482
v 0.141341 0.181850 -0.376458
v 0.142447 0.154674 -0.379861
v 0.141341 0.127498 -0.376458
v 0.138100 0.102174 -0.366482
v 0.132943 0.080428 -0.350612
v 0.126223 0.063741 -0.329930
v 0.118398 0.053252 -0.305846
v 0.125974 0.256096 -0.301986
v 0.140859 0.245606 -0.322473
v 0.153641 0.228920 -0.340066
v 0.163449 0.207174 -0.353566
v 0.169614 0.181850 -0.362052
v 0.171717 0.154674 -0.364947
v 0.169614 0.127498 -0.362052
v 0.163449 0.102174 -0.353566
v 0.153641 0.080428 -0.340066
v 0.140859 0.063741 -0.322473
v 0.125974 0.053252 -0.301986
v 0.110000 0.049674 -0.280000
v 0.131986 0.256096 -0.295974
v 0.152473 0.245606 -0.310859
v 0.170066 0.228920 -0.323641
v 0.183566 0.207174 -0.333449
v 0.192052 0.181850 -0.339615
v 0.194947 0.154674 -0.341717
v 0.192052 0.127498 -0.339615
v 0.183566 0.102174 -0.333449
v 0.170066 0.080428 -0.323641
v 0.152473 0.063741 -0.310859
v 0.131986 0.053252 -0.295974
v 0.135846 0.256096 -0.288398
v 0.159930 0.245606 -0.296223
v 0.180612 0.228920 -0.302943
v 0.196482 0.207174 -0.308100
v 0.206458 0.181850 -0.311341
v 0.209861 0.154674 -0.312447
v 0.206458 0.127498 -0.311341
v 0.196482 0.102174 -0.308100
v 0.180612 0.080428 -0.302943
v 0.159930 0.063741 -0.296223
v 0.135846 0.053252 -0.288398
v 0.137176 0.256096 -0.280000
v 0.162500 0.245606 -0.280000
v 0.184246 0.228920 -0.280000
v 0.200933 0.207174 -0.280000
v 0.211422 0.181850 -0.280000
v 0.215000 0.154674 -0.280000
v 0.211422 0.127498 -0.280000
v 0.200933 0.102174 -0.280000
v 0.184246 0.080428 -0.280000
v 0.162500 0.063741 -0.280000
v 0.137176 0.053252 -0.280000
v 0.135846 0.256096 -0.271602
v 0.159930 0.245606 -0.263777
v 0.180612 0.228920 -0.257057
v 0.196482 0.207174 -0.251900
v 0.206458 0.181850 -0.248659
v 0.209861 0.154674 -0.247553
v 0.206458 0.127498 -0.248659
v 0.196482 0.102174 -0.251900
v 0.180612 0.080428 -0.257057
v 0.159930 0.063741 -0.263777
v 0.135846 0.053252 -0.271602
v 0.131986 0.256096 -0.264026
v 0.152473 0.245606 -0.249141
v 0.170066 0.228920 -0.236359
v 0.183566 0.207174 -0.226551
v 0.192052 0.181850 -0.220386
v 0.194947 0.154674 -0.218283
v 0.192052 0.127498 -0.220386
v 0.183566 0.102174 -0.226551
v 0.170066 0.080428 -0.236359
v 0.152473 0.063741 -0.249141
v 0.131986 0.053252 -0.264026
v 0.125974 0.256096 -0.258014
v 0.140859 0.245606 -0.237527
v 0.153641 0.228920 -0.219934
v 0.163449 0.207174 -0.206434
v 0.169614 0.181850 -0.197948
v 0.171717 0.154674 -0.195053
v 0.169614 0.127498 -0.197948
v 0.163449 0.102174 -0.206434
v 0.153641 0.080428 -0.219934
v 0.140859 0.063741 -0.237527
v 0.125974 0.053252 -0.258014
v 0.118398 0.256096 -0.254154
v 0.126223 0.245606 -0.230070
v 0.132943 0.228920 -0.209388
v 0.138100 0.207174 -0.193518
v 0.141341 0.181850 -0.183542
v 0.142447 0.154674 -0.180139
v 0.141341 0.127498 -0.183542
v 0.138100 0.102174 -0.193518
v 0.132943 0.080428 -0.209388
v 0.126223 0.063741 -0.230070
v 0.118398 0.053252 -0.254154
v 0.110000 0.259674 -0.280000
v 0.110000 0.256096 -0.252824
v 0.110000 0.245606 -0.227500
v 0.110000 0.228920 -0.205754
v 0.110000 0.207174 -0.189067
v 0.110000 0.181850 -0.178578
v 0.110000 0.154674 -0.175000
v 0.110000 0.127498 -0.178578
v 0.110000 0.102174 -0.189067
v 0.110000 0.080428 -0.205754
v 0.110000 0.063741 -0.227500
v 0.110000 0.053252 -0.252824
v 0.101602 0.256096 -0.254154
v 0.093777 0.245606 -0.230070
v 0.087057 0.228920 -0.209388
v 0.081900 0.207174 -0.193518
v 0.078659 0.181850 -0.183542
v 0.077553 0.154674 -0.180139
v 0.078659 0.127498 -0.183542
v 0.081900 0.102174 -0.193518
v 0.087057 0.080428 -0.209388
v 0.093777 0.063741 -0.230070
v 0.101602 0.053252 -0.254154
v 0.094026 0.256096 -0.258014
v 0.079141 0.245606 -0.237527
v 0.066359 0.228920 -0.219934
v 0.056551 0.207174 -0.206434
v 0.050385 0.181850 -0.197948
v 0.048283 0.154674 -0.195053
v 0.050385 0.127498 -0.197948
v 0.056551 0.102174 -0.206434
v 0.066359 0.080428 -0.219934
v 0.079141 0.063741 -0.237527
v 0.094026 0.053252 -0.258014
v 0.088014 0.256096 -0.264026
v 0.067527 0.245606 -0.249141
v 0.049934 0.228920 -0.236359
v 0.036434 0.207174 -0.226551
v 0.027948 0.181850 -0.220386
v 0.025053 0.154674 -0.218283
v 0.027948 0.127498 -0.220386
v 0.036434 0.102174 -0.226551
v 0.049934 0.080428 -0.236359
v 0.067527 0.063741 -0.249141
v 0.088014 0.053252 -0.264026
v 0.084154 0.256096 -0.271602
v 0.060070 0.245606 -0.263777
v 0.039388 0.228920 -0.257057
v 0.023518 0.207174 -0.251900
v 0.013542 0.181850 -0.248659
v 0.010139 0.154674 -0.247553
v 0.013542 0.127498 -0.248659
v 0.023518 0.102174 -0.251900
v 0.039388 0.080428 -0.257057
v 0.060070 0.063741 -0.263777
v 0.084154 0.053252 -0.271602
v 0.082824 0.256096 -0.280000
v 0.057500 0.245606 -0.280000
v 0.035754 0.228920 -0.280000
v 0.019067 0.207174 -0.280000
v 0.008578 0.181850 -0.280000
v 0.005000 0.154674 -0.280000
v 0.008578 0.127498 -0.280000
v 0.019067 0.102174 -0.280000
v 0.035754 0.080428 -0.280000
v 0.057500 0.063741 -0.280000
v 0.082824 0.053252 -0.280000
v 0.084154 0.256096 -0.288398
v 0.060070 0.245606 -0.296223
v 0.039388 0.228920 -0.302943
v 0.023518 0.207174 -0.308100
v 0.013542 0.181850 -0.311341
v 0.010139 0.154674 -0.312447
v 0.013542 0.127498 -0.311341
v 0.023518 0.102174 -0.308100
v 0.039388 0.080428 -0.302943
v 0.060070 0.063741 -0.296223
v 0.084154 0.053252 -0.288398
v 0.088014 0.256096 -0.295974
v 0.067527 0.245606 -0.310859
v 0.049934 0.228920 -0.323641
v 0.036434 0.207174 -0.333449
v 0.027948 0.181850 -0.339615
v 0.025053 0.154674 -0.341718
v 0.027948 0.127498 -0.339615
v 0.036434 0.102174 -0.333449
v 0.049934 0.080428 -0.323641
v 0.067527 0.063741 -0.310859
v 0.088014 0.053252 -0.295974
v 0.094026 0.256096 -0.301986
v 0.079141 0.245606 -0.322473
v 0.066359 0.228920 -0.340066
v 0.056551 0.207174 -0.353566
v 0.050385 0.181850 -0.362052
v 0.048283 0.154674 -0.364947
v 0.050385 0.127498 -0.362052
v 0.056551 0.102174 -0.353566
v 0.066359 0.080428 -0.340066
v 0.079141 0.063741 -0.322473
v 0.094026 0.053252 -0.301986
v 0.101602 0.256096 -0.305846
v 0.093777 0.245606 -0.329931
v 0.087057 0.228920 -0.350612
v 0.081900 0.207174 -0.366482
v 0.078659 0.181850 -0.376458
v 0.077553 0.154674 -0.379861
v 0.078659 0.127498 -0.376458
v 0.081900 0.102174 -0.366482
v 0.087057 0.080428 -0.350612
v 0.093777 0.063741 -0.329931
v 0.101602 0.053252 -0.305846
v 0.110000 0.228920 -0.354246
v 0.110000 0.207174 -0.370933
v 0.110000 0.102174 -0.370933
v 0.110000 0.080428 -0.354246
v 0.113377 0.236193 -0.288200
v 0.254118 0.214087 -0.630000
v 0.093637 0.233415 -0.296001
v 0.230045 0.210700 -0.639514
v 0.075012 0.225271 -0.302712
v 0.207332 0.200768 -0.647698
v 0.058772 0.212317 -0.307875
v 0.187527 0.184970 -0.653994
v 0.046023 0.195433 -0.311139
v 0.171979 0.164381 -0.657974
v 0.037634 0.175773 -0.312280
v 0.161749 0.140404 -0.659366
v 0.034176 0.154674 -0.311221
v 0.157532 0.114674 -0.658075
v 0.035886 0.133575 -0.308035
v 0.159617 0.088944 -0.654189
v 0.042647 0.113914 -0.302939
v 0.167862 0.064967 -0.647974
v 0.053997 0.097031 -0.296278
v 0.181704 0.044378 -0.639852
v 0.069164 0.084076 -0.288509
v 0.200200 0.028579 -0.630377
v 0.087114 0.075932 -0.280160
v 0.222090 0.018648 -0.620195
v 0.106623 0.073155 -0.271800
v 0.245882 0.015260 -0.610000
v 0.126363 0.075932 -0.263999
v 0.269955 0.018648 -0.600486
v 0.144988 0.084076 -0.257288
v 0.292668 0.028579 -0.592302
v 0.161228 0.097031 -0.252125
v 0.312473 0.044378 -0.586006
v 0.173977 0.113914 -0.248861
v 0.328021 0.064967 -0.582026
v 0.182366 0.133575 -0.247720
v 0.338251 0.088944 -0.580634
v 0.185824 0.154674 -0.248778
v 0.342468 0.114674 -0.581925
v 0.184114 0.175773 -0.251965
v 0.340383 0.140404 -0.585811
v 0.177353 0.195433 -0.257061
v 0.332138 0.164381 -0.592026
v 0.166003 0.212317 -0.263721
v 0.318296 0.184970 -0.600148
v 0.150836 0.225271 -0.271491
v 0.299800 0.200768 -0.609623
v 0.132886 0.233415 -0.279840
v 0.277910 0.210700 -0.619805
v 0.250000 0.196778 -0.642000
v 0.250000 0.188286 -0.662500
v 0.250000 0.136673 -0.702104
v 0.250000 0.114674 -0.705000
v 0.250000 0.092674 -0.702104
v 0.250000 0.041062 -0.662500
v 0.250000 0.032570 -0.642000
v 0.256798 0.196778 -0.640923
v 0.263133 0.188286 -0.660420
v 0.268573 0.174778 -0.677162
v 0.272747 0.157174 -0.690009
v 0.275371 0.136673 -0.698085
v 0.276266 0.114674 -0.700840
v 0.275371 0.092674 -0.698085
v 0.272747 0.072174 -0.690009
v 0.268573 0.054570 -0.677162
v 0.263133 0.041062 -0.660420
v 0.256798 0.032570 -0.640923
v 0.262931 0.196778 -0.637798
v 0.274981 0.188286 -0.654383
v 0.285328 0.174778 -0.668625
v 0.293268 0.157174 -0.679554
v 0.298259 0.136673 -0.686423
v 0.299962 0.114674 -0.688766
v 0.298259 0.092674 -0.686423
v 0.293268 0.072174 -0.679554
v 0.285328 0.054570 -0.668625
v 0.274981 0.041062 -0.654383
v 0.262931 0.032570 -0.637798
v 0.250000 0.029674 -0.620000
v 0.267798 0.196778 -0.632931
v 0.284383 0.188286 -0.644981
v 0.298625 0.174778 -0.655328
v 0.309554 0.157174 -0.663268
v 0.316423 0.136673 -0.668259
v 0.318766 0.114674 -0.669962
v 0.316423 0.092674 -0.668259
v 0.309554 0.072174 -0.663268
v 0.298625 0.054570 -0.655328
v 0.284383 0.041062 -0.644981
v 0.267798 0.032570 -0.632931
v 0.270923 0.196778 -0.626798
v 0.290420 0.188286 -0.633133
v 0.307162 0.174778 -0.638573
v 0.320009 0.157174 -0.642747
v 0.328085 0.136673 -0.645371
v 0.330840 0.114674 -0.646266
v 0.328085 0.092674 -0.645371
v 0.320009 0.072174 -0.642747
v 0.307162 0.054570 -0.638573
v 0.290420 0.041062 -0.633133
v 0.270923 0.032570 -0.626798
v 0.272000 0.196778 -0.620000
v 0.292500 0.188286 -0.620000
v 0.310104 0.174778 -0.620000
v 0.323612 0.157174 -0.620000
v 0.332104 0.136673 -0.620000
v 0.335000 0.114674 -0.620000
v 0.332104 0.092674 -0.620000
v 0.323612 0.072174 -0.620000
v 0.310104 0.054570 -0.620000
v 0.292500 0.041062 -0.620000
v 0.272000 0.032570 -0.620000
v 0.270923 0.196778 -0.613202
v 0.290420 0.188286 -0.606867
v 0.307162 0.174778 -0.601427
v 0.320009 0.157174 -0.597253
v 0.328085 0.136673 -0.594629
v 0.330840 0.114674 -0.593734
v 0.328085 0.092674 -0.594629
v 0.320009 0.072174 -0.597253
v 0.307162 0.054570 -0.601427
v 0.290420 0.041062 -0.606867
v 0.270923 0.032570 -0.613202
v 0.267798 0.196778 -0.607069
v 0.284383 0.188286 -0.595019
v 0.298625 0.174778 -0.584672
v 0.309554 0.157174 -0.576732
v 0.316423 0.136673 -0.571741
v 0.318766 0.114674 -0.570038
v 0.316423 0.092674 -0.571741
v 0.309554 0.072174 -0.576732
v 0.298625 0.054570 -0.584672
v 0.284383 0.041062 -0.595019
v 0.267798 0.032570 -0.607069
v 0.262931 0.196778 -0.602202
v 0.274981 0.188286 -0.585617
v 0.285328 0.174778 -0.571375
v 0.293268 0.157174 -0.560447
v 0.298259 0.136673 -0.553577
v 0.299962 0.114674 -0.551234
v 0.298259 0.092674 -0.553577
v 0.293268 0.072174 -0.560447
v 0.285328 0.054570 -0.571375
v 0.274981 0.041062 -0.585617
v 0.262931 0.032570 -0.602202
v 0.256798 0.196778 -0.599077
v 0.263133 0.188286 -0.579580
v 0.268573 0.174778 -0.562838
v 0.272747 0.157174 -0.549991
v 0.275371 0.136673 -0.541915
v 0.276266 0.114674 -0.539160
v 0.275371 0.092674 -0.541915
v 0.272747 0.072174 -0.549991
v 0.268573 0.054570 -0.562838
v 0.263133 0.041062 -0.579580
v 0.256798 0.032570 -0.599077
v 0.250000 0.199674 -0.620000
v 0.250000 0.196778 -0.598000
v 0.250000 0.188286 -0.577500
v 0.250000 0.174778 -0.559896
v 0.250000 0.157174 -0.546388
v 0.250000 0.136673 -0.537896
v 0.250000 0.114674 -0.535000
v 0.250000 0.092674 -0.537896
v 0.250000 0.072174 -0.546388
v 0.250000 0.054570 -0.559896
v 0.250000 0.041062 -0.577500
v 0.250000 0.032570 -0.598000
v 0.243202 0.196778 -0.599077
v 0.236867 0.188286 -0.579580
v 0.231427 0.174778 -0.562838
v 0.227253 0.157174 -0.549991
v 0.224629 0.136673 -0.541915
v 0.223734 0.114674 -0.539160
v 0.224629 0.092674 -0.541915
v 0.227253 0.072174 -0.549991
v 0.231427 0.054570 -0.562838
v 0.236867 0.041062 -0.579580
v 0.243202 0.032570 -0.599077
v 0.237069 0.196778 -0.602202
v 0.225019 0.188286 -0.585617
v 0.214672 0.174778 -0.571375
v 0.206732 0.157174 -0.560447
v 0.201741 0.136673 -0.553577
v 0.200038 0.114674 -0.551234
v 0.201741 0.092674 -0.553577
v 0.206732 0.072174 -0.560447
v 0.214672 0.054570 -0.571375
v 0.225019 0.041062 -0.585617
v 0.237069 0.032570 -0.602202
v 0.232202 0.196778 -0.607069
v 0.215617 0.188286 -0.595019
v 0.201375 0.174778 -0.584672
v 0.190446 0.157174 -0.576732
v 0.183577 0.136673 -0.571741
v 0.181234 0.114674 -0.570038
v 0.183577 0.092674 -0.571741
v 0.190446 0.072174 -0.576732
v 0.201375 0.054570 -0.584672
v 0.215617 0.041062 -0.595019
v 0.232202 0.032570 -0.607069
v 0.229077 0.196778 -0.613202
v 0.209580 0.188286 -0.606867
v 0.192838 0.174778 -0.601427
v 0.179991 0.157174 -0.597253
v 0.171915 0.136673 -0.594629
v 0.169160 0.114674 -0.593734
v 0.171915 0.092674 -0.594629
v 0.179991 0.072174 -0.597253
v 0.192838 0.054570 -0.601427
v 0.209580 0.041062 -0.606867
v 0.229077 0.032570 -0.613202
v 0.228000 0.196778 -0.620000
v 0.207500 0.188286 -0.620000
v 0.189896 0.174778 -0.620000
v 0.176388 0.157174 -0.620000
v 0.167896 0.136673 -0.620000
v 0.165000 0.114674 -0.620000
v 0.167896 0.092674 -0.620000
v 0.176388 0.072174 -0.620000
v 0.189896 0.054570 -0.620000
v 0.207500 0.041062 -0.620000
v 0.228000 0.032570 -0.620000
v 0.229077 0.196778 -0.626798
v 0.209580 0.188286 -0.633133
v 0.192838 0.174778 -0.638573
v 0.179991 0.157174 -0.642747
v 0.171915 0.136673 -0.645371
v 0.169160 0.114674 -0.646266
v 0.171915 0.092674 -0.645371
v 0.179991 0.072174 -0.642747
v 0.192838 0.054570 -0.638573
v 0.209580 0.041062 -0.633133
v 0.229077 0.032570 -0.626798
v 0.232202 0.196778 -0.632931
v 0.215617 0.188286 -0.644981
v 0.201375 0.174778 -0.655328
v 0.190446 0.157174 -0.663268
v 0.183577 0.136673 -0.668259
v 0.181234 0.114674 -0.669962
v 0.183577 0.092674 -0.668259
v 0.190446 0.072174 -0.663268
v 0.201375 0.054570 -0.655328
v 0.215617 0.041062 -0.644981
v 0.232202 0.032570 -0.632931
v 0.237069 0.196778 -0.637798
v 0.225019 0.188286 -0.654383
v 0.214672 0.174778 -0.668625
v 0.206732 0.157174 -0.679554
v 0.201741 0.136673 -0.686423
v 0.200038 0.114674 -0.688766
v 0.201741 0.092674 -0.686423
v 0.206732 0.072174 -0.679554
v 0.214672 0.054570 -0.668625
v 0.225019 0.041062 -0.654383
v 0.237069 0.032570 -0.637798
v 0.243202 0.196778 -0.640923
v 0.236867 0.188286 -0.660420
v 0.231427 0.174778 -0.677162
v 0.227253 0.157174 -0.690009
v 0.224629 0.136673 -0.698085
v 0.223734 0.114674 -0.700840
v 0.224629 0.092674 -0.698085
v 0.227253 0.072174 -0.690009
v 0.231427 0.054570 -0.677162
v 0.236867 0.041062 -0.660420
v 0.243202 0.032570 -0.640923
v 0.250000 0.174778 -0.680104
v 0.250000 0.157174 -0.693612
v 0.250000 0.072174 -0.693612
v 0.250000 0.054570 -0.680104
v 0.249019 0.174429 -0.625323
v 0.178693 0.159348 -1.007097
v 0.233781 0.172393 -0.622328
v 0.158374 0.156633 -1.003105
v 0.219647 0.166423 -0.619175
v 0.139530 0.148673 -0.998900
v 0.207582 0.156927 -0.616078
v 0.123443 0.136012 -0.994771
v 0.198408 0.144551 -0.613248
v 0.111211 0.119511 -0.990997
v 0.192750 0.130140 -0.610878
v 0.103666 0.100295 -0.987838
v 0.190993 0.114674 -0.609130
v 0.101324 0.079674 -0.985507
v 0.193257 0.099208 -0.608123
v 0.104343 0.059053 -0.984164
v 0.199389 0.084796 -0.607925
v 0.112518 0.039837 -0.983900
v 0.208969 0.072420 -0.608550
v 0.125292 0.023336 -0.984733
v 0.221346 0.062924 -0.609955
v 0.141794 0.010674 -0.986607
v 0.235675 0.056955 -0.612045
v 0.160900 0.002715 -0.989393
v 0.250981 0.054918 -0.614677
v 0.181307 0.000000 -0.992902
v 0.266219 0.056955 -0.617672
v 0.201626 0.002715 -0.996895
v 0.280353 0.062924 -0.620825
v 0.220470 0.010674 -1.001100
v 0.292418 0.072420 -0.623922
v 0.236557 0.023336 -1.005229
v 0.301592 0.084796 -0.626752
v 0.248789 0.039837 -1.009002
v 0.307250 0.099208 -0.629122
v 0.256334 0.059053 -1.012162
v 0.309007 0.114674 -0.630870
v 0.258676 0.079674 -1.014493
v 0.306743 0.130140 -0.631877
v 0.255657 0.100295 -1.015836
v 0.300611 0.144551 -0.632075
v 0.247482 0.119511 -1.016100
v 0.291031 0.156927 -0.631450
v 0.234708 0.136012 -1.015267
v 0.278654 0.166423 -0.630045
v 0.218206 0.148673 -1.013393
v 0.264325 0.172393 -0.627955
v 0.199100 0.156633 -1.010607
v 0.180000 0.139561 -1.016047
v 0.180000 0.133367 -1.031000
v 0.180000 0.095721 -1.059887
v 0.180000 0.079674 -1.062000
v 0.180000 0.063627 -1.059887
v 0.180000 0.025980 -1.031000
v 0.180000 0.019786 -1.016047
v 0.184959 0.139561 -1.015261
v 0.189580 0.133367 -1.029483
v 0.193548 0.123514 -1.041695
v 0.196592 0.110674 -1.051066
v 0.198506 0.095721 -1.056956
v 0.199159 0.079674 -1.058965
v 0.198506 0.063627 -1.056956
v 0.196592 0.048674 -1.051066
v 0.193548 0.035833 -1.041695
v 0.189580 0.025980 -1.029483
v 0.184959 0.019786 -1.015261
v 0.189432 0.139561 -1.012982
v 0.198221 0.133367 -1.025079
v 0.205769 0.123514 -1.035468
v 0.211560 0.110674 -1.043439
v 0.215201 0.095721 -1.048450
v 0.216443 0.079674 -1.050159
v 0.215201 0.063627 -1.048450
v 0.211560 0.048674 -1.043439
v 0.205769 0.035833 -1.035468
v 0.198221 0.025980 -1.025079
v 0.189432 0.019786 -1.012982
v 0.180000 0.017674 -1.000000
v 0.192982 0.139561 -1.009432
v 0.205080 0.133367 -1.018221
v 0.215468 0.123514 -1.025769
v 0.223439 0.110674 -1.031560
v 0.228450 0.095721 -1.035201
v 0.230159 0.079674 -1.036443
v 0.228450 0.063627 -1.035201
v 0.223439 0.048674 -1.031560
v 0.215468 0.035833 -1.025769
v 0.205080 0.025980 -1.018221
v 0.192982 0.019786 -1.009432
v 0.195261 0.139561 -1.004959
v 0.209483 0.133367 -1.009580
v 0.221695 0.123514 -1.013548
v 0.231066 0.110674 -1.016592
v 0.236956 0.095721 -1.018506
v 0.238966 0.079674 -1.019159
v 0.236956 0.063627 -1.018506
v 0.231066 0.048674 -1.016592
v 0.221695 0.035833 -1.013548
v 0.209483 0.025980 -1.009580
v 0.195261 0.019786 -1.004959
v 0.196047 0.139561 -1.000000
v 0.211000 0.133367 -1.000000
v 0.223841 0.123514 -1.000000
v 0.233694 0.110674 -1.000000
v 0.239887 0.095721 -1.000000
v 0.242000 0.079674 -1.000000
v 0.239887 0.063627 -1.000000
v 0.233694 0.048674 -1.000000
v 0.223841 0.035833 -1.000000
v 0.211000 0.025980 -1.000000
v 0.196047 0.019786 -1.000000
v 0.195261 0.139561 -0.995041
v 0.209483 0.133367 -0.990421
v 0.221695 0.123514 -0.986453
v 0.231066 0.110674 -0.983408
v 0.236956 0.095721 -0.981494
v 0.238966 0.079674 -0.980841
v 0.236956 0.063627 -0.981494
v 0.231066 0.048674 -0.983408
v 0.221695 0.035833 -0.986453
v 0.209483 0.025980 -0.990421
v 0.195261 0.019786 -0.995041
v 0.192982 0.139561 -0.990568
v 0.205080 0.133367 -0.981779
v 0.215468 0.123514 -0.974231
v 0.223439 0.110674 -0.968440
v 0.228450 0.095721 -0.964799
v 0.230159 0.079674 -0.963557
v 0.228450 0.063627 -0.964799
v 0.223439 0.048674 -0.968440
v 0.215468 0.035833 -0.974231
v 0.205080 0.025980 -0.981779
v 0.192982 0.019786 -0.990568
v 0.189432 0.139561 -0.987018
v 0.198221 0.133367 -0.974921
v 0.205769 0.123514 -0.964532
v 0.211560 0.110674 -0.956561
v 0.215201 0.095721 -0.951550
v 0.216443 0.079674 -0.949841
v 0.215201 0.063627 -0.951550
v 0.211560 0.048674 -0.956561
v 0.205769 0.035833 -0.964532
v 0.198221 0.025980 -0.974921
v 0.189432 0.019786 -0.987018
v 0.184959 0.139561 -0.984739
v 0.189580 0.133367 -0.970517
v 0.193548 0.123514 -0.958305
v 0.196592 0.110674 -0.948934
v 0.198506 0.095721 -0.943044
v 0.199159 0.079674 -0.941034
v 0.198506 0.063627 -0.943044
v 0.196592 0.048674 -0.948934
v 0.193548 0.035833 -0.958305
v 0.189580 0.025980 -0.970517
v 0.184959 0.019786 -0.984739
v 0.180000 0.141674 -1.000000
v 0.180000 0.139561 -0.983953
v 0.180000 0.133367 -0.969000
v 0.180000 0.123514 -0.956159
v 0.180000 0.110674 -0.946307
v 0.180000 0.095721 -0.940113
v 0.180000 0.079674 -0.938000
v 0.180000 0.063627 -0.940113
v 0.180000 0.048674 -0.946307
v 0.180000 0.035833 -0.956159
v 0.180000 0.025980 -0.969000
v 0.180000 0.019786 -0.983953
v 0.175041 0.139561 -0.984739
v 0.170420 0.133367 -0.970517
v 0.166453 0.123514 -0.958305
v 0.163408 0.110674 -0.948934
v 0.161494 0.095721 -0.943044
v 0.160841 0.079674 -0.941034
v 0.161494 0.063627 -0.943044
v 0.163408 0.048674 -0.948934
v 0.166453 0.035833 -0.958305
v 0.170420 0.025980 -0.970517
v 0.175041 0.019786 -0.984739
v 0.170568 0.139561 -0.987018
v 0.161779 0.133367 -0.974921
v 0.154231 0.123514 -0.964532
v 0.148440 0.110674 -0.956561
v 0.144799 0.095721 -0.951550
v 0.143557 0.079674 -0.949841
v 0.144799 0.063627 -0.951550
v 0.148440 0.048674 -0.956561
v 0.154231 0.035833 -0.964532
v 0.161779 0.025980 -0.974921
v 0.170568 0.019786 -0.987018
v 0.167018 0.139561 -0.990568
v 0.154920 0.133367 -0.981779
v 0.144532 0.123514 -0.974231
v 0.136561 0.110674 -0.968440
v 0.131550 0.095721 -0.964799
v 0.129841 0.079674 -0.963557
v 0.131550 0.063627 -0.964799
v 0.136561 0.048674 -0.968440
v 0.144532 0.035833 -0.974231
v 0.154920 0.025980 -0.981779
v 0.167018 0.019786 -0.990568
v 0.164739 0.139561 -0.995041
v 0.150517 0.133367 -0.990421
v 0.138305 0.123514 -0.986453
v 0.128934 0.110674 -0.983408
v 0.123044 0.095721 -0.981494
v 0.121034 0.079674 -0.980841
v 0.123044 0.063627 -0.981494
v 0.128934 0.048674 -0.983408
v 0.138305 0.035833 -0.986453
v 0.150517 0.025980 -0.990421
v 0.164739 0.019786 -0.995041
v 0.163953 0.139561 -1.000000
v 0.149000 0.133367 -1.000000
v 0.136159 0.123514 -1.000000
v 0.126306 0.110674 -1.000000
v 0.120113 0.095721 -1.000000
v 0.118000 0.079674 -1.000000
v 0.120113 0.063627 -1.000000
v 0.126306 0.048674 -1.000000
v 0.136159 0.035833 -1.000000
v 0.149000 0.025980 -1.000000
v 0.163953 0.019786 -1.000000
v 0.164739 0.139561 -1.004959
v 0.150517 0.133367 -1.009580
v 0.138305 0.123514 -1.013548
v 0.128934 0.110674 -1.016592
v 0.123044 0.095721 -1.018506
v 0.121034 0.079674 -1.019159
v 0.123044 0.063627 -1.018506
v 0.128934 0.048674 -1.016592
v 0.138305 0.035833 -1.013548
v 0.150517 0.025980 -1.009580
v 0.164739 0.019786 -1.004959
v 0.167018 0.139561 -1.009432
v 0.154920 0.133367 -1.018221
v 0.144532 0.123514 -1.025769
v 0.136561 0.110674 -1.031560
v 0.131550 0.095721 -1.035201
v 0.129841 0.079674 -1.036443
v 0.131550 0.063627 -1.035201
v 0.136561 0.048674 -1.031560
v 0.144532 0.035833 -1.025769
v 0.154920 0.025980 -1.018221
v 0.167018 0.019786 -1.009432
v 0.170568 0.139561 -1.012982
v 0.161779 0.133367 -1.025079
v 0.154231 0.123514 -1.035468
v 0.148440 0.110674 -1.043439
v 0.144799 0.095721 -1.048450
v 0.143557 0.079674 -1.050159
v 0.144799 0.063627 -1.048450
v 0.148440 0.048674 -1.043439
v 0.154231 0.035833 -1.035468
v 0.161779 0.025980 -1.025079
v 0.170568 0.019786 -1.012982
v 0.175041 0.139561 -1.015261
v 0.170420 0.133367 -1.029483
v 0.166452 0.123514 -1.041695
v 0.163408 0.110674 -1.051066
v 0.161494 0.095721 -1.056956
v 0.160841 0.079674 -1.058966
v 0.161494 0.063627 -1.056956
v 0.163408 0.048674 -1.051066
v 0.166452 0.035833 -1.041695
v 0.170420 0.025980 -1.029483
v 0.175041 0.019786 -1.015261
v 0.180000 0.123514 -1.043841
v 0.180000 0.110674 -1.053694
v 0.180000 0.048674 -1.053694
v 0.180000 0.035833 -1.043841
v 0.180000 0.132800 -1.166235
v 0.180000 0.127305 -1.200000
v 0.180000 0.093909 -1.265230
v 0.180000 0.079674 -1.270000
v 0.180000 0.065439 -1.265230
v 0.180000 0.032042 -1.200000
v 0.180000 0.026548 -1.166235
v 0.185998 0.132800 -1.164461
v 0.191588 0.127305 -1.196574
v 0.196388 0.118565 -1.224150
v 0.200071 0.107174 -1.245309
v 0.202387 0.093909 -1.258611
v 0.203176 0.079674 -1.263148
v 0.202387 0.065439 -1.258611
v 0.200071 0.052174 -1.245309
v 0.196388 0.040783 -1.224150
v 0.191588 0.032042 -1.196574
v 0.185998 0.026548 -1.164461
v 0.191410 0.132800 -1.159315
v 0.202042 0.127305 -1.186631
v 0.211172 0.118565 -1.210089
v 0.218178 0.107174 -1.228088
v 0.222582 0.093909 -1.239403
v 0.224084 0.079674 -1.243262
v 0.222582 0.065439 -1.239403
v 0.218178 0.052174 -1.228088
v 0.211172 0.040783 -1.210089
v 0.202042 0.032042 -1.186631
v 0.191410 0.026548 -1.159315
v 0.180000 0.024674 -1.130000
v 0.195704 0.132800 -1.151298
v 0.210338 0.127305 -1.171145
v 0.222905 0.118565 -1.188188
v 0.232547 0.107174 -1.201265
v 0.238609 0.093909 -1.209486
v 0.240676 0.079674 -1.212290
v 0.238609 0.065439 -1.209486
v 0.232547 0.052174 -1.201265
v 0.222905 0.040783 -1.188188
v 0.210338 0.032042 -1.171145
v 0.195704 0.026548 -1.151298
v 0.198461 0.132800 -1.141197
v 0.215665 0.127305 -1.151631
v 0.230437 0.118565 -1.160591
v 0.241773 0.107174 -1.167466
v 0.248899 0.093909 -1.171788
v 0.251329 0.079674 -1.173262
v 0.248899 0.065439 -1.171788
v 0.241773 0.052174 -1.167466
v 0.230437 0.040783 -1.160591
v 0.215665 0.032042 -1.151631
v 0.198461 0.026548 -1.141197
v 0.199411 0.132800 -1.130000
v 0.217500 0.127305 -1.130000
v 0.233033 0.118565 -1.130000
v 0.244952 0.107174 -1.130000
v 0.252444 0.093909 -1.130000
v 0.255000 0.079674 -1.130000
v 0.252444 0.065439 -1.130000
v 0.244952 0.052174 -1.130000
v 0.233033 0.040783 -1.130000
v 0.217500 0.032042 -1.130000
v 0.199411 0.026548 -1.130000
v 0.198461 0.132800 -1.118803
v 0.215665 0.127305 -1.108369
v 0.230437 0.118565 -1.099409
v 0.241773 0.107174 -1.092534
v 0.248899 0.093909 -1.088212
v 0.251329 0.079674 -1.086738
v 0.248899 0.065439 -1.088212
v 0.241773 0.052174 -1.092534
v 0.230437 0.040783 -1.099409
v 0.215665 0.032042 -1.108369
v 0.198461 0.026548 -1.118803
v 0.195704 0.132800 -1.108702
v 0.210338 0.127305 -1.088855
v 0.222905 0.118565 -1.071812
v 0.232547 0.107174 -1.058735
v 0.238609 0.093909 -1.050514
v 0.240676 0.079674 -1.047710
v 0.238609 0.065439 -1.050514
v 0.232547 0.052174 -1.058735
v 0.222905 0.040783 -1.071812
v 0.210338 0.032042 -1.088855
v 0.195704 0.026548 -1.108702
v 0.191410 0.132800 -1.100685
v 0.202042 0.127305 -1.073369
v 0.211172 0.118565 -1.049911
v 0.218178 0.107174 -1.031912
v 0.222582 0.093909 -1.020597
v 0.224084 0.079674 -1.016738
v 0.222582 0.065439 -1.020597
v 0.218178 0.052174 -1.031912
v 0.211172 0.040783 -1.049911
v 0.202042 0.032042 -1.073369
v 0.191410 0.026548 -1.100685
v 0.185998 0.132800 -1.095539
v 0.191588 0.127305 -1.063426
v 0.196388 0.118565 -1.035850
v 0.200071 0.107174 -1.014691
v 0.202387 0.093909 -1.001389
v 0.203176 0.079674 -0.996852
v 0.202387 0.065439 -1.001389
v 0.200071 0.052174 -1.014691
v 0.196388 0.040783 -1.035850
v 0.191588 0.032042 -1.063426
v 0.185998 0.026548 -1.095539
v 0.180000 0.134674 -1.130000
v 0.180000 0.132800 -1.093765
v 0.180000 0.127305 -1.060000
v 0.180000 0.118565 -1.031005
v 0.180000 0.107174 -1.008756
v 0.180000 0.093909 -0.994770
v 0.180000 0.079674 -0.990000
v 0.180000 0.065439 -0.994770
v 0.180000 0.052174 -1.008756
v 0.180000 0.040783 -1.031005
v 0.180000 0.032042 -1.060000
v 0.180000 0.026548 -1.093765
v 0.174002 0.132800 -1.095539
v 0.168412 0.127305 -1.063426
v 0.163612 0.118565 -1.035850
v 0.159929 0.107174 -1.014691
v 0.157613 0.093909 -1.001389
v 0.156824 0.079674 -0.996852
v 0.157613 0.065439 -1.001389
v 0.159929 0.052174 -1.014691
v 0.163612 0.040783 -1.035850
v 0.168412 0.032042 -1.063426
v 0.174002 0.026548 -1.095539
v 0.168590 0.132800 -1.100685
v 0.157958 0.127305 -1.073369
v 0.148828 0.118565 -1.049911
v 0.141822 0.107174 -1.031912
v 0.137418 0.093909 -1.020597
v 0.135916 0.079674 -1.016738
v 0.137418 0.065439 -1.020597
v 0.141822 0.052174 -1.031912
v 0.148828 0.040783 -1.049911
v 0.157958 0.032042 -1.073369
v 0.168590 0.026548 -1.100685
v 0.164296 0.132800 -1.108702
v 0.149662 0.127305 -1.088855
v 0.137095 0.118565 -1.071812
v 0.127453 0.107174 -1.058735
v 0.121391 0.093909 -1.050514
v 0.119324 0.079674 -1.047710
v 0.121391 0.065439 -1.050514
v 0.127453 0.052174 -1.058735
v 0.137095 0.040783 -1.071812
v 0.149662 0.032042 -1.088855
v 0.164296 0.026548 -1.108702
v 0.161539 0.132800 -1.118803
v 0.144335 0.127305 -1.108369
v 0.129563 0.118565 -1.099409
v 0.118227 0.107174 -1.092534
v 0.111101 0.093909 -1.088212
v 0.108671 0.079674 -1.086738
v 0.111101 0.065439 -1.088212
v 0.118227 0.052174 -1.092534
v 0.129563 0.040783 -1.099409
v 0.144335 0.032042 -1.108369
v 0.161539 0.026548 -1.118803
v 0.160589 0.132800 -1.130000
v 0.142500 0.127305 -1.130000
v 0.126967 0.118565 -1.130000
v 0.115048 0.107174 -1.130000
v 0.107556 0.093909 -1.130000
v 0.105000 0.079674 -1.130000
v 0.107556 0.065439 -1.130000
v 0.115048 0.052174 -1.130000
v 0.126967 0.040783 -1.130000
v 0.142500 0.032042 -1.130000
v 0.160589 0.026548 -1.130000
v 0.161539 0.132800 -1.141197
v 0.144335 0.127305 -1.151631
v 0.129563 0.118565 -1.160591
v 0.118227 0.107174 -1.167466
v 0.111101 0.093909 -1.171788
v 0.108671 0.079674 -1.173262
v 0.111101 0.065439 -1.171788
v 0.118227 0.052174 -1.167466
v 0.129563 0.040783 -1.160591
v 0.144335 0.032042 -1.151631
v 0.161539 0.026548 -1.141197
v 0.164296 0.132800 -1.151298
v 0.149662 0.127305 -1.171145
v 0.137095 0.118565 -1.188188
v 0.127453 0.107174 -1.201265
v 0.121391 0.093909 -1.209486
v 0.119324 0.079674 -1.212290
v 0.121391 0.065439 -1.209486
v 0.127453 0.052174 -1.201265
v 0.137095 0.040783 -1.188188
v 0.149662 0.032042 -1.171145
v 0.164296 0.026548 -1.151298
v 0.168590 0.132800 -1.159315
v 0.157958 0.127305 -1.186631
v 0.148828 0.118565 -1.210089
v 0.141822 0.107174 -1.228088
v 0.137418 0.093909 -1.239403
v 0.135916 0.079674 -1.243262
v 0.137418 0.065439 -1.239403
v 0.141822 0.052174 -1.228088
v 0.148828 0.040783 -1.210089
v 0.157958 0.032042 -1.186631
v 0.168590 0.026548 -1.159315
v 0.174002 0.132800 -1.164461
v 0.168412 0.127305 -1.196574
v 0.163612 0.118565 -1.224150
v 0.159929 0.107174 -1.245310
v 0.157613 0.093909 -1.258611
v 0.156824 0.079674 -1.263148
v 0.157613 0.065439 -1.258611
v 0.159929 0.052174 -1.245310
v 0.163612 0.040783 -1.224150
v 0.168412 0.032042 -1.196574
v 0.174002 0.026548 -1.164461
v 0.180000 0.118565 -1.228995
v 0.180000 0.107174 -1.251244
v 0.180000 0.052174 -1.251244
v 0.180000 0.040783 -1.228995
v -0.190000 0.256777 0.418000
v -0.190000 0.248286 0.397500
v -0.190000 0.196673 0.357896
v -0.190000 0.174674 0.355000
v -0.190000 0.152674 0.357896
v -0.190000 0.101062 0.397500
v -0.190000 0.092570 0.418000
v -0.183202 0.256777 0.419077
v -0.176867 0.248286 0.399580
v -0.171427 0.234778 0.382838
v -0.167253 0.217174 0.369991
v -0.164629 0.196673 0.361915
v -0.163734 0.174674 0.359160
v -0.164629 0.152674 0.361915
v -0.167253 0.132174 0.369991
v -0.171427 0.114570 0.382838
v -0.176867 0.101062 0.399580
v -0.183202 0.092570 0.419077
v -0.177069 0.256777 0.422202
v -0.165019 0.248286 0.405617
v -0.154672 0.234778 0.391375
v -0.146732 0.217174 0.380446
v -0.141741 0.196673 0.373577
v -0.140038 0.174674 0.371234
v -0.141741 0.152674 0.373577
v -0.146732 0.132174 0.380446
v -0.154672 0.114570 0.391375
v -0.165019 0.101062 0.405617
v -0.177069 0.092570 0.422202
v -0.190000 0.089674 0.440000
v -0.172202 0.256777 0.427069
v -0.155617 0.248286 0.415019
v -0.141375 0.234778 0.404672
v -0.130447 0.217174 0.396732
v -0.123577 0.196673 0.391741
v -0.121234 0.174674 0.390038
v -0.123577 0.152674 0.391741
v -0.130447 0.132174 0.396732
v -0.141375 0.114570 0.404672
v -0.155617 0.101062 0.415019
v -0.172202 0.092570 0.427069
v -0.169077 0.256777 0.433202
v -0.149580 0.248286 0.426867
v -0.132838 0.234778 0.421427
v -0.119991 0.217174 0.417253
v -0.111915 0.196673 0.414629
v -0.109160 0.174674 0.413734
v -0.111915 0.152674 0.414629
v -0.119991 0.132174 0.417253
v -0.132838 0.114570 0.421427
v -0.149580 0.101062 0.426867
v -0.169077 0.092570 0.433202
v -0.168000 0.256777 0.440000
v -0.147500 0.248286 0.440000
v -0.129896 0.234778 0.440000
v -0.116388 0.217174 0.440000
v -0.107896 0.196673 0.440000
v -0.105000 0.174674 0.440000
v -0.107896 0.152674 0.440000
v -0.116388 0.132174 0.440000
v -0.129896 0.114570 0.440000
v -0.147500 0.101062 0.440000
v -0.168000 0.092570 0.440000
v -0.169077 0.256777 0.446798
v -0.149580 0.248286 0.453133
v -0.132838 0.234778 0.458573
v -0.119991 0.217174 0.462747
v -0.111915 0.196673 0.465371
v -0.109160 0.174674 0.466266
v -0.111915 0.152674 0.465371
v -0.119991 0.132174 0.462747
v -0.132838 0.114570 0.458573
v -0.149580 0.101062 0.453133
v -0.169077 0.092570 0.446798
v -0.172202 0.256777 0.452931
v -0.155617 0.248286 0.464981
v -0.141375 0.234778 0.475328
v -0.130446 0.217174 0.483268
v -0.123577 0.196673 0.488259
v -0.121234 0.174674 0.489962
v -0.123577 0.152674 0.488259
v -0.130446 0.132174 0.483268
v -0.141375 0.114570 0.475328
v -0.155617 0.101062 0.464981
v -0.172202 0.092570 0.452931
v -0.177069 0.256777 0.457798
v -0.165019 0.248286 0.474383
v -0.154672 0.234778 0.488625
v -0.146732 0.217174 0.499554
v -0.141741 0.196673 0.506423
v -0.140038 0.174674 0.508766
v -0.141741 0.152674 0.506423
v -0.146732 0.132174 0.499554
v -0.154672 0.114570 0.488625
v -0.165019 0.101062 0.474383
v -0.177069 0.092570 0.457798
v -0.183202 0.256777 0.460923
v -0.176867 0.248286 0.480420
v -0.171427 0.234778 0.497162
v -0.167253 0.217174 0.510009
v -0.164629 0.196673 0.518085
v -0.163734 0.174674 0.520840
v -0.164629 0.152674 0.518085
v -0.167253 0.132174 0.510009
v -0.171427 0.114570 0.497162
v -0.176867 0.101062 0.480420
v -0.183202 0.092570 0.460923
v -0.190000 0.259674 0.440000
v -0.190000 0.256777 0.462000
v -0.190000 0.248286 0.482500
v -0.190000 0.234778 0.500104
v -0.190000 0.217174 0.513612
v -0.190000 0.196673 0.522104
v -0.190000 0.174674 0.525000
v -0.190000 0.152674 0.522104
v -0.190000 0.132174 0.513612
v -0.190000 0.114570 0.500104
v -0.190000 0.101062 0.482500
v -0.190000 0.092570 0.462000
v -0.196798 0.256777 0.460923
v -0.203133 0.248286 0.480420
v -0.208573 0.234778 0.497162
v -0.212747 0.217174 0.510009
v -0.215371 0.196673 0.518085
v -0.216266 0.174674 0.520840
v -0.215371 0.152674 0.518085
v -0.212747 0.132174 0.510009
v -0.208573 0.114570 0.497162
v -0.203133 0.101062 0.480420
v -0.196798 0.092570 0.460923
v -0.202931 0.256777 0.457798
v -0.214981 0.248286 0.474383
v -0.225328 0.234778 0.488625
v -0.233268 0.217174 0.499554
v -0.238259 0.196673 0.506423
v -0.239962 0.174674 0.508766
v -0.238259 0.152674 0.506423
v -0.233268 0.132174 0.499554
v -0.225328 0.114570 0.488625
v -0.214981 0.101062 0.474383
v -0.202931 0.092570 0.457798
v -0.207798 0.256777 0.452931
v -0.224383 0.248286 0.464981
v -0.238625 0.234778 0.475328
v -0.249554 0.217174 0.483268
v -0.256423 0.196673 0.488259
v -0.258766 0.174674 0.489962
v -0.256423 0.152674 0.488259
v -0.249554 0.132174 0.483268
v -0.238625 0.114570 0.475328
v -0.224383 0.101062 0.464981
v -0.207798 0.092570 0.452931
v -0.210923 0.256777 0.446798
v -0.230420 0.248286 0.453133
v -0.247162 0.234778 0.458573
v -0.260009 0.217174 0.462747
v -0.268085 0.196673 0.465371
v -0.270840 0.174674 0.466266
v -0.268085 0.152674 0.465371
v -0.260009 0.132174 0.462747
v -0.247162 0.114570 0.458573
v -0.230420 0.101062 0.453133
v -0.210923 0.092570 0.446798
v -0.212000 0.256777 0.440000
v -0.232500 0.248286 0.440000
v -0.250104 0.234778 0.440000
v -0.263612 0.217174 0.440000
v -0.272104 0.196673 0.440000
v -0.275000 0.174674 0.440000
v -0.272104 0.152674 0.440000
v -0.263612 0.132174 0.440000
v -0.250104 0.114570 0.440000
v -0.232500 0.101062 0.440000
v -0.212000 0.092570 0.440000
v -0.210923 0.256777 0.433202
v -0.230420 0.248286 0.426867
v -0.247162 0.234778 0.421427
v -0.260009 0.217174 0.417253
v -0.268085 0.196673 0.414629
v -0.270840 0.174674 0.413734
v -0.268085 0.152674 0.414629
v -0.260009 0.132174 0.417253
v -0.247162 0.114570 0.421427
v -0.230420 0.101062 0.426867
v -0.210923 0.092570 0.433202
v -0.207798 0.256777 0.427069
v -0.224383 0.248286 0.415019
v -0.238625 0.234778 0.404672
v -0.249554 0.217174 0.396732
v -0.256423 0.196673 0.391741
v -0.258766 0.174674 0.390038
v -0.256423 0.152674 0.391741
v -0.249554 0.132174 0.396732
v -0.238625 0.114570 0.404672
v -0.224383 0.101062 0.415019
v -0.207798 0.092570 0.427069
v -0.202931 0.256777 0.422202
v -0.214981 0.248286 0.405617
v -0.225328 0.234778 0.391375
v -0.233268 0.217174 0.380446
v -0.238259 0.196673 0.373577
v -0.239962 0.174674 0.371234
v -0.238259 0.152674 0.373577
v -0.233268 0.132174 0.380446
v -0.225328 0.114570 0.391375
v -0.214981 0.101062 0.405617
v -0.202931 0.092570 0.422202
v -0.196798 0.256777 0.419077
v -0.203133 0.248286 0.399580
v -0.208573 0.234778 0.382838
v -0.212747 0.217174 0.369991
v -0.215371 0.196673 0.361915
v -0.216266 0.174674 0.359160
v -0.215371 0.152674 0.361915
v -0.212747 0.132174 0.369991
v -0.208573 0.114570 0.382838
v -0.203133 0.101062 0.399580
v -0.196798 0.092570 0.419077
v -0.190000 0.234778 0.379896
v -0.190000 0.217174 0.366388
v -0.190000 0.132174 0.366388
v -0.190000 0.114570 0.379896
v -0.204036 0.235599 0.422221
v -0.356195 0.154972 0.229486
v -0.216762 0.233523 0.433252
v -0.370879 0.152577 0.242213
v -0.227664 0.227437 0.444742
v -0.383458 0.145554 0.255471
v -0.235999 0.217755 0.455909
v -0.393076 0.134382 0.268356
v -0.241200 0.205137 0.465991
v -0.399077 0.119823 0.279990
v -0.242912 0.190442 0.474303
v -0.401052 0.102868 0.289580
v -0.241017 0.174674 0.480277
v -0.398866 0.084674 0.296473
v -0.235646 0.158905 0.483506
v -0.392669 0.066479 0.300199
v -0.227164 0.144211 0.483770
v -0.382882 0.049524 0.300504
v -0.216150 0.131593 0.481051
v -0.370173 0.034965 0.297367
v -0.203353 0.121911 0.475535
v -0.355408 0.023793 0.291002
v -0.189647 0.115824 0.467597
v -0.339592 0.016770 0.281843
v -0.175964 0.113748 0.457779
v -0.323805 0.014375 0.270514
v -0.163238 0.115824 0.446748
v -0.309121 0.016770 0.257787
v -0.152336 0.121911 0.435258
v -0.296542 0.023793 0.244529
v -0.144000 0.131593 0.424091
v -0.286924 0.034965 0.231644
v -0.138800 0.144211 0.414008
v -0.280923 0.049524 0.220010
v -0.137088 0.158905 0.405697
v -0.278948 0.066479 0.210420
v -0.138983 0.174674 0.399723
v -0.281134 0.084674 0.203527
v -0.144354 0.190443 0.396494
v -0.287331 0.102868 0.199801
v -0.152836 0.205137 0.396230
v -0.297118 0.119823 0.199496
v -0.163850 0.217755 0.398949
v -0.309827 0.134382 0.202633
v -0.176647 0.227437 0.404465
v -0.324592 0.145554 0.208998
v -0.190353 0.233523 0.412403
v -0.340408 0.152577 0.218157
v -0.340000 0.150357 0.232400
v -0.340000 0.143564 0.216000
v -0.340000 0.102274 0.184317
v -0.340000 0.084674 0.182000
v -0.340000 0.067074 0.184317
v -0.340000 0.025784 0.216000
v -0.340000 0.018991 0.232400
v -0.334561 0.150357 0.233262
v -0.329493 0.143564 0.217664
v -0.325141 0.132757 0.204270
v -0.321802 0.118674 0.193993
v -0.319703 0.102274 0.187532
v -0.318987 0.084674 0.185328
v -0.319703 0.067074 0.187532
v -0.321802 0.050674 0.193993
v -0.325141 0.036591 0.204270
v -0.329493 0.025784 0.217664
v -0.334561 0.018991 0.233262
v -0.329655 0.150357 0.235762
v -0.320015 0.143564 0.222493
v -0.311737 0.132757 0.211100
v -0.305386 0.118674 0.202357
v -0.301393 0.102274 0.196861
v -0.300031 0.084674 0.194987
v -0.301393 0.067074 0.196861
v -0.305386 0.050674 0.202357
v -0.311737 0.036591 0.211100
v -0.320015 0.025784 0.222493
v -0.329655 0.018991 0.235762
v -0.340000 0.016674 0.250000
v -0.325762 0.150357 0.239655
v -0.312493 0.143564 0.230015
v -0.301100 0.132757 0.221737
v -0.292357 0.118674 0.215385
v -0.286861 0.102274 0.211393
v -0.284987 0.084674 0.210031
v -0.286861 0.067074 0.211393
v -0.292357 0.050674 0.215385
v -0.301100 0.036591 0.221737
v -0.312493 0.025784 0.230015
v -0.325762 0.018991 0.239655
v -0.323262 0.150357 0.244561
v -0.307664 0.143564 0.239493
v -0.294270 0.132757 0.235141
v -0.283993 0.118674 0.231802
v -0.277532 0.102274 0.229703
v -0.275328 0.084674 0.228987
v -0.277532 0.067074 0.229703
v -0.283993 0.050674 0.231802
v -0.294270 0.036591 0.235141
v -0.307664 0.025784 0.239493
v -0.323262 0.018991 0.244561
v -0.322400 0.150357 0.250000
v -0.306000 0.143564 0.250000
v -0.291917 0.132757 0.250000
v -0.281110 0.118674 0.250000
v -0.274317 0.102274 0.250000
v -0.272000 0.084674 0.250000
v -0.274317 0.067074 0.250000
v -0.281110 0.050674 0.250000
v -0.291917 0.036591 0.250000
v -0.306000 0.025784 0.250000
v -0.322400 0.018991 0.250000
v -0.323262 0.150357 0.255439
v -0.307664 0.143564 0.260507
v -0.294270 0.132757 0.264859
v -0.283993 0.118674 0.268198
v -0.277532 0.102274 0.270297
v -0.275328 0.084674 0.271013
v -0.277532 0.067074 0.270297
v -0.283993 0.050674 0.268198
v -0.294270 0.036591 0.264859
v -0.307664 0.025784 0.260507
v -0.323262 0.018991 0.255439
v -0.325762 0.150357 0.260345
v -0.312493 0.143564 0.269985
v -0.301100 0.132757 0.278263
v -0.292357 0.118674 0.284615
v -0.286861 0.102274 0.288607
v -0.284987 0.084674 0.289969
v -0.286861 0.067074 0.288607
v -0.292357 0.050674 0.284615
v -0.301100 0.036591 0.278263
v -0.312493 0.025784 0.269985
v -0.325762 0.018991 0.260345
v -0.329655 0.150357 0.264238
v -0.320015 0.143564 0.277507
v -0.311737 0.132757 0.288900
v -0.305385 0.118674 0.297643
v -0.301393 0.102274 0.303139
v -0.300031 0.084674 0.305013
v -0.301393 0.067074 0.303139
v -0.305385 0.050674 0.297643
v -0.311737 0.036591 0.288900
v -0.320015 0.025784 0.277507
v -0.329655 0.018991 0.264238
v -0.334561 0.150357 0.266738
v -0.329493 0.143564 0.282336
v -0.325141 0.132757 0.295730
v -0.321802 0.118674 0.306007
v -0.319703 0.102274 0.312468
v -0.318987 0.084674 0.314672
v -0.319703 0.067074 0.312468
v -0.321802 0.050674 0.306007
v -0.325141 0.036591 0.295730
v -0.329493 0.025784 0.282336
v -0.334561 0.018991 0.266738
v -0.340000 0.152674 0.250000
v -0.340000 0.150357 0.267600
v -0.340000 0.143564 0.284000
v -0.340000 0.132757 0.298083
v -0.340000 0.118674 0.308890
v -0.340000 0.102274 0.315683
v -0.340000 0.084674 0.318000
v -0.340000 0.067074 0.315683
v -0.340000 0.050674 0.308890
v -0.340000 0.036591 0.298083
v -0.340000 0.025784 0.284000
v -0.340000 0.018991 0.267600
v -0.345439 0.150357 0.266738
v -0.350507 0.143564 0.282336
v -0.354859 0.132757 0.295730
v -0.358198 0.118674 0.306007
v -0.360297 0.102274 0.312468
v -0.361013 0.084674 0.314672
v -0.360297 0.067074 0.312468
v -0.358198 0.050674 0.306007
v -0.354859 0.036591 0.295730
v -0.350507 0.025784 0.282336
v -0.345439 0.018991 0.266738
v -0.350345 0.150357 0.264238
v -0.359985 0.143564 0.277507
v -0.368263 0.132757 0.288900
v -0.374615 0.118674 0.297643
v -0.378608 0.102274 0.303139
v -0.379969 0.084674 0.305013
v -0.378608 0.067074 0.303139
v -0.374615 0.050674 0.297643
v -0.368263 0.036591 0.288900
v -0.359985 0.025784 0.277507
v -0.350345 0.018991 0.264238
v -0.354238 0.150357 0.260345
v -0.367507 0.143564 0.269985
v -0.378900 0.132757 0.278263
v -0.387643 0.118674 0.284615
v -0.393139 0.102274 0.288607
v -0.395013 0.084674 0.289969
v -0.393139 0.067074 0.288607
v -0.387643 0.050674 0.284615
v -0.378900 0.036591 0.278263
v -0.367507 0.025784 0.269985
v -0.354238 0.018991 0.260345
v -0.356738 0.150357 0.255439
v -0.372336 0.143564 0.260507
v -0.385730 0.132757 0.264859
v -0.396007 0.118674 0.268198
v -0.402468 0.102274 0.270297
v -0.404672 0.084674 0.271013
v -0.402468 0.067074 0.270297
v -0.396007 0.050674 0.268198
v -0.385730 0.036591 0.264859
v -0.372336 0.025784 0.260507
v -0.356738 0.018991 0.255439
v -0.357600 0.150357 0.250000
v -0.374000 0.143564 0.250000
v -0.388083 0.132757 0.250000
v -0.398890 0.118674 0.250000
v -0.405683 0.102274 0.250000
v -0.408000 0.084674 0.250000
v -0.405683 0.067074 0.250000
v -0.398890 0.050674 0.250000
v -0.388083 0.036591 0.250000
v -0.374000 0.025784 0.250000
v -0.357600 0.018991 0.250000
v -0.356738 0.150357 0.244561
v -0.372336 0.143564 0.239493
v -0.385730 0.132757 0.235141
v -0.396007 0.118674 0.231802
v -0.402468 0.102274 0.229703
v -0.404672 0.084674 0.228987
v -0.402468 0.067074 0.229703
v -0.396007 0.050674 0.231802
v -0.385730 0.036591 0.235141
v -0.372336 0.025784 0.239493
v -0.356738 0.018991 0.244561
v -0.354238 0.150357 0.239655
v -0.367507 0.143564 0.230015
v -0.378900 0.132757 0.221737
v -0.387643 0.118674 0.215385
v -0.393139 0.102274 0.211392
v -0.395013 0.084674 0.210031
v -0.393139 0.067074 0.211392
v -0.387643 0.050674 0.215385
v -0.378900 0.036591 0.221737
v -0.367507 0.025784 0.230015
v -0.354238 0.018991 0.239655
v -0.350345 0.150357 0.235762
v -0.359985 0.143564 0.222493
v -0.368263 0.132757 0.211100
v -0.374615 0.118674 0.202357
v -0.378608 0.102274 0.196861
v -0.379969 0.084674 0.194987
v -0.378608 0.067074 0.196861
v -0.374615 0.050674 0.202357
v -0.368263 0.036591 0.211100
v -0.359985 0.025784 0.222493
v -0.350345 0.018991 0.235762
v -0.345439 0.150357 0.233262
v -0.350507 0.143564 0.217664
v -0.354859 0.132757 0.204270
v -0.358198 0.118674 0.193993
v -0.360297 0.102274 0.187532
v -0.361013 0.084674 0.185328
v -0.360297 0.067074 0.187532
v -0.358198 0.050674 0.193993
v -0.354859 0.036591 0.204270
v -0.350507 0.025784 0.217664
v -0.345439 0.018991 0.233262
v -0.340000 0.132757 0.201917
v -0.340000 0.118674 0.191110
v -0.340000 0.050674 0.191110
v -0.340000 0.036591 0.201917
v -0.340608 0.134657 0.248852
v -0.430778 0.143652 0.078530
v -0.352024 0.132954 0.254946
v -0.445391 0.141472 0.086331
v -0.362621 0.127960 0.260703
v -0.458955 0.135081 0.093700
v -0.371676 0.120017 0.265730
v -0.470546 0.124913 0.100135
v -0.378573 0.109665 0.269686
v -0.479374 0.111663 0.105198
v -0.382841 0.097610 0.272300
v -0.484837 0.096233 0.108544
v -0.384189 0.084674 0.273394
v -0.486562 0.079674 0.109945
v -0.382526 0.071737 0.272894
v -0.484434 0.063115 0.109305
v -0.377965 0.059682 0.270834
v -0.478595 0.047685 0.106668
v -0.370817 0.049330 0.267354
v -0.469445 0.034434 0.102213
v -0.361568 0.041387 0.262692
v -0.457607 0.024267 0.096245
v -0.350850 0.036394 0.257164
v -0.443888 0.017875 0.089170
v -0.339392 0.034691 0.251148
v -0.429222 0.015695 0.081470
v -0.327976 0.036394 0.245054
v -0.414609 0.017875 0.073669
v -0.317379 0.041387 0.239297
v -0.401045 0.024267 0.066300
v -0.308324 0.049330 0.234270
v -0.389454 0.034434 0.059865
v -0.301427 0.059682 0.230314
v -0.380626 0.047685 0.054802
v -0.297159 0.071737 0.227700
v -0.375163 0.063115 0.051456
v -0.295811 0.084674 0.226606
v -0.373438 0.079674 0.050055
v -0.297474 0.097610 0.227106
v -0.375566 0.096233 0.050695
v -0.302035 0.109665 0.229166
v -0.381405 0.111663 0.053332
v -0.309183 0.120017 0.232646
v -0.390555 0.124913 0.057787
v -0.318432 0.127960 0.237308
v -0.402393 0.135081 0.063755
v -0.329150 0.132954 0.242836
v -0.416112 0.141472 0.070830
v -0.430547 0.124659 0.078967
v -0.496212 0.136016 -0.045066
v -0.440822 0.123126 0.084451
v -0.509911 0.133972 -0.037754
v -0.450359 0.118632 0.089633
v -0.522628 0.127980 -0.030845
v -0.458509 0.111483 0.094157
v -0.533494 0.118448 -0.024812
v -0.464716 0.102166 0.097717
v -0.541770 0.106026 -0.020065
v -0.468557 0.091317 0.100070
v -0.546891 0.091560 -0.016928
v -0.469770 0.079674 0.101055
v -0.548509 0.076036 -0.015615
v -0.468274 0.068031 0.100605
v -0.546514 0.060512 -0.016215
v -0.464169 0.057181 0.098751
v -0.541040 0.046046 -0.018687
v -0.457735 0.047865 0.095619
v -0.532462 0.033624 -0.022863
v -0.449411 0.040716 0.091422
v -0.521364 0.024092 -0.028459
v -0.439765 0.036222 0.086448
v -0.508502 0.018100 -0.035092
v -0.429453 0.034689 0.081033
v -0.494753 0.016056 -0.042311
v -0.419178 0.036222 0.075549
v -0.481053 0.018100 -0.049623
v -0.409641 0.040716 0.070368
v -0.468337 0.024092 -0.056532
v -0.401491 0.047865 0.065843
v -0.457470 0.033624 -0.062565
v -0.395284 0.057181 0.062283
v -0.449194 0.046046 -0.067312
v -0.391443 0.068031 0.059930
v -0.444073 0.060512 -0.070449
v -0.390230 0.079674 0.058945
v -0.442455 0.076036 -0.071762
v -0.391726 0.091317 0.059395
v -0.444451 0.091560 -0.071162
v -0.395831 0.102166 0.061249
v -0.449924 0.106026 -0.068690
v -0.402265 0.111483 0.064381
v -0.458502 0.118448 -0.064514
v -0.410589 0.118632 0.068578
v -0.469600 0.127980 -0.058918
v -0.420235 0.123126 0.073552
v -0.482462 0.133972 -0.052285
v -0.495482 0.129162 -0.057924
v -0.495482 0.123667 -0.071189
v -0.495482 0.090271 -0.096814
v -0.495482 0.076036 -0.098689
v -0.495482 0.061801 -0.096814
v -0.495482 0.028405 -0.071189
v -0.495482 0.022910 -0.057924
v -0.491083 0.129162 -0.057227
v -0.486984 0.123667 -0.069843
v -0.483464 0.114927 -0.080676
v -0.480763 0.103536 -0.088989
v -0.479065 0.090271 -0.094214
v -0.478486 0.076036 -0.095997
v -0.479065 0.061801 -0.094214
v -0.480763 0.048536 -0.088989
v -0.483464 0.037145 -0.080676
v -0.486984 0.028405 -0.069843
v -0.491083 0.022910 -0.057227
v -0.487115 0.129162 -0.055205
v -0.479318 0.123667 -0.065936
v -0.472623 0.114927 -0.075152
v -0.467485 0.103536 -0.082223
v -0.464256 0.090271 -0.086668
v -0.463154 0.076036 -0.088184
v -0.464256 0.061801 -0.086668
v -0.467485 0.048536 -0.082223
v -0.472623 0.037145 -0.075152
v -0.479318 0.028405 -0.065936
v -0.487115 0.022910 -0.055205
v -0.495482 0.021036 -0.043689
v -0.483966 0.129162 -0.052056
v -0.473234 0.123667 -0.059853
v -0.464019 0.114927 -0.066548
v -0.456948 0.103536 -0.071686
v -0.452502 0.090271 -0.074915
v -0.450986 0.076036 -0.076017
v -0.452502 0.061801 -0.074915
v -0.456948 0.048536 -0.071686
v -0.464019 0.037145 -0.066548
v -0.473234 0.028405 -0.059853
v -0.483966 0.022910 -0.052056
v -0.481944 0.129162 -0.048087
v -0.469328 0.123667 -0.052187
v -0.458495 0.114927 -0.055706
v -0.450182 0.103536 -0.058407
v -0.444956 0.090271 -0.060105
v -0.443174 0.076036 -0.060684
v -0.444956 0.061801 -0.060105
v -0.450182 0.048536 -0.058407
v -0.458495 0.037145 -0.055706
v -0.469328 0.028405 -0.052187
v -0.481944 0.022910 -0.048087
v -0.481247 0.129162 -0.043689
v -0.467982 0.123667 -0.043689
v -0.456591 0.114927 -0.043689
v -0.447851 0.103536 -0.043689
v -0.442356 0.090271 -0.043689
v -0.440482 0.076036 -0.043689
v -0.442356 0.061801 -0.043689
v -0.447851 0.048536 -0.043689
v -0.456591 0.037145 -0.043689
v -0.467982 0.028405 -0.043689
v -0.481247 0.022910 -0.043689
v -0.481944 0.129162 -0.039290
v -0.469328 0.123667 -0.035191
v -0.458495 0.114927 -0.031671
v -0.450182 0.103536 -0.028970
v -0.444956 0.090271 -0.027272
v -0.443174 0.076036 -0.026693
v -0.444956 0.061801 -0.027272
v -0.450182 0.048536 -0.028970
v -0.458495 0.037145 -0.031671
v -0.469328 0.028405 -0.035191
v -0.481944 0.022910 -0.039290
v -0.483966 0.129162 -0.035321
v -0.473234 0.123667 -0.027524
v -0.464019 0.114927 -0.020829
v -0.456948 0.103536 -0.015692
v -0.452502 0.090271 -0.012462
v -0.450986 0.076036 -0.011360
v -0.452502 0.061801 -0.012462
v -0.456948 0.048536 -0.015692
v -0.464019 0.037145 -0.020829
v -0.473234 0.028405 -0.027524
v -0.483966 0.022910 -0.035321
v -0.487115 0.129162 -0.032172
v -0.479318 0.123667 -0.021441
v -0.472623 0.114927 -0.012225
v -0.467485 0.103536 -0.005154
v -0.464256 0.090271 -0.000709
v -0.463154 0.076036 0.000807
v -0.464256 0.061801 -0.000709
v -0.467485 0.048536 -0.005154
v -0.472623 0.037145 -0.012225
v -0.479318 0.028405 -0.021441
v -0.487115 0.022910 -0.032172
v -0.491083 0.129162 -0.030150
v -0.486984 0.123667 -0.017534
v -0.483464 0.114927 -0.006701
v -0.480763 0.103536 0.001612
v -0.479065 0.090271 0.006837
v -0.478486 0.076036 0.008620
v -0.479065 0.061801 0.006837
v -0.480763 0.048536 0.001612
v -0.483464 0.037145 -0.006701
v -0.486984 0.028405 -0.017534
v -0.491083 0.022910 -0.030150
v -0.495482 0.131036 -0.043689
v -0.495482 0.129162 -0.029453
v -0.495482 0.123667 -0.016189
v -0.495482 0.114927 -0.004798
v -0.495482 0.103536 0.003943
v -0.495482 0.090271 0.009437
v -0.495482 0.076036 0.011311
v -0.495482 0.061801 0.009437
v -0.495482 0.048536 0.003943
v -0.495482 0.037145 -0.004798
v -0.495482 0.028405 -0.016189
v -0.495482 0.022910 -0.029453
v -0.499881 0.129162 -0.030150
v -0.503980 0.123667 -0.017534
v -0.507500 0.114927 -0.006701
v -0.510201 0.103536 0.001612
v -0.511899 0.090271 0.006837
v -0.512478 0.076036 0.008620
v -0.511899 0.061801 0.006837
v -0.510201 0.048536 0.001612
v -0.507500 0.037145 -0.006701
v -0.503980 0.028405 -0.017534
v -0.499881 0.022910 -0.030150
v -0.503849 0.129162 -0.032172
v -0.511646 0.123667 -0.021441
v -0.518342 0.114927 -0.012225
v -0.523479 0.103536 -0.005154
v -0.526709 0.090271 -0.000709
v -0.527810 0.076036 0.000807
v -0.526709 0.061801 -0.000709
v -0.523479 0.048536 -0.005154
v -0.518342 0.037145 -0.012225
v -0.511646 0.028405 -0.021441
v -0.503849 0.022910 -0.032172
v -0.506999 0.129162 -0.035321
v -0.517730 0.123667 -0.027524
v -0.526946 0.114927 -0.020829
v -0.534017 0.103536 -0.015691
v -0.538462 0.090271 -0.012462
v -0.539978 0.076036 -0.011360
v -0.538462 0.061801 -0.012462
v -0.534017 0.048536 -0.015691
v -0.526946 0.037145 -0.020829
v -0.517730 0.028405 -0.027524
v -0.506999 0.022910 -0.035321
v -0.509021 0.129162 -0.039290
v -0.521636 0.123667 -0.035191
v -0.532470 0.114927 -0.031671
v -0.540782 0.103536 -0.028970
v -0.546008 0.090271 -0.027272
v -0.547790 0.076036 -0.026693
v -0.546008 0.061801 -0.027272
v -0.540782 0.048536 -0.028970
v -0.532470 0.037145 -0.031671
v -0.521636 0.028405 -0.035191
v -0.509021 0.022910 -0.039290
v -0.509717 0.129162 -0.043689
v -0.522982 0.123667 -0.043689
v -0.534373 0.114927 -0.043689
v -0.543114 0.103536 -0.043689
v -0.548608 0.090271 -0.043689
v -0.550482 0.076036 -0.043689
v -0.548608 0.061801 -0.043689
v -0.543114 0.048536 -0.043689
v -0.534373 0.037145 -0.043689
v -0.522982 0.028405 -0.043689
v -0.509717 0.022910 -0.043689
v -0.509021 0.129162 -0.048087
v -0.521636 0.123667 -0.052187
v -0.532470 0.114927 -0.055706
v -0.540782 0.103536 -0.058407
v -0.546008 0.090271 -0.060105
v -0.547790 0.076036 -0.060684
v -0.546008 0.061801 -0.060105
v -0.540782 0.048536 -0.058407
v -0.532470 0.037145 -0.055706
v -0.521636 0.028405 -0.052187
v -0.509021 0.022910 -0.048087
v -0.506999 0.129162 -0.052056
v -0.517730 0.123667 -0.059853
v -0.526946 0.114927 -0.066548
v -0.534017 0.103536 -0.071686
v -0.538462 0.090271 -0.074915
v -0.539978 0.076036 -0.076017
v -0.538462 0.061801 -0.074915
v -0.534017 0.048536 -0.071686
v -0.526946 0.037145 -0.066548
v -0.517730 0.028405 -0.059853
v -0.506999 0.022910 -0.052056
v -0.503849 0.129162 -0.055205
v -0.511646 0.123667 -0.065937
v -0.518342 0.114927 -0.075152
v -0.523479 0.103536 -0.082223
v -0.526709 0.090271 -0.086668
v -0.527810 0.076036 -0.088184
v -0.526709 0.061801 -0.086668
v -0.523479 0.048536 -0.082223
v -0.518342 0.037145 -0.075152
v -0.511646 0.028405 -0.065937
v -0.503849 0.022910 -0.055205
v -0.499881 0.129162 -0.057227
v -0.503980 0.123667 -0.069843
v -0.507500 0.114927 -0.080676
v -0.510201 0.103536 -0.088989
v -0.511899 0.090271 -0.094214
v -0.512478 0.076036 -0.095997
v -0.511899 0.061801 -0.094214
v -0.510201 0.048536 -0.088989
v -0.507500 0.037145 -0.080676
v -0.503980 0.028405 -0.069843
v -0.499881 0.022910 -0.057227
v -0.495482 0.114927 -0.082579
v -0.495482 0.103536 -0.091320
v -0.495482 0.048536 -0.091320
v -0.495482 0.037145 -0.082579
v -0.110000 0.256096 -0.307176
v -0.110000 0.245606 -0.332500
v -0.110000 0.181850 -0.381422
v -0.110000 0.154674 -0.385000
v -0.110000 0.127498 -0.381422
v -0.110000 0.063741 -0.332500
v -0.110000 0.053252 -0.307176
v -0.101602 0.256096 -0.305846
v -0.093777 0.245606 -0.329930
v -0.087057 0.228920 -0.350612
v -0.081900 0.207174 -0.366482
v -0.078659 0.181850 -0.376458
v -0.077553 0.154674 -0.379861
v -0.078659 0.127498 -0.376458
v -0.081900 0.102174 -0.366482
v -0.087057 0.080428 -0.350612
v -0.093777 0.063741 -0.329930
v -0.101602 0.053252 -0.305846
v -0.094026 0.256096 -0.301986
v -0.079141 0.245606 -0.322473
v -0.066359 0.228920 -0.340066
v -0.056551 0.207174 -0.353566
v -0.050386 0.181850 -0.362052
v -0.048283 0.154674 -0.364947
v -0.050386 0.127498 -0.362052
v -0.056551 0.102174 -0.353566
v -0.066359 0.080428 -0.340066
v -0.079141 0.063741 -0.322473
v -0.094026 0.053252 -0.301986
v -0.110000 0.049674 -0.280000
v -0.088014 0.256096 -0.295974
v -0.067527 0.245606 -0.310859
v -0.049934 0.228920 -0.323641
v -0.036434 0.207174 -0.333449
v -0.027948 0.181850 -0.339615
v -0.025053 0.154674 -0.341717
v -0.027948 0.127498 -0.339615
v -0.036434 0.102174 -0.333449
v -0.049934 0.080428 -0.323641
v -0.067527 0.063741 -0.310859
v -0.088014 0.053252 -0.295974
v -0.084154 0.256096 -0.288398
v -0.060070 0.245606 -0.296223
v -0.039388 0.228920 -0.302943
v -0.023518 0.207174 -0.308100
v -0.013542 0.181850 -0.311341
v -0.010139 0.154674 -0.312447
v -0.013542 0.127498 -0.311341
v -0.023518 0.102174 -0.308100
v -0.039388 0.080428 -0.302943
v -0.060070 0.063741 -0.296223
v -0.084154 0.053252 -0.288398
v -0.082824 0.256096 -0.280000
v -0.057500 0.245606 -0.280000
v -0.035754 0.228920 -0.280000
v -0.019067 0.207174 -0.280000
v -0.008578 0.181850 -0.280000
v -0.005000 0.154674 -0.280000
v -0.008578 0.127498 -0.280000
v -0.019067 0.102174 -0.280000
v -0.035754 0.080428 -0.280000
v -0.057500 0.063741 -0.280000
v -0.082824 0.053252 -0.280000
v -0.084154 0.256096 -0.271602
v -0.060070 0.245606 -0.263777
v -0.039388 0.228920 -0.257057
v -0.023518 0.207174 -0.251900
v -0.013542 0.181850 -0.248659
v -0.010139 0.154674 -0.247553
v -0.013542 0.127498 -0.248659
v -0.023518 0.102174 -0.251900
v -0.039388 0.080428 -0.257057
v -0.060070 0.063741 -0.263777
v -0.084154 0.053252 -0.271602
v -0.088014 0.256096 -0.264026
v -0.067527 0.245606 -0.249141
v -0.049934 0.228920 -0.236359
v -0.036434 0.207174 -0.226551
v -0.027948 0.181850 -0.220386
v -0.025053 0.154674 -0.218283
v -0.027948 0.127498 -0.220386
v -0.036434 0.102174 -0.226551
v -0.049934 0.080428 -0.236359
v -0.067527 0.063741 -0.249141
v -0.088014 0.053252 -0.264026
v -0.094026 0.256096 -0.258014
v -0.079141 0.245606 -0.237527
v -0.066359 0.228920 -0.219934
v -0.056551 0.207174 -0.206434
v -0.050386 0.181850 -0.197948
v -0.048283 0.154674 -0.195053
v -0.050386 0.127498 -0.197948
v -0.056551 0.102174 -0.206434
v -0.066359 0.080428 -0.219934
v -0.079141 0.063741 -0.237527
v -0.094026 0.053252 -0.258014
v -0.101602 0.256096 -0.254154
v -0.093777 0.245606 -0.230070
v -0.087057 0.228920 -0.209388
v -0.081900 0.207174 -0.193518
v -0.078659 0.181850 -0.183542
v -0.077553 0.154674 -0.180139
v -0.078659 0.127498 -0.183542
v -0.081900 0.102174 -0.193518
v -0.087057 0.080428 -0.209388
v -0.093777 0.063741 -0.230070
v -0.101602 0.053252 -0.254154
v -0.110000 0.259674 -0.280000
v -0.110000 0.256096 -0.252824
v -0.110000 0.245606 -0.227500
v -0.110000 0.228920 -0.205754
v -0.110000 0.207174 -0.189067
v -0.110000 0.181850 -0.178578
v -0.110000 0.154674 -0.175000
v -0.110000 0.127498 -0.178578
v -0.110000 0.102174 -0.189067
v -0.110000 0.080428 -0.205754
v -0.110000 0.063741 -0.227500
v -0.110000 0.053252 -0.252824
v -0.118398 0.256096 -0.254154
v -0.126223 0.245606 -0.230070
v -0.132943 0.228920 -0.209388
v -0.138100 0.207174 -0.193518
v -0.141341 0.181850 -0.183542
v -0.142447 0.154674 -0.180139
v -0.141341 0.127498 -0.183542
v -0.138100 0.102174 -0.193518
v -0.132943 0.080428 -0.209388
v -0.126223 0.063741 -0.230070
v -0.118398 0.053252 -0.254154
v -0.125974 0.256096 -0.258014
v -0.140859 0.245606 -0.237527
v -0.153641 0.228920 -0.219934
v -0.163449 0.207174 -0.206434
v -0.169615 0.181850 -0.197948
v -0.171717 0.154674 -0.195053
v -0.169615 0.127498 -0.197948
v -0.163449 0.102174 -0.206434
v -0.153641 0.080428 -0.219934
v -0.140859 0.063741 -0.237527
v -0.125974 0.053252 -0.258014
v -0.131986 0.256096 -0.264026
v -0.152473 0.245606 -0.249141
v -0.170066 0.228920 -0.236359
v -0.183566 0.207174 -0.226551
v -0.192052 0.181850 -0.220386
v -0.194947 0.154674 -0.218283
v -0.192052 0.127498 -0.220386
v -0.183566 0.102174 -0.226551
v -0.170066 0.080428 -0.236359
v -0.152473 0.063741 -0.249141
v -0.131986 0.053252 -0.264026
v -0.135846 0.256096 -0.271602
v -0.159930 0.245606 -0.263777
v -0.180612 0.228920 -0.257057
v -0.196482 0.207174 -0.251900
v -0.206458 0.181850 -0.248659
v -0.209861 0.154674 -0.247553
v -0.206458 0.127498 -0.248659
v -0.196482 0.102174 -0.251900
v -0.180612 0.080428 -0.257057
v -0.159930 0.063741 -0.263777
v -0.135846 0.053252 -0.271602
v -0.137176 0.256096 -0.280000
v -0.162500 0.245606 -0.280000
v -0.184246 0.228920 -0.280000
v -0.200933 0.207174 -0.280000
v -0.211422 0.181850 -0.280000
v -0.215000 0.154674 -0.280000
v -0.211422 0.127498 -0.280000
v -0.200933 0.102174 -0.280000
v -0.184246 0.080428 -0.280000
v -0.162500 0.063741 -0.280000
v -0.137176 0.053252 -0.280000
v -0.135846 0.256096 -0.288398
v -0.159930 0.245606 -0.296223
v -0.180612 0.228920 -0.302943
v -0.196482 0.207174 -0.308100
v -0.206458 0.181850 -0.311341
v -0.209861 0.154674 -0.312447
v -0.206458 0.127498 -0.311341
v -0.196482 0.102174 -0.308100
v -0.180612 0.080428 -0.302943
v -0.159930 0.063741 -0.296223
v -0.135846 0.053252 -0.288398
v -0.131986 0.256096 -0.295974
v -0.152473 0.245606 -0.310859
v -0.170066 0.228920 -0.323641
v -0.183566 0.207174 -0.333449
v -0.192052 0.181850 -0.339615
v -0.194947 0.154674 -0.341718
v -0.192052 0.127498 -0.339615
v -0.183566 0.102174 -0.333449
v -0.170066 0.080428 -0.323641
v -0.152473 0.063741 -0.310859
v -0.131986 0.053252 -0.295974
v -0.125974 0.256096 -0.301986
v -0.140859 0.245606 -0.322473
v -0.153641 0.228920 -0.340066
v -0.163449 0.207174 -0.353566
v -0.169615 0.181850 -0.362052
v -0.171717 0.154674 -0.364947
v -0.169615 0.127498 -0.362052
v -0.163449 0.102174 -0.353566
v -0.153641 0.080428 -0.340066
v -0.140859 0.063741 -0.322473
v -0.125974 0.053252 -0.301986
v -0.118398 0.256096 -0.305846
v -0.126223 0.245606 -0.329931
v -0.132943 0.228920 -0.350612
v -0.138100 0.207174 -0.366482
v -0.141341 0.181850 -0.376458
v -0.142447 0.154674 -0.379861
v -0.141341 0.127498 -0.376458
v -0.138100 0.102174 -0.366482
v -0.132943 0.080428 -0.350612
v -0.126223 0.063741 -0.329931
v -0.118398 0.053252 -0.305846
v -0.110000 0.228920 -0.354246
v -0.110000 0.207174 -0.370933
v -0.110000 0.102174 -0.370933
v -0.110000 0.080428 -0.354246
v -0.110170 0.236420 -0.286449
v -0.120207 0.224364 -0.667865
v -0.131380 0.233634 -0.285671
v -0.146073 0.220967 -0.666916
v -0.151133 0.225468 -0.284507
v -0.170162 0.211008 -0.665496
v -0.168083 0.212477 -0.283035
v -0.190833 0.195165 -0.663701
v -0.181074 0.195547 -0.281356
v -0.206676 0.174519 -0.661654
v -0.189222 0.175831 -0.279586
v -0.216613 0.150475 -0.659495
v -0.191972 0.154674 -0.277843
v -0.219965 0.124674 -0.657369
v -0.189135 0.133516 -0.276247
v -0.216506 0.098872 -0.655423
v -0.180905 0.113801 -0.274907
v -0.206469 0.074829 -0.653789
v -0.167843 0.096871 -0.273914
v -0.190540 0.054182 -0.652579
v -0.150839 0.083880 -0.273336
v -0.169803 0.038340 -0.651874
v -0.131052 0.075713 -0.273212
v -0.145673 0.028381 -0.651722
v -0.109830 0.072928 -0.273551
v -0.119793 0.024984 -0.652135
v -0.088620 0.075713 -0.274329
v -0.093927 0.028381 -0.653084
v -0.068867 0.083880 -0.275493
v -0.069838 0.038340 -0.654504
v -0.051917 0.096871 -0.276965
v -0.049167 0.054182 -0.656299
v -0.038926 0.113801 -0.278644
v -0.033324 0.074829 -0.658346
v -0.030778 0.133516 -0.280414
v -0.023387 0.098872 -0.660505
v -0.028028 0.154674 -0.282157
v -0.020035 0.124674 -0.662631
v -0.030865 0.175831 -0.283753
v -0.023494 0.150475 -0.664577
v -0.039095 0.195547 -0.285093
v -0.033531 0.174519 -0.666211
v -0.052157 0.212477 -0.286086
v -0.049460 0.195165 -0.667421
v -0.069161 0.225468 -0.286664
v -0.070197 0.211008 -0.668127
v -0.088948 0.233634 -0.286788
v -0.094327 0.220967 -0.668278
v -0.120000 0.206778 -0.682000
v -0.120000 0.198286 -0.702500
v -0.120000 0.146673 -0.742104
v -0.120000 0.124674 -0.745000
v -0.120000 0.102674 -0.742104
v -0.120000 0.051062 -0.702500
v -0.120000 0.042570 -0.682000
v -0.113202 0.206778 -0.680923
v -0.106867 0.198286 -0.700420
v -0.101427 0.184778 -0.717162
v -0.097253 0.167174 -0.730009
v -0.094629 0.146673 -0.738085
v -0.093734 0.124674 -0.740840
v -0.094629 0.102674 -0.738085
v -0.097253 0.082174 -0.730009
v -0.101427 0.064570 -0.717162
v -0.106867 0.051062 -0.700420
v -0.113202 0.042570 -0.680923
v -0.107069 0.206778 -0.677798
v -0.095019 0.198286 -0.694383
v -0.084672 0.184778 -0.708625
v -0.076732 0.167174 -0.719554
v -0.071741 0.146673 -0.726423
v -0.070038 0.124674 -0.728767
v -0.071741 0.102674 -0.726423
v -0.076732 0.082174 -0.719554
v -0.084672 0.064570 -0.708625
v -0.095019 0.051062 -0.694383
v -0.107069 0.042570 -0.677798
v -0.120000 0.039674 -0.660000
v -0.102202 0.206778 -0.672931
v -0.085617 0.198286 -0.684981
v -0.071375 0.184778 -0.695328
v -0.060447 0.167174 -0.703268
v -0.053577 0.146673 -0.708259
v -0.051234 0.124674 -0.709962
v -0.053577 0.102674 -0.708259
v -0.060447 0.082174 -0.703268
v -0.071375 0.064570 -0.695328
v -0.085617 0.051062 -0.684981
v -0.102202 0.042570 -0.672931
v -0.099077 0.206778 -0.666798
v -0.079580 0.198286 -0.673133
v -0.062838 0.184778 -0.678573
v -0.049991 0.167174 -0.682747
v -0.041915 0.146673 -0.685371
v -0.039160 0.124674 -0.686266
v -0.041915 0.102674 -0.685371
v -0.049991 0.082174 -0.682747
v -0.062838 0.064570 -0.678573
v -0.079580 0.051062 -0.673133
v -0.099077 0.042570 -0.666798
v -0.098000 0.206778 -0.660000
v -0.077500 0.198286 -0.660000
v -0.059896 0.184778 -0.660000
v -0.046388 0.167174 -0.660000
v -0.037896 0.146673 -0.660000
v -0.035000 0.124674 -0.660000
v -0.037896 0.102674 -0.660000
v -0.046388 0.082174 -0.660000
v -0.059896 0.064570 -0.660000
v -0.077500 0.051062 -0.660000
v -0.098000 0.042570 -0.660000
v -0.099077 0.206778 -0.653202
v -0.079580 0.198286 -0.646867
v -0.062838 0.184778 -0.641427
v -0.049991 0.167174 -0.637253
v -0.041915 0.146673 -0.634629
v -0.039160 0.124674 -0.633734
v -0.041915 0.102674 -0.634629
v -0.049991 0.082174 -0.637253
v -0.062838 0.064570 -0.641427
v -0.079580 0.051062 -0.646867
v -0.099077 0.042570 -0.653202
v -0.102202 0.206778 -0.647069
v -0.085617 0.198286 -0.635019
v -0.071375 0.184778 -0.624672
v -0.060446 0.167174 -0.616732
v -0.053577 0.146673 -0.611741
v -0.051234 0.124674 -0.610038
v -0.053577 0.102674 -0.611741
v -0.060446 0.082174 -0.616732
v -0.071375 0.064570 -0.624672
v -0.085617 0.051062 -0.635019
v -0.102202 0.042570 -0.647069
v -0.107069 0.206778 -0.642202
v -0.095019 0.198286 -0.625617
v -0.084672 0.184778 -0.611375
v -0.076732 0.167174 -0.600447
v -0.071741 0.146673 -0.593577
v -0.070038 0.124674 -0.591234
v -0.071741 0.102674 -0.593577
v -0.076732 0.082174 -0.600447
v -0.084672 0.064570 -0.611375
v -0.095019 0.051062 -0.625617
v -0.107069 0.042570 -0.642202
v -0.113202 0.206778 -0.639077
v -0.106867 0.198286 -0.619580
v -0.101427 0.184778 -0.602838
v -0.097253 0.167174 -0.589991
v -0.094629 0.146673 -0.581915
v -0.093734 0.124674 -0.579160
v -0.094629 0.102674 -0.581915
v -0.097253 0.082174 -0.589991
v -0.101427 0.064570 -0.602838
v -0.106867 0.051062 -0.619580
v -0.113202 0.042570 -0.639077
v -0.120000 0.209674 -0.660000
v -0.120000 0.206778 -0.638000
v -0.120000 0.198286 -0.617500
v -0.120000 0.184778 -0.599896
v -0.120000 0.167174 -0.586388
v -0.120000 0.146673 -0.577896
v -0.120000 0.124674 -0.575000
v -0.120000 0.102674 -0.577896
v -0.120000 0.082174 -0.586388
v -0.120000 0.064570 -0.599896
v -0.120000 0.051062 -0.617500
v -0.120000 0.042570 -0.638000
v -0.126798 0.206778 -0.639077
v -0.133133 0.198286 -0.619580
v -0.138573 0.184778 -0.602838
v -0.142747 0.167174 -0.589991
v -0.145371 0.146673 -0.581915
v -0.146266 0.124674 -0.579160
v -0.145371 0.102674 -0.581915
v -0.142747 0.082174 -0.589991
v -0.138573 0.064570 -0.602838
v -0.133133 0.051062 -0.619580
v -0.126798 0.042570 -0.639077
v -0.132931 0.206778 -0.642202
v -0.144981 0.198286 -0.625617
v -0.155328 0.184778 -0.611375
v -0.163268 0.167174 -0.600447
v -0.168259 0.146673 -0.593577
v -0.169962 0.124674 -0.591234
v -0.168259 0.102674 -0.593577
v -0.163268 0.082174 -0.600447
v -0.155328 0.064570 -0.611375
v -0.144981 0.051062 -0.625617
v -0.132931 0.042570 -0.642202
v -0.137798 0.206778 -0.647069
v -0.154383 0.198286 -0.635019
v -0.168625 0.184778 -0.624672
v -0.179554 0.167174 -0.616732
v -0.186423 0.146673 -0.611741
v -0.188766 0.124674 -0.610038
v -0.186423 0.102674 -0.611741
v -0.179554 0.082174 -0.616732
v -0.168625 0.064570 -0.624672
v -0.154383 0.051062 -0.635019
v -0.137798 0.042570 -0.647069
v -0.140923 0.206778 -0.653202
v -0.160420 0.198286 -0.646867
v -0.177162 0.184778 -0.641427
v -0.190009 0.167174 -0.637253
v -0.198085 0.146673 -0.634629
v -0.200840 0.124674 -0.633734
v -0.198085 0.102674 -0.634629
v -0.190009 0.082174 -0.637253
v -0.177162 0.064570 -0.641427
v -0.160420 0.051062 -0.646867
v -0.140923 0.042570 -0.653202
v -0.142000 0.206778 -0.660000
v -0.162500 0.198286 -0.660000
v -0.180104 0.184778 -0.660000
v -0.193612 0.167174 -0.660000
v -0.202104 0.146673 -0.660000
v -0.205000 0.124674 -0.660000
v -0.202104 0.102674 -0.660000
v -0.193612 0.082174 -0.660000
v -0.180104 0.064570 -0.660000
v -0.162500 0.051062 -0.660000
v -0.142000 0.042570 -0.660000
v -0.140923 0.206778 -0.666798
v -0.160420 0.198286 -0.673133
v -0.177162 0.184778 -0.678573
v -0.190009 0.167174 -0.682747
v -0.198085 0.146673 -0.685371
v -0.200840 0.124674 -0.686266
v -0.198085 0.102674 -0.685371
v -0.190009 0.082174 -0.682747
v -0.177162 0.064570 -0.678573
v -0.160420 0.051062 -0.673133
v -0.140923 0.042570 -0.666798
v -0.137798 0.206778 -0.672931
v -0.154383 0.198286 -0.684981
v -0.168625 0.184778 -0.695328
v -0.179554 0.167174 -0.703268
v -0.186423 0.146673 -0.708259
v -0.188766 0.124674 -0.709962
v -0.186423 0.102674 -0.708259
v -0.179554 0.082174 -0.703268
v -0.168625 0.064570 -0.695328
v -0.154383 0.051062 -0.684981
v -0.137798 0.042570 -0.672931
v -0.132931 0.206778 -0.677798
v -0.144981 0.198286 -0.694383
v -0.155328 0.184778 -0.708625
v -0.163268 0.167174 -0.719554
v -0.168259 0.146673 -0.726423
v -0.169962 0.124674 -0.728767
v -0.168259 0.102674 -0.726423
v -0.163268 0.082174 -0.719554
v -0.155328 0.064570 -0.708625
v -0.144981 0.051062 -0.694383
v -0.132931 0.042570 -0.677798
v -0.126798 0.206778 -0.680923
v -0.133133 0.198286 -0.700420
v -0.138573 0.184778 -0.717162
v -0.142747 0.167174 -0.730009
v -0.145371 0.146673 -0.738085
v -0.146266 0.124674 -0.740840
v -0.145371 0.102674 -0.738085
v -0.142747 0.082174 -0.730009
v -0.138573 0.064570 -0.717162
v -0.133133 0.051062 -0.700420
v -0.126798 0.042570 -0.680923
v -0.120000 0.184778 -0.720104
v -0.120000 0.167174 -0.733612
v -0.120000 0.082174 -0.733612
v -0.120000 0.064570 -0.720104
v -0.119752 0.184457 -0.665091
v -0.099669 0.169385 -1.076788
v -0.135271 0.182420 -0.665675
v -0.120361 0.166669 -1.077566
v -0.149749 0.176447 -0.665871
v -0.139666 0.158705 -1.077828
v -0.162200 0.166947 -0.665667
v -0.156267 0.146038 -1.077556
v -0.171776 0.154565 -0.665077
v -0.169034 0.129529 -1.076770
v -0.177822 0.140147 -0.664142
v -0.177097 0.110305 -1.075522
v -0.179929 0.124674 -0.662923
v -0.179905 0.089674 -1.073898
v -0.177951 0.109201 -0.661506
v -0.177268 0.069043 -1.072008
v -0.172024 0.094782 -0.659986
v -0.169365 0.049818 -1.069981
v -0.162552 0.082401 -0.658467
v -0.156736 0.033310 -1.067956
v -0.150179 0.072900 -0.657053
v -0.140239 0.020642 -1.066070
v -0.135751 0.066928 -0.655839
v -0.121001 0.012679 -1.064452
v -0.120248 0.064891 -0.654909
v -0.100331 0.009963 -1.063212
v -0.104729 0.066928 -0.654326
v -0.079639 0.012679 -1.062434
v -0.090251 0.072900 -0.654129
v -0.060334 0.020642 -1.062172
v -0.077800 0.082401 -0.654333
v -0.043733 0.033310 -1.062444
v -0.068224 0.094782 -0.654923
v -0.030966 0.049818 -1.063230
v -0.062178 0.109201 -0.655859
v -0.022903 0.069043 -1.064478
v -0.060071 0.124674 -0.657077
v -0.020095 0.089674 -1.066102
v -0.062049 0.140147 -0.658494
v -0.022732 0.110304 -1.067992
v -0.067976 0.154565 -0.660014
v -0.030635 0.129529 -1.070019
v -0.077448 0.166947 -0.661533
v -0.043264 0.146038 -1.072044
v -0.089821 0.176447 -0.662948
v -0.059761 0.158705 -1.073930
v -0.104249 0.182420 -0.664161
v -0.078999 0.166669 -1.075548
v -0.100000 0.149561 -1.086047
v -0.100000 0.143367 -1.101000
v -0.100000 0.105721 -1.129887
v -0.100000 0.089674 -1.132000
v -0.100000 0.073627 -1.129887
v -0.100000 0.035980 -1.101000
v -0.100000 0.029786 -1.086047
v -0.095041 0.149561 -1.085261
v -0.090420 0.143367 -1.099483
v -0.086453 0.133514 -1.111695
v -0.083408 0.120674 -1.121066
v -0.081494 0.105721 -1.126956
v -0.080841 0.089674 -1.128966
v -0.081494 0.073627 -1.126956
v -0.083408 0.058674 -1.121066
v -0.086453 0.045833 -1.111695
v -0.090420 0.035980 -1.099483
v -0.095041 0.029786 -1.085261
v -0.090568 0.149561 -1.082982
v -0.081779 0.143367 -1.095080
v -0.074231 0.133514 -1.105468
v -0.068440 0.120674 -1.113439
v -0.064799 0.105721 -1.118450
v -0.063557 0.089674 -1.120159
v -0.064799 0.073627 -1.118450
v -0.068440 0.058674 -1.113439
v -0.074231 0.045833 -1.105468
v -0.081779 0.035980 -1.095080
v -0.090568 0.029786 -1.082982
v -0.100000 0.027674 -1.070000
v -0.087018 0.149561 -1.079432
v -0.074920 0.143367 -1.088221
v -0.064532 0.133514 -1.095769
v -0.056561 0.120674 -1.101560
v -0.051550 0.105721 -1.105201
v -0.049841 0.089674 -1.106443
v -0.051550 0.073627 -1.105201
v -0.056561 0.058674 -1.101560
v -0.064532 0.045833 -1.095769
v -0.074920 0.035980 -1.088221
v -0.087018 0.029786 -1.079432
v -0.084739 0.149561 -1.074959
v -0.070517 0.143367 -1.079580
v -0.058305 0.133514 -1.083548
v -0.048934 0.120674 -1.086592
v -0.043044 0.105721 -1.088506
v -0.041034 0.089674 -1.089159
v -0.043044 0.073627 -1.088506
v -0.048934 0.058674 -1.086592
v -0.058305 0.045833 -1.083548
v -0.070517 0.035980 -1.079580
v -0.084739 0.029786 -1.074959
v -0.083953 0.149561 -1.070000
v -0.069000 0.143367 -1.070000
v -0.056159 0.133514 -1.070000
v -0.046306 0.120674 -1.070000
v -0.040113 0.105721 -1.070000
v -0.038000 0.089674 -1.070000
v -0.040113 0.073627 -1.070000
v -0.046306 0.058674 -1.070000
v -0.056159 0.045833 -1.070000
v -0.069000 0.035980 -1.070000
v -0.083953 0.029786 -1.070000
v -0.084739 0.149561 -1.065041
v -0.070517 0.143367 -1.060421
v -0.058305 0.133514 -1.056453
v -0.048934 0.120674 -1.053408
v -0.043044 0.105721 -1.051494
v -0.041034 0.089674 -1.050841
v -0.043044 0.073627 -1.051494
v -0.048934 0.058674 -1.053408
v -0.058305 0.045833 -1.056453
v -0.070517 0.035980 -1.060421
v -0.084739 0.029786 -1.065041
v -0.087018 0.149561 -1.060568
v -0.074920 0.143367 -1.051779
v -0.064532 0.133514 -1.044231
v -0.056561 0.120674 -1.038440
v -0.051550 0.105721 -1.034799
v -0.049841 0.089674 -1.033557
v -0.051550 0.073627 -1.034799
v -0.056561 0.058674 -1.038440
v -0.064532 0.045833 -1.044231
v -0.074920 0.035980 -1.051779
v -0.087018 0.029786 -1.060568
v -0.090568 0.149561 -1.057018
v -0.081779 0.143367 -1.044921
v -0.074231 0.133514 -1.034532
v -0.068440 0.120674 -1.026561
v -0.064799 0.105721 -1.021550
v -0.063557 0.089674 -1.019841
v -0.064799 0.073627 -1.021550
v -0.068440 0.058674 -1.026561
v -0.074231 0.045833 -1.034532
v -0.081779 0.035980 -1.044921
v -0.090568 0.029786 -1.057018
v -0.095041 0.149561 -1.054739
v -0.090420 0.143367 -1.040517
v -0.086452 0.133514 -1.028305
v -0.083408 0.120674 -1.018934
v -0.081494 0.105721 -1.013044
v -0.080841 0.089674 -1.011034
v -0.081494 0.073627 -1.013044
v -0.083408 0.058674 -1.018934
v -0.086452 0.045833 -1.028305
v -0.090420 0.035980 -1.040517
v -0.095041 0.029786 -1.054739
v -0.100000 0.151674 -1.070000
v -0.100000 0.149561 -1.053953
v -0.100000 0.143367 -1.039000
v -0.100000 0.133514 -1.026159
v -0.100000 0.120674 -1.016306
v -0.100000 0.105721 -1.010113
v -0.100000 0.089674 -1.008000
v -0.100000 0.073627 -1.010113
v -0.100000 0.058674 -1.016306
v -0.100000 0.045833 -1.026159
v -0.100000 0.035980 -1.039000
v -0.100000 0.029786 -1.053953
v -0.104959 0.149561 -1.054739
v -0.109580 0.143367 -1.040517
v -0.113547 0.133514 -1.028305
v -0.116592 0.120674 -1.018934
v -0.118506 0.105721 -1.013044
v -0.119159 0.089674 -1.011034
v -0.118506 0.073627 -1.013044
v -0.116592 0.058674 -1.018934
v -0.113547 0.045833 -1.028305
v -0.109580 0.035980 -1.040517
v -0.104959 0.029786 -1.054739
v -0.109432 0.149561 -1.057018
v -0.118221 0.143367 -1.044921
v -0.125769 0.133514 -1.034532
v -0.131560 0.120674 -1.026561
v -0.135201 0.105721 -1.021550
v -0.136443 0.089674 -1.019841
v -0.135201 0.073627 -1.021550
v -0.131560 0.058674 -1.026561
v -0.125769 0.045833 -1.034532
v -0.118221 0.035980 -1.044921
v -0.109432 0.029786 -1.057018
v -0.112982 0.149561 -1.060568
v -0.125080 0.143367 -1.051779
v -0.135468 0.133514 -1.044231
v -0.143439 0.120674 -1.038440
v -0.148450 0.105721 -1.034799
v -0.150159 0.089674 -1.033557
v -0.148450 0.073627 -1.034799
v -0.143439 0.058674 -1.038440
v -0.135468 0.045833 -1.044231
v -0.125080 0.035980 -1.051779
v -0.112982 0.029786 -1.060568
v -0.115261 0.149561 -1.065041
v -0.129483 0.143367 -1.060421
v -0.141695 0.133514 -1.056453
v -0.151066 0.120674 -1.053408
v -0.156956 0.105721 -1.051494
v -0.158966 0.089674 -1.050841
v -0.156956 0.073627 -1.051494
v -0.151066 0.058674 -1.053408
v -0.141695 0.045833 -1.056453
v -0.129483 0.035980 -1.060421
v -0.115261 0.029786 -1.065041
v -0.116047 0.149561 -1.070000
v -0.131000 0.143367 -1.070000
v -0.143841 0.133514 -1.070000
v -0.153694 0.120674 -1.070000
v -0.159887 0.105721 -1.070000
v -0.162000 0.089674 -1.070000
v -0.159887 0.073627 -1.070000
v -0.153694 0.058674 -1.070000
v -0.143841 0.045833 -1.070000
v -0.131000 0.035980 -1.070000
v -0.116047 0.029786 -1.070000
v -0.115261 0.149561 -1.074959
v -0.129483 0.143367 -1.079580
v -0.141695 0.133514 -1.083548
v -0.151066 0.120674 -1.086592
v -0.156956 0.105721 -1.088506
v -0.158966 0.089674 -1.089159
v -0.156956 0.073627 -1.088506
v -0.151066 0.058674 -1.086592
v -0.141695 0.045833 -1.083548
v -0.129483 0.035980 -1.079580
v -0.115261 0.029786 -1.074959
v -0.112982 0.149561 -1.079432
v -0.125080 0.143367 -1.088221
v -0.135468 0.133514 -1.095769
v -0.143439 0.120674 -1.101560
v -0.148450 0.105721 -1.105201
v -0.150159 0.089674 -1.106443
v -0.148450 0.073627 -1.105201
v -0.143439 0.058674 -1.101560
v -0.135468 0.045833 -1.095769
v -0.125080 0.035980 -1.088221
v -0.112982 0.029786 -1.079432
v -0.109432 0.149561 -1.082982
v -0.118221 0.143367 -1.095080
v -0.125769 0.133514 -1.105468
v -0.131560 0.120674 -1.113439
v -0.135201 0.105721 -1.118450
v -0.136443 0.089674 -1.120159
v -0.135201 0.073627 -1.118450
v -0.131560 0.058674 -1.113439
v -0.125769 0.045833 -1.105468
v -0.118221 0.035980 -1.095080
v -0.109432 0.029786 -1.082982
v -0.104959 0.149561 -1.085261
v -0.109580 0.143367 -1.099483
v -0.113548 0.133514 -1.111695
v -0.116592 0.120674 -1.121066
v -0.118506 0.105721 -1.126956
v -0.119159 0.089674 -1.128966
v -0.118506 0.073627 -1.126956
v -0.116592 0.058674 -1.121066
v -0.113548 0.045833 -1.111695
v -0.109580 0.035980 -1.099483
v -0.104959 0.029786 -1.085261
v -0.100000 0.133514 -1.113841
v -0.100000 0.120674 -1.123694
v -0.100000 0.058674 -1.123694
v -0.100000 0.045833 -1.113841
v -0.100000 0.137800 -1.236235
v -0.100000 0.132305 -1.270000
v -0.100000 0.098909 -1.335230
v -0.100000 0.084674 -1.340000
v -0.100000 0.070439 -1.335230
v -0.100000 0.037042 -1.270000
v -0.100000 0.031548 -1.236235
v -0.094002 0.137800 -1.234461
v -0.088412 0.132305 -1.266574
v -0.083612 0.123565 -1.294150
v -0.079929 0.112174 -1.315310
v -0.077613 0.098909 -1.328611
v -0.076824 0.084674 -1.333148
v -0.077613 0.070439 -1.328611
v -0.079929 0.057174 -1.315310
v -0.083612 0.045783 -1.294150
v -0.088412 0.037042 -1.266574
v -0.094002 0.031548 -1.234461
v -0.088590 0.137800 -1.229315
v -0.077958 0.132305 -1.256631
v -0.068828 0.123565 -1.280089
v -0.061822 0.112174 -1.298088
v -0.057418 0.098909 -1.309403
v -0.055916 0.084674 -1.313262
v -0.057418 0.070439 -1.309403
v -0.061822 0.057174 -1.298088
v -0.068828 0.045783 -1.280089
v -0.077958 0.037042 -1.256631
v -0.088590 0.031548 -1.229315
v -0.100000 0.029674 -1.200000
v -0.084296 0.137800 -1.221298
v -0.069662 0.132305 -1.241145
v -0.057095 0.123565 -1.258188
v -0.047453 0.112174 -1.271265
v -0.041391 0.098909 -1.279486
v -0.039324 0.084674 -1.282290
v -0.041391 0.070439 -1.279486
v -0.047453 0.057174 -1.271265
v -0.057095 0.045783 -1.258188
v -0.069662 0.037042 -1.241145
v -0.084296 0.031548 -1.221298
v -0.081539 0.137800 -1.211197
v -0.064335 0.132305 -1.221631
v -0.049563 0.123565 -1.230591
v -0.038227 0.112174 -1.237466
v -0.031101 0.098909 -1.241788
v -0.028671 0.084674 -1.243262
v -0.031101 0.070439 -1.241788
v -0.038227 0.057174 -1.237466
v -0.049563 0.045783 -1.230591
v -0.064335 0.037042 -1.221631
v -0.081539 0.031548 -1.211197
v -0.080589 0.137800 -1.200000
v -0.062500 0.132305 -1.200000
v -0.046967 0.123565 -1.200000
v -0.035048 0.112174 -1.200000
v -0.027556 0.098909 -1.200000
v -0.025000 0.084674 -1.200000
v -0.027556 0.070439 -1.200000
v -0.035048 0.057174 -1.200000
v -0.046967 0.045783 -1.200000
v -0.062500 0.037042 -1.200000
v -0.080589 0.031548 -1.200000
v -0.081539 0.137800 -1.188803
v -0.064335 0.132305 -1.178369
v -0.049563 0.123565 -1.169409
v -0.038227 0.112174 -1.162534
v -0.031101 0.098909 -1.158212
v -0.028671 0.084674 -1.156738
v -0.031101 0.070439 -1.158212
v -0.038227 0.057174 -1.162534
v -0.049563 0.045783 -1.169409
v -0.064335 0.037042 -1.178369
v -0.081539 0.031548 -1.188803
v -0.084296 0.137800 -1.178702
v -0.069662 0.132305 -1.158855
v -0.057095 0.123565 -1.141812
v -0.047453 0.112174 -1.128735
v -0.041391 0.098909 -1.120514
v -0.039324 0.084674 -1.117710
v -0.041391 0.070439 -1.120514
v -0.047453 0.057174 -1.128735
v -0.057095 0.045783 -1.141812
v -0.069662 0.037042 -1.158855
v -0.084296 0.031548 -1.178702
v -0.088590 0.137800 -1.170686
v -0.077958 0.132305 -1.143369
v -0.068828 0.123565 -1.119911
v -0.061822 0.112174 -1.101912
v -0.057418 0.098909 -1.090597
v -0.055916 0.084674 -1.086738
v -0.057418 0.070439 -1.090597
v -0.061822 0.057174 -1.101912
v -0.068828 0.045783 -1.119911
v -0.077958 0.037042 -1.143369
v -0.088590 0.031548 -1.170686
v -0.094002 0.137800 -1.165539
v -0.088412 0.132305 -1.133426
v -0.083612 0.123565 -1.105850
v -0.079929 0.112174 -1.084691
v -0.077613 0.098909 -1.071389
v -0.076824 0.084674 -1.066852
v -0.077613 0.070439 -1.071389
v -0.079929 0.057174 -1.084691
v -0.083612 0.045783 -1.105850
v -0.088412 0.037042 -1.133426
v -0.094002 0.031548 -1.165539
v -0.100000 0.139674 -1.200000
v -0.100000 0.137800 -1.163765
v -0.100000 0.132305 -1.130000
v -0.100000 0.123565 -1.101005
v -0.100000 0.112174 -1.078756
v -0.100000 0.098909 -1.064770
v -0.100000 0.084674 -1.060000
v -0.100000 0.070439 -1.064770
v -0.100000 0.057174 -1.078756
v -0.100000 0.045783 -1.101005
v -0.100000 0.037042 -1.130000
v -0.100000 0.031548 -1.163765
v -0.105998 0.137800 -1.165539
v -0.111588 0.132305 -1.133426
v -0.116388 0.123565 -1.105850
v -0.120071 0.112174 -1.084691
v -0.122387 0.098909 -1.071389
v -0.123176 0.084674 -1.066852
v -0.122387 0.070439 -1.071389
v -0.120071 0.057174 -1.084691
v -0.116388 0.045783 -1.105850
v -0.111588 0.037042 -1.133426
v -0.105998 0.031548 -1.165539
v -0.111410 0.137800 -1.170686
v -0.122042 0.132305 -1.143369
v -0.131172 0.123565 -1.119911
v -0.138178 0.112174 -1.101912
v -0.142582 0.098909 -1.090597
v -0.144084 0.084674 -1.086738
v -0.142582 0.070439 -1.090597
v -0.138178 0.057174 -1.101912
v -0.131172 0.045783 -1.119911
v -0.122042 0.037042 -1.143369
v -0.111410 0.031548 -1.170686
v -0.115704 0.137800 -1.178702
v -0.130338 0.132305 -1.158855
v -0.142905 0.123565 -1.141812
v -0.152547 0.112174 -1.128735
v -0.158609 0.098909 -1.120514
v -0.160676 0.084674 -1.117710
v -0.158609 0.070439 -1.120514
v -0.152547 0.057174 -1.128735
v -0.142905 0.045783 -1.141812
v -0.130338 0.037042 -1.158855
v -0.115704 0.031548 -1.178702
v -0.118461 0.137800 -1.188803
v -0.135665 0.132305 -1.178369
v -0.150437 0.123565 -1.169409
v -0.161773 0.112174 -1.162534
v -0.168899 0.098909 -1.158212
v -0.171329 0.084674 -1.156738
v -0.168899 0.070439 -1.158212
v -0.161773 0.057174 -1.162534
v -0.150437 0.045783 -1.169409
v -0.135665 0.037042 -1.178369
v -0.118461 0.031548 -1.188803
v -0.119411 0.137800 -1.200000
v -0.137500 0.132305 -1.200000
v -0.153033 0.123565 -1.200000
v -0.164952 0.112174 -1.200000
v -0.172444 0.098909 -1.200000
v -0.175000 0.084674 -1.200000
v -0.172444 0.070439 -1.200000
v -0.164952 0.057174 -1.200000
v -0.153033 0.045783 -1.200000
v -0.137500 0.037042 -1.200000
v -0.119411 0.031548 -1.200000
v -0.118461 0.137800 -1.211197
v -0.135665 0.132305 -1.221631
v -0.150437 0.123565 -1.230591
v -0.161773 0.112174 -1.237466
v -0.168899 0.098909 -1.241788
v -0.171329 0.084674 -1.243262
v -0.168899 0.070439 -1.241788
v -0.161773 0.057174 -1.237466
v -0.150437 0.045783 -1.230591
v -0.135665 0.037042 -1.221631
v -0.118461 0.031548 -1.211197
v -0.115704 0.137800 -1.221298
v -0.130338 0.132305 -1.241145
v -0.142905 0.123565 -1.258188
v -0.152547 0.112174 -1.271265
v -0.158609 0.098909 -1.279486
v -0.160676 0.084674 -1.282290
v -0.158609 0.070439 -1.279486
v -0.152547 0.057174 -1.271265
v -0.142905 0.045783 -1.258188
v -0.130338 0.037042 -1.241145
v -0.115704 0.031548 -1.221298
v -0.111410 0.137800 -1.229315
v -0.122042 0.132305 -1.256631
v -0.131172 0.123565 -1.280089
v -0.138178 0.112174 -1.298088
v -0.142582 0.098909 -1.309403
v -0.144084 0.084674 -1.313262
v -0.142582 0.070439 -1.309403
v -0.138178 0.057174 -1.298088
v -0.131172 0.045783 -1.280089
v -0.122042 0.037042 -1.256631
v -0.111410 0.031548 -1.229315
v -0.105998 0.137800 -1.234461
v -0.111588 0.132305 -1.266574
v -0.116388 0.123565 -1.294150
v -0.120071 0.112174 -1.315310
v -0.122387 0.098909 -1.328611
v -0.123176 0.084674 -1.333148
v -0.122387 0.070439 -1.328611
v -0.120071 0.057174 -1.315310
v -0.116388 0.045783 -1.294150
v -0.111588 0.037042 -1.266574
v -0.105998 0.031548 -1.234461
v -0.100000 0.123565 -1.298995
v -0.100000 0.112174 -1.321244
v -0.100000 0.057174 -1.321244
v -0.100000 0.045783 -1.298995
s 1
f 222 15 16
f 3 13 4
f 2 10 219
f 6 16 17
f 5 13 14
f 219 11 220
f 7 17 18
f 1 108 8
f 221 14 15
f 220 12 3
f 30 7 18
f 1 9 2
f 10 22 11
f 18 28 29
f 8 108 19
f 15 25 26
f 11 23 12
f 30 18 29
f 8 20 9
f 16 26 27
f 12 24 13
f 9 21 10
f 17 27 28
f 14 24 25
f 23 36 24
f 20 33 21
f 28 39 40
f 25 36 37
f 21 34 22
f 29 40 41
f 19 108 31
f 26 37 38
f 22 35 23
f 30 29 41
f 19 32 20
f 27 38 39
f 34 46 35
f 30 41 52
f 31 43 32
f 39 49 50
f 35 47 36
f 32 44 33
f 40 50 51
f 37 47 48
f 33 45 34
f 41 51 52
f 31 108 42
f 38 48 49
f 48 58 59
f 44 56 45
f 52 62 63
f 42 108 53
f 49 59 60
f 45 57 46
f 30 52 63
f 42 54 43
f 50 60 61
f 46 58 47
f 43 55 44
f 51 61 62
f 58 68 69
f 55 65 66
f 61 73 62
f 58 70 59
f 56 66 67
f 62 74 63
f 53 108 64
f 59 71 60
f 57 67 68
f 30 63 74
f 54 64 65
f 60 72 61
f 70 82 71
f 68 78 79
f 30 74 85
f 65 75 76
f 71 83 72
f 69 79 80
f 66 76 77
f 72 84 73
f 69 81 70
f 67 77 78
f 73 85 74
f 64 108 75
f 80 92 81
f 78 88 89
f 84 96 85
f 75 108 86
f 81 93 82
f 79 89 90
f 30 85 96
f 76 86 87
f 82 94 83
f 80 90 91
f 77 87 88
f 83 95 84
f 93 105 94
f 91 101 102
f 88 98 99
f 94 106 95
f 91 103 92
f 89 99 100
f 95 107 96
f 86 108 97
f 92 104 93
f 90 100 101
f 30 96 107
f 87 97 98
f 97 108 109
f 103 116 104
f 101 112 113
f 30 107 119
f 98 109 110
f 104 117 105
f 102 113 114
f 99 110 111
f 105 118 106
f 102 115 103
f 100 111 112
f 106 119 107
f 118 128 129
f 115 125 126
f 111 123 112
f 119 129 130
f 109 108 120
f 116 126 127
f 112 124 113
f 30 119 130
f 109 121 110
f 117 127 128
f 113 125 114
f 110 122 111
f 120 132 121
f 128 138 139
f 124 136 125
f 121 133 122
f 129 139 140
f 126 136 137
f 122 134 123
f 130 140 141
f 120 108 131
f 127 137 138
f 123 135 124
f 30 130 141
f 141 151 152
f 131 108 142
f 138 148 149
f 134 146 135
f 30 141 152
f 131 143 132
f 139 149 150
f 135 147 136
f 132 144 133
f 140 150 151
f 137 147 148
f 133 145 134
f 143 155 144
f 151 161 162
f 148 158 159
f 144 156 145
f 152 162 163
f 142 108 153
f 149 159 160
f 145 157 146
f 30 152 163
f 142 154 143
f 150 160 161
f 146 158 147
f 30 163 174
f 153 165 154
f 161 171 172
f 157 169 158
f 154 166 155
f 162 172 173
f 159 169 170
f 155 167 156
f 163 173 174
f 153 108 164
f 160 170 171
f 156 168 157
f 167 177 178
f 173 185 174
f 164 108 175
f 170 182 171
f 168 178 179
f 30 174 185
f 165 175 176
f 171 183 172
f 169 179 180
f 166 176 177
f 172 184 173
f 169 181 170
f 177 187 188
f 183 195 184
f 180 192 181
f 178 188 189
f 184 196 185
f 175 108 186
f 181 193 182
f 179 189 190
f 30 185 196
f 176 186 187
f 182 194 183
f 180 190 191
f 190 200 201
f 30 196 207
f 187 197 198
f 193 205 194
f 191 201 202
f 188 198 199
f 194 206 195
f 191 203 192
f 189 199 200
f 195 207 196
f 186 108 197
f 192 204 193
f 200 210 211
f 206 218 207
f 197 108 208
f 203 215 204
f 201 211 212
f 30 207 218
f 198 208 209
f 204 216 205
f 202 212 213
f 199 209 210
f 205 217 206
f 202 214 203
f 213 3 4
f 210 2 219
f 216 6 217
f 213 5 214
f 211 219 220
f 217 7 218
f 208 108 1
f 214 221 215
f 212 220 3
f 30 218 7
f 209 1 2
f 215 222 216
f 444 237 238
f 225 235 226
f 224 232 441
f 228 238 239
f 227 235 236
f 441 233 442
f 229 239 240
f 223 330 230
f 443 236 237
f 442 234 225
f 252 229 240
f 223 231 224
f 232 244 233
f 240 250 251
f 230 330 241
f 237 247 248
f 233 245 234
f 252 240 251
f 230 242 231
f 238 248 249
f 234 246 235
f 231 243 232
f 239 249 250
f 236 246 247
f 245 258 246
f 242 255 243
f 250 261 262
f 247 258 259
f 243 256 244
f 251 262 263
f 241 330 253
f 248 259 260
f 244 257 245
f 252 251 263
f 241 254 242
f 249 260 261
f 256 268 257
f 252 263 274
f 253 265 254
f 261 271 272
f 257 269 258
f 254 266 255
f 262 272 273
f 259 269 270
f 255 267 256
f 263 273 274
f 253 330 264
f 260 270 271
f 270 280 281
f 266 278 267
f 274 284 285
f 264 330 275
f 271 281 282
f 267 279 268
f 252 274 285
f 264 276 265
f 272 282 283
f 268 280 269
f 265 277 266
f 273 283 284
f 280 290 291
f 277 287 288
f 283 295 284
f 280 292 281
f 278 288 289
f 284 296 285
f 275 330 286
f 281 293 282
f 279 289 290
f 252 285 296
f 276 286 287
f 282 294 283
f 292 304 293
f 290 300 301
f 252 296 307
f 287 297 298
f 293 305 294
f 291 301 302
f 288 298 299
f 294 306 295
f 291 303 292
f 289 299 300
f 295 307 296
f 286 330 297
f 302 314 303
f 300 310 311
f 306 318 307
f 297 330 308
f 303 315 304
f 301 311 312
f 252 307 318
f 298 308 309
f 304 316 305
f 302 312 313
f 299 309 310
f 305 317 306
f 315 327 316
f 313 323 324
f 310 320 321
f 316 328 317
f 313 325 314
f 311 321 322
f 317 329 318
f 308 330 319
f 314 326 315
f 312 322 323
f 252 318 329
f 309 319 320
f 319 330 331
f 325 338 326
f 323 334 335
f 252 329 341
f 320 331 332
f 326 339 327
f 324 335 336
f 321 332 333
f 327 340 328
f 324 337 325
f 322 333 334
f 328 341 329
f 340 350 351
f 337 347 348
f 333 345 334
f 341 351 352
f 331 330 342
f 338 348 349
f 334 346 335
f 252 341 352
f 331 343 332
f 339 349 350
f 335 347 336
f 332 344 333
f 342 354 343
f 350 360 361
f 346 358 347
f 343 355 344
f 351 361 362
f 348 358 359
f 344 356 345
f 352 362 363
f 342 330 353
f 349 359 360
f 345 357 346
f 252 352 363
f 363 373 374
f 353 330 364
f 360 370 371
f 356 368 357
f 252 363 374
f 353 365 354
f 361 371 372
f 357 369 358
f 354 366 355
f 362 372 373
f 359 369 370
f 355 367 356
f 365 377 366
f 373 383 384
f 370 380 381
f 366 378 367
f 374 384 385
f 364 330 375
f 371 381 382
f 367 379 368
f 252 374 385
f 364 376 365
f 372 382 383
f 368 380 369
f 252 385 396
f 375 387 376
f 383 393 394
f 379 391 380
f 376 388 377
f 384 394 395
f 381 391 392
f 377 389 378
f 385 395 396
f 375 330 386
f 382 392 393
f 378 390 379
f 389 399 400
f 395 407 396
f 386 330 397
f 392 404 393
f 390 400 401
f 252 396 407
f 387 397 398
f 393 405 394
f 391 401 402
f 388 398 399
f 394 406 395
f 391 403 392
f 399 409 410
f 405 417 406
f 402 414 403
f 400 410 411
f 406 418 407
f 397 330 408
f 403 415 404
f 401 411 412
f 252 407 418
f 398 408 409
f 404 416 405
f 402 412 413
f 412 422 423
f 252 418 429
f 409 419 420
f 415 427 416
f 413 423 424
f 410 420 421
f 416 428 417
f 413 425 414
f 411 421 422
f 417 429 418
f 408 330 419
f 414 426 415
f 422 432 433
f 428 440 429
f 419 330 430
f 425 437 426
f 423 433 434
f 252 429 440
f 420 430 431
f 426 438 427
f 424 434 435
f 421 431 432
f 427 439 428
f 424 436 425
f 435 225 226
f 432 224 441
f 438 228 439
f 435 227 436
f 433 441 442
f 439 229 440
f 430 330 223
f 436 443 437
f 434 442 225
f 252 440 229
f 431 223 224
f 437 444 438
f 666 459 460
f 448 456 457
f 663 453 454
f 666 461 450
f 448 458 449
f 663 455 664
f 451 461 462
f 445 552 452
f 665 458 459
f 664 456 447
f 474 451 462
f 445 453 446
f 454 466 455
f 461 473 462
f 452 552 463
f 459 469 470
f 455 467 456
f 474 462 473
f 452 464 453
f 460 470 471
f 456 468 457
f 453 465 454
f 461 471 472
f 457 469 458
f 467 480 468
f 465 476 477
f 471 484 472
f 468 481 469
f 465 478 466
f 473 484 485
f 463 552 475
f 469 482 470
f 467 478 479
f 474 473 485
f 463 476 464
f 470 483 471
f 479 489 490
f 474 485 496
f 475 487 476
f 483 493 494
f 479 491 480
f 476 488 477
f 484 494 495
f 481 491 492
f 477 489 478
f 484 496 485
f 475 552 486
f 481 493 482
f 491 503 492
f 488 500 489
f 495 507 496
f 486 552 497
f 492 504 493
f 490 500 501
f 474 496 507
f 486 498 487
f 494 504 505
f 490 502 491
f 487 499 488
f 494 506 495
f 501 513 502
f 498 510 499
f 505 517 506
f 503 513 514
f 499 511 500
f 507 517 518
f 497 552 508
f 503 515 504
f 501 511 512
f 474 507 518
f 497 509 498
f 505 515 516
f 514 526 515
f 512 522 523
f 474 518 529
f 508 520 509
f 515 527 516
f 512 524 513
f 510 520 521
f 517 527 528
f 513 525 514
f 510 522 511
f 518 528 529
f 508 552 519
f 524 536 525
f 522 532 533
f 528 540 529
f 519 552 530
f 525 537 526
f 523 533 534
f 474 529 540
f 520 530 531
f 526 538 527
f 524 534 535
f 521 531 532
f 527 539 528
f 538 548 549
f 534 546 535
f 532 542 543
f 538 550 539
f 535 547 536
f 532 544 533
f 540 550 551
f 530 552 541
f 536 548 537
f 534 544 545
f 474 540 551
f 530 542 531
f 541 552 553
f 547 560 548
f 545 556 557
f 474 551 563
f 542 553 554
f 548 561 549
f 546 557 558
f 543 554 555
f 549 562 550
f 547 558 559
f 543 556 544
f 551 562 563
f 561 573 562
f 558 570 559
f 555 567 556
f 562 574 563
f 553 552 564
f 559 571 560
f 557 567 568
f 474 563 574
f 553 565 554
f 561 571 572
f 557 569 558
f 554 566 555
f 564 576 565
f 572 582 583
f 568 580 569
f 565 577 566
f 572 584 573
f 569 581 570
f 566 578 567
f 574 584 585
f 564 552 575
f 570 582 571
f 568 578 579
f 474 574 585
f 584 596 585
f 575 552 586
f 581 593 582
f 579 589 590
f 474 585 596
f 576 586 587
f 583 593 594
f 580 590 591
f 577 587 588
f 583 595 584
f 581 591 592
f 577 589 578
f 588 598 599
f 594 606 595
f 592 602 603
f 588 600 589
f 596 606 607
f 586 552 597
f 592 604 593
f 589 601 590
f 474 596 607
f 586 598 587
f 594 604 605
f 590 602 591
f 474 607 618
f 598 608 609
f 604 616 605
f 601 613 602
f 599 609 610
f 605 617 606
f 602 614 603
f 600 610 611
f 606 618 607
f 597 552 608
f 603 615 604
f 601 611 612
f 610 622 611
f 617 629 618
f 608 552 619
f 614 626 615
f 612 622 623
f 474 618 629
f 608 620 609
f 615 627 616
f 612 624 613
f 609 621 610
f 616 628 617
f 614 624 625
f 620 632 621
f 627 639 628
f 624 636 625
f 622 632 633
f 628 640 629
f 619 552 630
f 625 637 626
f 622 634 623
f 474 629 640
f 620 630 631
f 626 638 627
f 623 635 624
f 634 644 645
f 474 640 651
f 630 642 631
f 637 649 638
f 634 646 635
f 631 643 632
f 638 650 639
f 636 646 647
f 632 644 633
f 640 650 651
f 630 552 641
f 636 648 637
f 644 654 655
f 650 662 651
f 641 552 652
f 647 659 648
f 645 655 656
f 474 651 662
f 641 653 642
f 648 660 649
f 645 657 646
f 642 654 643
f 649 661 650
f 647 657 658
f 656 448 657
f 653 663 654
f 661 666 450
f 658 448 449
f 655 663 664
f 662 450 451
f 652 552 445
f 659 449 665
f 655 447 656
f 474 662 451
f 652 446 653
f 659 666 660
f 888 681 682
f 669 679 670
f 668 676 885
f 672 682 683
f 671 679 680
f 885 677 886
f 673 683 684
f 667 774 674
f 887 680 681
f 886 678 669
f 696 673 684
f 667 675 668
f 676 688 677
f 684 694 695
f 674 774 685
f 681 691 692
f 677 689 678
f 696 684 695
f 674 686 675
f 682 692 693
f 678 690 679
f 675 687 676
f 683 693 694
f 680 690 691
f 689 702 690
f 686 699 687
f 694 705 706
f 691 702 703
f 687 700 688
f 695 706 707
f 685 774 697
f 692 703 704
f 688 701 689
f 696 695 707
f 685 698 686
f 693 704 705
f 700 712 701
f 696 707 718
f 697 709 698
f 705 715 716
f 701 713 702
f 698 710 699
f 706 716 717
f 703 713 714
f 699 711 700
f 707 717 718
f 697 774 708
f 704 714 715
f 714 724 725
f 710 722 711
f 718 728 729
f 708 774 719
f 715 725 726
f 711 723 712
f 696 718 729
f 708 720 709
f 716 726 727
f 712 724 713
f 709 721 710
f 717 727 728
f 724 734 735
f 721 731 732
f 727 739 728
f 724 736 725
f 722 732 733
f 728 740 729
f 719 774 730
f 725 737 726
f 723 733 734
f 696 729 740
f 720 730 731
f 726 738 727
f 736 748 737
f 734 744 745
f 696 740 751
f 731 741 742
f 737 749 738
f 735 745 746
f 732 742 743
f 738 750 739
f 735 747 736
f 733 743 744
f 739 751 740
f 730 774 741
f 746 758 747
f 744 754 755
f 750 762 751
f 741 774 752
f 747 759 748
f 745 755 756
f 696 751 762
f 742 752 753
f 748 760 749
f 746 756 757
f 743 753 754
f 749 761 750
f 759 771 760
f 757 767 768
f 754 764 765
f 760 772 761
f 757 769 758
f 755 765 766
f 761 773 762
f 752 774 763
f 758 770 759
f 756 766 767
f 696 762 773
f 753 763 764
f 763 774 775
f 769 782 770
f 767 778 779
f 696 773 785
f 764 775 776
f 770 783 771
f 768 779 780
f 765 776 777
f 771 784 772
f 768 781 769
f 766 777 778
f 772 785 773
f 784 794 795
f 781 791 792
f 777 789 778
f 785 795 796
f 775 774 786
f 782 792 793
f 778 790 779
f 696 785 796
f 775 787 776
f 783 793 794
f 779 791 780
f 776 788 777
f 786 798 787
f 794 804 805
f 790 802 791
f 787 799 788
f 795 805 806
f 792 802 803
f 788 800 789
f 796 806 807
f 786 774 797
f 793 803 804
f 789 801 790
f 696 796 807
f 807 817 818
f 797 774 808
f 804 814 815
f 800 812 801
f 696 807 818
f 797 809 798
f 805 815 816
f 801 813 802
f 798 810 799
f 806 816 817
f 803 813 814
f 799 811 800
f 809 821 810
f 817 827 828
f 814 824 825
f 810 822 811
f 818 828 829
f 808 774 819
f 815 825 826
f 811 823 812
f 696 818 829
f 808 820 809
f 816 826 827
f 812 824 813
f 696 829 840
f 819 831 820
f 827 837 838
f 823 835 824
f 820 832 821
f 828 838 839
f 825 835 836
f 821 833 822
f 829 839 840
f 819 774 830
f 826 836 837
f 822 834 823
f 833 843 844
f 839 851 840
f 830 774 841
f 836 848 837
f 834 844 845
f 696 840 851
f 831 841 842
f 837 849 838
f 835 845 846
f 832 842 843
f 838 850 839
f 835 847 836
f 843 853 854
f 849 861 850
f 846 858 847
f 844 854 855
f 850 862 851
f 841 774 852
f 847 859 848
f 845 855 856
f 696 851 862
f 842 852 853
f 848 860 849
f 846 856 857
f 856 866 867
f 696 862 873
f 853 863 864
f 859 871 860
f 857 867 868
f 854 864 865
f 860 872 861
f 857 869 858
f 855 865 866
f 861 873 862
f 852 774 863
f 858 870 859
f 866 876 877
f 872 884 873
f 863 774 874
f 869 881 870
f 867 877 878
f 696 873 884
f 864 874 875
f 870 882 871
f 868 878 879
f 865 875 876
f 871 883 872
f 868 880 869
f 879 669 670
f 876 668 885
f 882 672 883
f 879 671 880
f 877 885 886
f 883 673 884
f 874 774 667
f 880 887 881
f 878 886 669
f 696 884 673
f 875 667 668
f 881 888 882
f 889 892 891
f 891 894 893
f 894 895 893
f 896 897 895
f 898 899 897
f 900 901 899
f 902 903 901
f 904 905 903
f 905 908 907
f 908 909 907
f 910 911 909
f 912 913 911
f 914 915 913
f 916 917 915
f 918 919 917
f 920 921 919
f 921 924 923
f 923 926 925
f 926 927 925
f 927 930 929
f 929 932 931
f 932 933 931
f 926 910 894
f 934 935 933
f 935 890 889
f 903 919 935
f 1158 951 952
f 939 949 940
f 938 946 1155
f 942 952 953
f 941 949 950
f 1155 947 1156
f 942 954 943
f 937 1044 944
f 1157 950 951
f 1156 948 939
f 966 943 954
f 938 944 945
f 946 958 947
f 953 965 954
f 944 1044 955
f 951 961 962
f 947 959 948
f 966 954 965
f 945 955 956
f 951 963 952
f 948 960 949
f 945 957 946
f 952 964 953
f 949 961 950
f 959 972 960
f 957 968 969
f 963 976 964
f 960 973 961
f 957 970 958
f 964 977 965
f 955 1044 967
f 961 974 962
f 959 970 971
f 966 965 977
f 955 968 956
f 963 974 975
f 971 981 982
f 966 977 988
f 968 978 979
f 974 986 975
f 972 982 983
f 969 979 980
f 975 987 976
f 972 984 973
f 970 980 981
f 977 987 988
f 967 1044 978
f 973 985 974
f 983 995 984
f 980 992 981
f 988 998 999
f 978 1044 989
f 984 996 985
f 981 993 982
f 966 988 999
f 978 990 979
f 985 997 986
f 982 994 983
f 979 991 980
f 986 998 987
f 993 1005 994
f 991 1001 1002
f 997 1009 998
f 995 1005 1006
f 992 1002 1003
f 998 1010 999
f 989 1044 1000
f 995 1007 996
f 993 1003 1004
f 966 999 1010
f 990 1000 1001
f 997 1007 1008
f 1006 1018 1007
f 1003 1015 1004
f 966 1010 1021
f 1000 1012 1001
f 1007 1019 1008
f 1004 1016 1005
f 1001 1013 1002
f 1009 1019 1020
f 1006 1016 1017
f 1003 1013 1014
f 1009 1021 1010
f 1000 1044 1011
f 1016 1028 1017
f 1014 1024 1025
f 1021 1031 1032
f 1011 1044 1022
f 1017 1029 1018
f 1015 1025 1026
f 966 1021 1032
f 1011 1023 1012
f 1018 1030 1019
f 1015 1027 1016
f 1012 1024 1013
f 1020 1030 1031
f 1029 1041 1030
f 1026 1038 1027
f 1024 1034 1035
f 1030 1042 1031
f 1028 1038 1039
f 1024 1036 1025
f 1031 1043 1032
f 1022 1044 1033
f 1028 1040 1029
f 1026 1036 1037
f 966 1032 1043
f 1023 1033 1034
f 1033 1044 1045
f 1039 1052 1040
f 1037 1048 1049
f 966 1043 1055
f 1033 1046 1034
f 1040 1053 1041
f 1037 1050 1038
f 1034 1047 1035
f 1042 1053 1054
f 1039 1050 1051
f 1035 1048 1036
f 1043 1054 1055
f 1053 1065 1054
f 1050 1062 1051
f 1048 1058 1059
f 1054 1066 1055
f 1045 1044 1056
f 1051 1063 1052
f 1048 1060 1049
f 966 1055 1066
f 1046 1056 1057
f 1052 1064 1053
f 1050 1060 1061
f 1047 1057 1058
f 1057 1067 1068
f 1063 1075 1064
f 1060 1072 1061
f 1057 1069 1058
f 1065 1075 1076
f 1062 1072 1073
f 1059 1069 1070
f 1065 1077 1066
f 1056 1044 1067
f 1063 1073 1074
f 1060 1070 1071
f 966 1066 1077
f 1076 1088 1077
f 1067 1044 1078
f 1073 1085 1074
f 1071 1081 1082
f 966 1077 1088
f 1068 1078 1079
f 1075 1085 1086
f 1072 1082 1083
f 1069 1079 1080
f 1075 1087 1076
f 1072 1084 1073
f 1069 1081 1070
f 1080 1090 1091
f 1086 1098 1087
f 1084 1094 1095
f 1080 1092 1081
f 1088 1098 1099
f 1078 1044 1089
f 1084 1096 1085
f 1082 1092 1093
f 966 1088 1099
f 1078 1090 1079
f 1086 1096 1097
f 1083 1093 1094
f 966 1099 1110
f 1089 1101 1090
f 1096 1108 1097
f 1093 1105 1094
f 1090 1102 1091
f 1097 1109 1098
f 1095 1105 1106
f 1091 1103 1092
f 1099 1109 1110
f 1089 1044 1100
f 1095 1107 1096
f 1092 1104 1093
f 1102 1114 1103
f 1109 1121 1110
f 1100 1044 1111
f 1106 1118 1107
f 1104 1114 1115
f 966 1110 1121
f 1100 1112 1101
f 1107 1119 1108
f 1104 1116 1105
f 1101 1113 1102
f 1108 1120 1109
f 1105 1117 1106
f 1112 1124 1113
f 1120 1130 1131
f 1117 1127 1128
f 1114 1124 1125
f 1120 1132 1121
f 1111 1044 1122
f 1117 1129 1118
f 1115 1125 1126
f 966 1121 1132
f 1111 1123 1112
f 1118 1130 1119
f 1115 1127 1116
f 1126 1136 1137
f 966 1132 1143
f 1122 1134 1123
f 1129 1141 1130
f 1126 1138 1127
f 1123 1135 1124
f 1131 1141 1142
f 1128 1138 1139
f 1124 1136 1125
f 1132 1142 1143
f 1122 1044 1133
f 1128 1140 1129
f 1136 1146 1147
f 1143 1153 1154
f 1133 1044 1144
f 1140 1150 1151
f 1136 1148 1137
f 966 1143 1154
f 1133 1145 1134
f 1140 1152 1141
f 1137 1149 1138
f 1135 1145 1146
f 1142 1152 1153
f 1138 1150 1139
f 1148 940 1149
f 1145 1155 1146
f 1152 942 1153
f 1149 941 1150
f 1147 1155 1156
f 1153 943 1154
f 1144 1044 937
f 1151 941 1157
f 1147 939 1148
f 966 1154 943
f 1144 938 1145
f 1151 1158 1152
f 1159 1162 1161
f 1161 1164 1163
f 1164 1165 1163
f 1165 1168 1167
f 1167 1170 1169
f 1170 1171 1169
f 1172 1173 1171
f 1174 1175 1173
f 1175 1178 1177
f 1177 1180 1179
f 1180 1181 1179
f 1182 1183 1181
f 1184 1185 1183
f 1185 1188 1187
f 1188 1189 1187
f 1190 1191 1189
f 1191 1194 1193
f 1193 1196 1195
f 1195 1198 1197
f 1198 1199 1197
f 1199 1202 1201
f 1201 1204 1203
f 1196 1180 1164
f 1203 1206 1205
f 1205 1160 1159
f 1173 1189 1205
f 1208 1216 1425
f 1212 1222 1223
f 1210 1220 1211
f 1425 1217 1426
f 1213 1223 1224
f 1207 1314 1214
f 1427 1220 1221
f 1426 1218 1209
f 1236 1213 1224
f 1207 1215 1208
f 1428 1221 1222
f 1210 1218 1219
f 1221 1231 1232
f 1218 1228 1229
f 1236 1224 1235
f 1214 1226 1215
f 1222 1232 1233
f 1219 1229 1230
f 1216 1226 1227
f 1222 1234 1223
f 1219 1231 1220
f 1216 1228 1217
f 1224 1234 1235
f 1214 1314 1225
f 1230 1243 1231
f 1227 1240 1228
f 1234 1247 1235
f 1225 1314 1237
f 1231 1244 1232
f 1229 1240 1241
f 1236 1235 1247
f 1225 1238 1226
f 1233 1244 1245
f 1230 1241 1242
f 1226 1239 1227
f 1234 1245 1246
f 1244 1256 1245
f 1242 1252 1253
f 1238 1250 1239
f 1245 1257 1246
f 1242 1254 1243
f 1240 1250 1251
f 1246 1258 1247
f 1237 1314 1248
f 1244 1254 1255
f 1241 1251 1252
f 1236 1247 1258
f 1238 1248 1249
f 1248 1314 1259
f 1254 1266 1255
f 1251 1263 1252
f 1236 1258 1269
f 1249 1259 1260
f 1255 1267 1256
f 1253 1263 1264
f 1249 1261 1250
f 1256 1268 1257
f 1253 1265 1254
f 1251 1261 1262
f 1257 1269 1258
f 1268 1278 1279
f 1264 1276 1265
f 1261 1273 1262
f 1268 1280 1269
f 1259 1314 1270
f 1265 1277 1266
f 1262 1274 1263
f 1236 1269 1280
f 1259 1271 1260
f 1267 1277 1278
f 1263 1275 1264
f 1261 1271 1272
f 1270 1282 1271
f 1278 1288 1289
f 1275 1285 1286
f 1272 1282 1283
f 1278 1290 1279
f 1275 1287 1276
f 1272 1284 1273
f 1280 1290 1291
f 1270 1314 1281
f 1276 1288 1277
f 1274 1284 1285
f 1236 1280 1291
f 1291 1301 1302
f 1281 1314 1292
f 1287 1299 1288
f 1285 1295 1296
f 1236 1291 1302
f 1281 1293 1282
f 1288 1300 1289
f 1285 1297 1286
f 1282 1294 1283
f 1289 1301 1290
f 1286 1298 1287
f 1283 1295 1284
f 1293 1305 1294
f 1300 1312 1301
f 1297 1309 1298
f 1294 1306 1295
f 1301 1313 1302
f 1292 1314 1303
f 1299 1309 1310
f 1295 1307 1296
f 1236 1302 1313
f 1293 1303 1304
f 1300 1310 1311
f 1297 1307 1308
f 1236 1313 1325
f 1304 1315 1316
f 1310 1323 1311
f 1307 1320 1308
f 1304 1317 1305
f 1311 1324 1312
f 1308 1321 1309
f 1305 1318 1306
f 1312 1325 1313
f 1303 1314 1315
f 1310 1321 1322
f 1306 1319 1307
f 1318 1328 1329
f 1324 1336 1325
f 1315 1314 1326
f 1321 1333 1322
f 1318 1330 1319
f 1236 1325 1336
f 1315 1327 1316
f 1323 1333 1334
f 1320 1330 1331
f 1316 1328 1317
f 1323 1335 1324
f 1320 1332 1321
f 1327 1339 1328
f 1334 1346 1335
f 1332 1342 1343
f 1329 1339 1340
f 1336 1346 1347
f 1326 1314 1337
f 1332 1344 1333
f 1330 1340 1341
f 1236 1336 1347
f 1326 1338 1327
f 1333 1345 1334
f 1330 1342 1331
f 1341 1351 1352
f 1236 1347 1358
f 1337 1349 1338
f 1344 1356 1345
f 1341 1353 1342
f 1339 1349 1350
f 1345 1357 1346
f 1343 1353 1354
f 1339 1351 1340
f 1346 1358 1347
f 1337 1314 1348
f 1343 1355 1344
f 1350 1362 1351
f 1358 1368 1369
f 1348 1314 1359
f 1354 1366 1355
f 1352 1362 1363
f 1236 1358 1369
f 1348 1360 1349
f 1355 1367 1356
f 1352 1364 1353
f 1349 1361 1350
f 1356 1368 1357
f 1354 1364 1365
f 1363 1375 1364
f 1360 1372 1361
f 1368 1378 1379
f 1365 1375 1376
f 1361 1373 1362
f 1369 1379 1380
f 1359 1314 1370
f 1365 1377 1366
f 1363 1373 1374
f 1236 1369 1380
f 1359 1371 1360
f 1366 1378 1367
f 1373 1385 1374
f 1236 1380 1391
f 1370 1382 1371
f 1377 1389 1378
f 1375 1385 1386
f 1372 1382 1383
f 1379 1389 1390
f 1375 1387 1376
f 1372 1384 1373
f 1380 1390 1391
f 1370 1314 1381
f 1376 1388 1377
f 1386 1398 1387
f 1383 1395 1384
f 1390 1402 1391
f 1381 1314 1392
f 1387 1399 1388
f 1385 1395 1396
f 1236 1391 1402
f 1382 1392 1393
f 1389 1399 1400
f 1385 1397 1386
f 1383 1393 1394
f 1389 1401 1390
f 1397 1407 1408
f 1393 1405 1394
f 1401 1411 1412
f 1397 1409 1398
f 1395 1405 1406
f 1401 1413 1402
f 1392 1314 1403
f 1398 1410 1399
f 1396 1406 1407
f 1236 1402 1413
f 1393 1403 1404
f 1400 1410 1411
f 1410 1420 1421
f 1406 1418 1407
f 1236 1413 1424
f 1404 1414 1415
f 1411 1421 1422
f 1407 1419 1408
f 1404 1416 1405
f 1412 1422 1423
f 1409 1419 1420
f 1405 1417 1406
f 1412 1424 1413
f 1403 1314 1414
f 1419 1211 1420
f 1416 1426 1417
f 1424 1212 1213
f 1414 1314 1207
f 1421 1211 1427
f 1417 1209 1418
f 1236 1424 1213
f 1415 1207 1208
f 1421 1428 1422
f 1418 1210 1419
f 1415 1425 1416
f 1422 1212 1423
f 1429 1432 1431
f 1432 1433 1431
f 1434 1435 1433
f 1436 1437 1435
f 1437 1440 1439
f 1439 1442 1441
f 1442 1443 1441
f 1444 1445 1443
f 1446 1447 1445
f 1448 1449 1447
f 1450 1451 1449
f 1451 1454 1453
f 1454 1455 1453
f 1455 1458 1457
f 1457 1460 1459
f 1460 1461 1459
f 1461 1464 1463
f 1464 1465 1463
f 1466 1467 1465
f 1468 1469 1467
f 1470 1471 1469
f 1472 1473 1471
f 1466 1450 1434
f 1474 1475 1473
f 1476 1429 1475
f 1443 1459 1475
f 1478 1479 1477
f 1480 1481 1479
f 1482 1483 1481
f 1484 1485 1483
f 1485 1488 1487
f 1487 1490 1489
f 1490 1491 1489
f 1491 1494 1493
f 1494 1495 1493
f 1495 1498 1497
f 1498 1499 1497
f 1500 1501 1499
f 1502 1503 1501
f 1503 1506 1505
f 1506 1507 1505
f 1508 1509 1507
f 1510 1511 1509
f 1511 1514 1513
f 1514 1515 1513
f 1515 1518 1517
f 1518 1519 1517
f 1520 1521 1519
f 1514 1498 1482
f 1521 1524 1523
f 1524 1477 1523
f 1491 1507 1523
f 1743 1533 1534
f 1746 1541 1530
f 1529 1537 1538
f 1743 1535 1744
f 1530 1542 1531
f 1525 1632 1532
f 1745 1538 1539
f 1744 1536 1527
f 1554 1531 1542
f 1526 1532 1533
f 1746 1539 1540
f 1527 1537 1528
f 1539 1549 1550
f 1535 1547 1536
f 1554 1542 1553
f 1533 1543 1544
f 1539 1551 1540
f 1537 1547 1548
f 1533 1545 1534
f 1541 1551 1552
f 1537 1549 1538
f 1534 1546 1535
f 1541 1553 1542
f 1532 1632 1543
f 1548 1561 1549
f 1546 1557 1558
f 1553 1564 1565
f 1543 1632 1555
f 1550 1561 1562
f 1547 1558 1559
f 1554 1553 1565
f 1543 1556 1544
f 1550 1563 1551
f 1548 1559 1560
f 1544 1557 1545
f 1551 1564 1552
f 1562 1574 1563
f 1559 1571 1560
f 1557 1567 1568
f 1564 1574 1575
f 1561 1571 1572
f 1558 1568 1569
f 1564 1576 1565
f 1555 1632 1566
f 1562 1572 1573
f 1558 1570 1559
f 1554 1565 1576
f 1556 1566 1567
f 1566 1632 1577
f 1572 1584 1573
f 1569 1581 1570
f 1554 1576 1587
f 1567 1577 1578
f 1573 1585 1574
f 1571 1581 1582
f 1567 1579 1568
f 1574 1586 1575
f 1571 1583 1572
f 1569 1579 1580
f 1576 1586 1587
f 1586 1596 1597
f 1582 1594 1583
f 1579 1591 1580
f 1586 1598 1587
f 1577 1632 1588
f 1584 1594 1595
f 1580 1592 1581
f 1554 1587 1598
f 1578 1588 1589
f 1585 1595 1596
f 1581 1593 1582
f 1578 1590 1579
f 1588 1600 1589
f 1596 1606 1607
f 1593 1603 1604
f 1590 1600 1601
f 1596 1608 1597
f 1593 1605 1594
f 1590 1602 1591
f 1598 1608 1609
f 1588 1632 1599
f 1594 1606 1595
f 1592 1602 1603
f 1554 1598 1609
f 1609 1619 1620
f 1599 1632 1610
f 1605 1617 1606
f 1602 1614 1603
f 1554 1609 1620
f 1599 1611 1600
f 1607 1617 1618
f 1603 1615 1604
f 1600 1612 1601
f 1607 1619 1608
f 1604 1616 1605
f 1601 1613 1602
f 1611 1623 1612
f 1618 1630 1619
f 1616 1626 1627
f 1613 1623 1624
f 1619 1631 1620
f 1610 1632 1621
f 1616 1628 1617
f 1613 1625 1614
f 1554 1620 1631
f 1611 1621 1622
f 1617 1629 1618
f 1614 1626 1615
f 1554 1631 1643
f 1621 1634 1622
f 1628 1641 1629
f 1625 1638 1626
f 1623 1634 1635
f 1629 1642 1630
f 1627 1638 1639
f 1624 1635 1636
f 1631 1642 1643
f 1621 1632 1633
f 1628 1639 1640
f 1625 1636 1637
f 1635 1647 1636
f 1643 1653 1654
f 1633 1632 1644
f 1640 1650 1651
f 1636 1648 1637
f 1554 1643 1654
f 1634 1644 1645
f 1641 1651 1652
f 1638 1648 1649
f 1634 1646 1635
f 1641 1653 1642
f 1638 1650 1639
f 1646 1656 1657
f 1652 1664 1653
f 1649 1661 1650
f 1646 1658 1647
f 1654 1664 1665
f 1644 1632 1655
f 1650 1662 1651
f 1647 1659 1648
f 1554 1654 1665
f 1644 1656 1645
f 1652 1662 1663
f 1649 1659 1660
f 1659 1669 1670
f 1554 1665 1676
f 1655 1667 1656
f 1662 1674 1663
f 1659 1671 1660
f 1656 1668 1657
f 1663 1675 1664
f 1661 1671 1672
f 1658 1668 1669
f 1665 1675 1676
f 1655 1632 1666
f 1661 1673 1662
f 1669 1679 1680
f 1675 1687 1676
f 1666 1632 1677
f 1673 1683 1684
f 1669 1681 1670
f 1554 1676 1687
f 1667 1677 1678
f 1673 1685 1674
f 1671 1681 1682
f 1668 1678 1679
f 1675 1685 1686
f 1671 1683 1672
f 1681 1693 1682
f 1679 1689 1690
f 1685 1697 1686
f 1683 1693 1694
f 1680 1690 1691
f 1686 1698 1687
f 1677 1632 1688
f 1684 1694 1695
f 1680 1692 1681
f 1554 1687 1698
f 1678 1688 1689
f 1685 1695 1696
f 1692 1702 1703
f 1554 1698 1709
f 1688 1700 1689
f 1696 1706 1707
f 1692 1704 1693
f 1689 1701 1690
f 1697 1707 1708
f 1693 1705 1694
f 1690 1702 1691
f 1698 1708 1709
f 1688 1632 1699
f 1694 1706 1695
f 1705 1715 1716
f 1701 1713 1702
f 1708 1720 1709
f 1699 1632 1710
f 1705 1717 1706
f 1703 1713 1714
f 1554 1709 1720
f 1700 1710 1711
f 1707 1717 1718
f 1703 1715 1704
f 1701 1711 1712
f 1707 1719 1708
f 1714 1726 1715
f 1711 1723 1712
f 1718 1730 1719
f 1715 1727 1716
f 1713 1723 1724
f 1720 1730 1731
f 1710 1632 1721
f 1717 1727 1728
f 1713 1725 1714
f 1554 1720 1731
f 1710 1722 1711
f 1717 1729 1718
f 1728 1738 1739
f 1724 1736 1725
f 1554 1731 1742
f 1722 1732 1733
f 1728 1740 1729
f 1725 1737 1726
f 1722 1734 1723
f 1730 1740 1741
f 1727 1737 1738
f 1724 1734 1735
f 1730 1742 1731
f 1721 1632 1732
f 1737 1529 1738
f 1735 1743 1744
f 1742 1530 1531
f 1732 1632 1525
f 1739 1529 1745
f 1735 1527 1736
f 1554 1742 1531
f 1732 1526 1733
f 1739 1746 1740
f 1737 1527 1528
f 1733 1743 1734
f 1741 1746 1530
f 1748 1756 1965
f 1752 1762 1763
f 1750 1760 1751
f 1965 1757 1966
f 1753 1763 1764
f 1747 1854 1754
f 1967 1760 1761
f 1966 1758 1749
f 1776 1753 1764
f 1747 1755 1748
f 1968 1761 1762
f 1750 1758 1759
f 1760 1772 1761
f 1757 1769 1758
f 1776 1764 1775
f 1754 1766 1755
f 1761 1773 1762
f 1759 1769 1770
f 1756 1766 1767
f 1762 1774 1763
f 1759 1771 1760
f 1756 1768 1757
f 1763 1775 1764
f 1754 1854 1765
f 1771 1782 1783
f 1768 1779 1780
f 1774 1787 1775
f 1765 1854 1777
f 1771 1784 1772
f 1769 1780 1781
f 1776 1775 1787
f 1766 1777 1778
f 1772 1785 1773
f 1769 1782 1770
f 1766 1779 1767
f 1774 1785 1786
f 1784 1796 1785
f 1781 1793 1782
f 1778 1790 1779
f 1786 1796 1797
f 1782 1794 1783
f 1779 1791 1780
f 1786 1798 1787
f 1777 1854 1788
f 1783 1795 1784
f 1781 1791 1792
f 1776 1787 1798
f 1778 1788 1789
f 1788 1854 1799
f 1794 1806 1795
f 1791 1803 1792
f 1776 1798 1809
f 1788 1800 1789
f 1796 1806 1807
f 1792 1804 1793
f 1790 1800 1801
f 1796 1808 1797
f 1794 1804 1805
f 1790 1802 1791
f 1798 1808 1809
f 1807 1819 1808
f 1804 1816 1805
f 1802 1812 1813
f 1808 1820 1809
f 1799 1854 1810
f 1806 1816 1817
f 1802 1814 1803
f 1776 1809 1820
f 1800 1810 1811
f 1806 1818 1807
f 1804 1814 1815
f 1801 1811 1812
f 1811 1821 1822
f 1818 1828 1829
f 1815 1825 1826
f 1811 1823 1812
f 1818 1830 1819
f 1815 1827 1816
f 1812 1824 1813
f 1820 1830 1831
f 1810 1854 1821
f 1817 1827 1828
f 1813 1825 1814
f 1776 1820 1831
f 1830 1842 1831
f 1821 1854 1832
f 1827 1839 1828
f 1824 1836 1825
f 1776 1831 1842
f 1821 1833 1822
f 1828 1840 1829
f 1825 1837 1826
f 1823 1833 1834
f 1829 1841 1830
f 1826 1838 1827
f 1824 1834 1835
f 1833 1845 1834
f 1841 1851 1852
f 1837 1849 1838
f 1835 1845 1846
f 1842 1852 1853
f 1832 1854 1843
f 1838 1850 1839
f 1836 1846 1847
f 1776 1842 1853
f 1832 1844 1833
f 1839 1851 1840
f 1837 1847 1848
f 1776 1853 1865
f 1843 1856 1844
f 1850 1863 1851
f 1847 1860 1848
f 1845 1856 1857
f 1851 1864 1852
f 1848 1861 1849
f 1846 1857 1858
f 1853 1864 1865
f 1843 1854 1855
f 1849 1862 1850
f 1847 1858 1859
f 1858 1868 1869
f 1864 1876 1865
f 1855 1854 1866
f 1862 1872 1873
f 1859 1869 1870
f 1776 1865 1876
f 1855 1867 1856
f 1862 1874 1863
f 1859 1871 1860
f 1856 1868 1857
f 1864 1874 1875
f 1860 1872 1861
f 1868 1878 1879
f 1875 1885 1886
f 1872 1882 1883
f 1869 1879 1880
f 1876 1886 1887
f 1866 1854 1877
f 1872 1884 1873
f 1870 1880 1881
f 1776 1876 1887
f 1866 1878 1867
f 1874 1884 1885
f 1870 1882 1871
f 1881 1891 1892
f 1776 1887 1898
f 1877 1889 1878
f 1884 1896 1885
f 1881 1893 1882
f 1878 1890 1879
f 1886 1896 1897
f 1882 1894 1883
f 1879 1891 1880
f 1887 1897 1898
f 1877 1854 1888
f 1883 1895 1884
f 1890 1902 1891
f 1898 1908 1909
f 1888 1854 1899
f 1894 1906 1895
f 1891 1903 1892
f 1776 1898 1909
f 1888 1900 1889
f 1896 1906 1907
f 1892 1904 1893
f 1889 1901 1890
f 1897 1907 1908
f 1894 1904 1905
f 1903 1915 1904
f 1900 1912 1901
f 1908 1918 1919
f 1905 1915 1916
f 1902 1912 1913
f 1908 1920 1909
f 1899 1854 1910
f 1905 1917 1906
f 1903 1913 1914
f 1776 1909 1920
f 1899 1911 1900
f 1906 1918 1907
f 1914 1924 1925
f 1776 1920 1931
f 1911 1921 1922
f 1918 1928 1929
f 1914 1926 1915
f 1912 1922 1923
f 1918 1930 1919
f 1915 1927 1916
f 1912 1924 1913
f 1919 1931 1920
f 1910 1854 1921
f 1916 1928 1917
f 1927 1937 1938
f 1924 1934 1935
f 1930 1942 1931
f 1921 1854 1932
f 1928 1938 1939
f 1924 1936 1925
f 1776 1931 1942
f 1922 1932 1933
f 1928 1940 1929
f 1925 1937 1926
f 1922 1934 1923
f 1929 1941 1930
f 1936 1948 1937
f 1933 1945 1934
f 1940 1952 1941
f 1937 1949 1938
f 1934 1946 1935
f 1942 1952 1953
f 1932 1854 1943
f 1938 1950 1939
f 1936 1946 1947
f 1776 1942 1953
f 1932 1944 1933
f 1939 1951 1940
f 1949 1961 1950
f 1946 1958 1947
f 1776 1953 1964
f 1944 1954 1955
f 1950 1962 1951
f 1948 1958 1959
f 1944 1956 1945
f 1952 1962 1963
f 1948 1960 1949
f 1946 1956 1957
f 1952 1964 1953
f 1943 1854 1954
f 1960 1750 1751
f 1956 1966 1957
f 1963 1753 1964
f 1954 1854 1747
f 1961 1751 1967
f 1957 1749 1958
f 1776 1964 1753
f 1955 1747 1748
f 1962 1967 1968
f 1958 1750 1959
f 1955 1965 1956
f 1962 1752 1963
f 1970 1971 1969
f 1972 1973 1971
f 1974 1975 1973
f 1976 1977 1975
f 1978 1979 1977
f 1980 1981 1979
f 1982 1983 1981
f 1984 1985 1983
f 1986 1987 1985
f 1988 1989 1987
f 1990 1991 1989
f 1992 1993 1991
f 1994 1995 1993
f 1995 1998 1997
f 1998 1999 1997
f 2000 2001 1999
f 2001 2004 2003
f 2004 2005 2003
f 2006 2007 2005
f 2008 2009 2007
f 2010 2011 2009
f 2012 2013 2011
f 2006 1990 1974
f 2014 2015 2013
f 2015 1970 1969
f 1983 1999 2015
f 2046 2023 2034
f 2017 2025 2018
f 2238 2031 2032
f 2019 2029 2020
f 2018 2026 2235
f 2238 2033 2022
f 2020 2030 2021
f 2235 2027 2236
f 2023 2033 2034
f 2017 2124 2024
f 2237 2030 2031
f 2236 2028 2019
f 2029 2041 2030
f 2027 2037 2038
f 2033 2045 2034
f 2024 2124 2035
f 2030 2042 2031
f 2028 2038 2039
f 2046 2034 2045
f 2025 2035 2036
f 2031 2043 2032
f 2029 2039 2040
f 2026 2036 2037
f 2032 2044 2033
f 2042 2055 2043
f 2040 2051 2052
f 2036 2049 2037
f 2044 2055 2056
f 2040 2053 2041
f 2037 2050 2038
f 2044 2057 2045
f 2035 2124 2047
f 2042 2053 2054
f 2038 2051 2039
f 2046 2045 2057
f 2035 2048 2036
f 2047 2124 2058
f 2053 2065 2054
f 2051 2061 2062
f 2046 2057 2068
f 2047 2059 2048
f 2054 2066 2055
f 2051 2063 2052
f 2048 2060 2049
f 2055 2067 2056
f 2053 2063 2064
f 2050 2060 2061
f 2056 2068 2057
f 2067 2077 2078
f 2064 2074 2075
f 2061 2071 2072
f 2067 2079 2068
f 2058 2124 2069
f 2065 2075 2076
f 2061 2073 2062
f 2046 2068 2079
f 2059 2069 2070
f 2065 2077 2066
f 2062 2074 2063
f 2059 2071 2060
f 2069 2081 2070
f 2076 2088 2077
f 2073 2085 2074
f 2070 2082 2071
f 2078 2088 2089
f 2074 2086 2075
f 2072 2082 2083
f 2078 2090 2079
f 2069 2124 2080
f 2076 2086 2087
f 2072 2084 2073
f 2046 2079 2090
f 2090 2100 2101
f 2080 2124 2091
f 2086 2098 2087
f 2084 2094 2095
f 2046 2090 2101
f 2081 2091 2092
f 2088 2098 2099
f 2084 2096 2085
f 2081 2093 2082
f 2089 2099 2100
f 2086 2096 2097
f 2083 2093 2094
f 2092 2104 2093
f 2100 2110 2111
f 2096 2108 2097
f 2094 2104 2105
f 2101 2111 2112
f 2091 2124 2102
f 2097 2109 2098
f 2095 2105 2106
f 2046 2101 2112
f 2091 2103 2092
f 2098 2110 2099
f 2096 2106 2107
f 2046 2112 2123
f 2103 2113 2114
f 2109 2121 2110
f 2106 2118 2107
f 2104 2114 2115
f 2111 2121 2122
f 2107 2119 2108
f 2105 2115 2116
f 2111 2123 2112
f 2102 2124 2113
f 2108 2120 2109
f 2106 2116 2117
f 2115 2128 2116
f 2123 2134 2135
f 2113 2124 2125
f 2119 2132 2120
f 2117 2128 2129
f 2046 2123 2135
f 2114 2125 2126
f 2121 2132 2133
f 2118 2129 2130
f 2114 2127 2115
f 2121 2134 2122
f 2118 2131 2119
f 2127 2137 2138
f 2133 2145 2134
f 2130 2142 2131
f 2128 2138 2139
f 2134 2146 2135
f 2125 2124 2136
f 2131 2143 2132
f 2129 2139 2140
f 2046 2135 2146
f 2126 2136 2137
f 2132 2144 2133
f 2129 2141 2130
f 2140 2150 2151
f 2046 2146 2157
f 2136 2148 2137
f 2143 2155 2144
f 2140 2152 2141
f 2137 2149 2138
f 2145 2155 2156
f 2142 2152 2153
f 2139 2149 2150
f 2146 2156 2157
f 2136 2124 2147
f 2143 2153 2154
f 2150 2160 2161
f 2156 2168 2157
f 2147 2124 2158
f 2154 2164 2165
f 2150 2162 2151
f 2046 2157 2168
f 2147 2159 2148
f 2154 2166 2155
f 2152 2162 2163
f 2149 2159 2160
f 2155 2167 2156
f 2152 2164 2153
f 2162 2174 2163
f 2159 2171 2160
f 2167 2177 2178
f 2163 2175 2164
f 2160 2172 2161
f 2167 2179 2168
f 2158 2124 2169
f 2164 2176 2165
f 2161 2173 2162
f 2046 2168 2179
f 2158 2170 2159
f 2165 2177 2166
f 2172 2184 2173
f 2046 2179 2190
f 2169 2181 2170
f 2176 2188 2177
f 2173 2185 2174
f 2170 2182 2171
f 2178 2188 2189
f 2175 2185 2186
f 2171 2183 2172
f 2178 2190 2179
f 2169 2124 2180
f 2175 2187 2176
f 2185 2197 2186
f 2182 2194 2183
f 2189 2201 2190
f 2180 2124 2191
f 2186 2198 2187
f 2184 2194 2195
f 2046 2190 2201
f 2180 2192 2181
f 2188 2198 2199
f 2185 2195 2196
f 2182 2192 2193
f 2188 2200 2189
f 2195 2207 2196
f 2193 2203 2204
f 2200 2210 2211
f 2197 2207 2208
f 2193 2205 2194
f 2201 2211 2212
f 2191 2124 2202
f 2198 2208 2209
f 2194 2206 2195
f 2046 2201 2212
f 2192 2202 2203
f 2198 2210 2199
f 2208 2220 2209
f 2205 2217 2206
f 2046 2212 2223
f 2202 2214 2203
f 2210 2220 2221
f 2206 2218 2207
f 2203 2215 2204
f 2211 2221 2222
f 2208 2218 2219
f 2204 2216 2205
f 2212 2222 2223
f 2202 2124 2213
f 2219 2229 2230
f 2215 2227 2216
f 2222 2234 2223
f 2213 2124 2224
f 2219 2231 2220
f 2216 2228 2217
f 2046 2223 2234
f 2213 2225 2214
f 2220 2232 2221
f 2217 2229 2218
f 2215 2225 2226
f 2222 2232 2233
f 2231 2238 2232
f 2228 2020 2229
f 2226 2018 2235
f 2233 2238 2022
f 2229 2021 2230
f 2226 2236 2227
f 2234 2022 2023
f 2224 2124 2017
f 2231 2021 2237
f 2227 2019 2228
f 2046 2234 2023
f 2224 2018 2225
f 2240 2241 2239
f 2241 2244 2243
f 2243 2246 2245
f 2246 2247 2245
f 2248 2249 2247
f 2250 2251 2249
f 2251 2254 2253
f 2254 2255 2253
f 2256 2257 2255
f 2258 2259 2257
f 2259 2262 2261
f 2261 2264 2263
f 2264 2265 2263
f 2265 2268 2267
f 2268 2269 2267
f 2269 2272 2271
f 2271 2274 2273
f 2274 2275 2273
f 2276 2277 2275
f 2278 2279 2277
f 2280 2281 2279
f 2282 2283 2281
f 2276 2260 2244
f 2284 2285 2283
f 2285 2240 2239
f 2253 2269 2285
f 2316 2293 2304
f 2287 2295 2288
f 2508 2301 2302
f 2289 2299 2290
f 2288 2296 2505
f 2292 2302 2303
f 2291 2299 2300
f 2505 2297 2506
f 2293 2303 2304
f 2287 2394 2294
f 2291 2301 2507
f 2506 2298 2289
f 2300 2310 2311
f 2296 2308 2297
f 2303 2315 2304
f 2294 2394 2305
f 2300 2312 2301
f 2298 2308 2309
f 2316 2304 2315
f 2294 2306 2295
f 2302 2312 2313
f 2298 2310 2299
f 2295 2307 2296
f 2302 2314 2303
f 2313 2324 2325
f 2309 2322 2310
f 2306 2319 2307
f 2314 2325 2326
f 2310 2323 2311
f 2307 2320 2308
f 2315 2326 2327
f 2305 2394 2317
f 2311 2324 2312
f 2309 2320 2321
f 2316 2315 2327
f 2306 2317 2318
f 2317 2394 2328
f 2323 2335 2324
f 2321 2331 2332
f 2316 2327 2338
f 2317 2329 2318
f 2324 2336 2325
f 2321 2333 2322
f 2319 2329 2330
f 2325 2337 2326
f 2323 2333 2334
f 2319 2331 2320
f 2326 2338 2327
f 2337 2347 2348
f 2334 2344 2345
f 2331 2341 2342
f 2337 2349 2338
f 2328 2394 2339
f 2334 2346 2335
f 2332 2342 2343
f 2316 2338 2349
f 2328 2340 2329
f 2335 2347 2336
f 2332 2344 2333
f 2329 2341 2330
f 2339 2351 2340
f 2346 2358 2347
f 2343 2355 2344
f 2341 2351 2352
f 2347 2359 2348
f 2344 2356 2345
f 2341 2353 2342
f 2349 2359 2360
f 2339 2394 2350
f 2346 2356 2357
f 2342 2354 2343
f 2316 2349 2360
f 2359 2371 2360
f 2350 2394 2361
f 2356 2368 2357
f 2353 2365 2354
f 2316 2360 2371
f 2351 2361 2362
f 2357 2369 2358
f 2354 2366 2355
f 2352 2362 2363
f 2358 2370 2359
f 2355 2367 2356
f 2352 2364 2353
f 2363 2373 2374
f 2369 2381 2370
f 2367 2377 2378
f 2363 2375 2364
f 2371 2381 2382
f 2361 2394 2372
f 2367 2379 2368
f 2365 2375 2376
f 2316 2371 2382
f 2362 2372 2373
f 2368 2380 2369
f 2365 2377 2366
f 2316 2382 2393
f 2372 2384 2373
f 2380 2390 2391
f 2377 2387 2388
f 2373 2385 2374
f 2380 2392 2381
f 2377 2389 2378
f 2374 2386 2375
f 2381 2393 2382
f 2372 2394 2383
f 2378 2390 2379
f 2376 2386 2387
f 2385 2398 2386
f 2392 2405 2393
f 2383 2394 2395
f 2390 2401 2402
f 2386 2399 2387
f 2316 2393 2405
f 2384 2395 2396
f 2390 2403 2391
f 2387 2400 2388
f 2385 2396 2397
f 2391 2404 2392
f 2388 2401 2389
f 2396 2408 2397
f 2404 2414 2415
f 2401 2411 2412
f 2397 2409 2398
f 2405 2415 2416
f 2395 2394 2406
f 2401 2413 2402
f 2399 2409 2410
f 2316 2405 2416
f 2395 2407 2396
f 2403 2413 2414
f 2399 2411 2400
f 2409 2421 2410
f 2316 2416 2427
f 2406 2418 2407
f 2414 2424 2425
f 2410 2422 2411
f 2407 2419 2408
f 2414 2426 2415
f 2412 2422 2423
f 2409 2419 2420
f 2415 2427 2416
f 2406 2394 2417
f 2413 2423 2424
f 2419 2431 2420
f 2426 2438 2427
f 2417 2394 2428
f 2424 2434 2435
f 2420 2432 2421
f 2316 2427 2438
f 2418 2428 2429
f 2424 2436 2425
f 2421 2433 2422
f 2419 2429 2430
f 2426 2436 2437
f 2423 2433 2434
f 2432 2444 2433
f 2430 2440 2441
f 2436 2448 2437
f 2433 2445 2434
f 2430 2442 2431
f 2438 2448 2449
f 2428 2394 2439
f 2434 2446 2435
f 2431 2443 2432
f 2316 2438 2449
f 2428 2440 2429
f 2435 2447 2436
f 2442 2454 2443
f 2316 2449 2460
f 2440 2450 2451
f 2447 2457 2458
f 2444 2454 2455
f 2440 2452 2441
f 2448 2458 2459
f 2444 2456 2445
f 2441 2453 2442
f 2448 2460 2449
f 2439 2394 2450
f 2446 2456 2457
f 2456 2466 2467
f 2453 2463 2464
f 2460 2470 2471
f 2450 2394 2461
f 2456 2468 2457
f 2454 2464 2465
f 2316 2460 2471
f 2451 2461 2462
f 2457 2469 2458
f 2454 2466 2455
f 2452 2462 2463
f 2458 2470 2459
f 2465 2477 2466
f 2463 2473 2474
f 2470 2480 2481
f 2466 2478 2467
f 2463 2475 2464
f 2470 2482 2471
f 2461 2394 2472
f 2468 2478 2479
f 2464 2476 2465
f 2316 2471 2482
f 2461 2473 2462
f 2469 2479 2480
f 2478 2490 2479
f 2476 2486 2487
f 2316 2482 2493
f 2473 2483 2484
f 2480 2490 2491
f 2477 2487 2488
f 2473 2485 2474
f 2481 2491 2492
f 2478 2488 2489
f 2474 2486 2475
f 2482 2492 2493
f 2472 2394 2483
f 2488 2500 2489
f 2486 2496 2497
f 2492 2504 2493
f 2483 2394 2494
f 2490 2500 2501
f 2486 2498 2487
f 2316 2493 2504
f 2483 2495 2484
f 2491 2501 2502
f 2487 2499 2488
f 2484 2496 2485
f 2491 2503 2492
f 2501 2508 2502
f 2498 2290 2499
f 2496 2288 2505
f 2502 2292 2503
f 2499 2291 2500
f 2497 2505 2506
f 2503 2293 2504
f 2494 2394 2287
f 2501 2291 2507
f 2497 2289 2498
f 2316 2504 2293
f 2494 2288 2495
f 2727 2519 2728
f 2515 2525 2526
f 2509 2616 2516
f 2729 2522 2523
f 2728 2520 2511
f 2538 2515 2526
f 2509 2517 2510
f 2730 2523 2524
f 2511 2521 2512
f 2510 2518 2727
f 2514 2524 2525
f 2513 2521 2522
f 2524 2534 2535
f 2520 2532 2521
f 2517 2529 2518
f 2525 2535 2536
f 2522 2532 2533
f 2518 2530 2519
f 2526 2536 2537
f 2516 2616 2527
f 2523 2533 2534
f 2519 2531 2520
f 2538 2526 2537
f 2516 2528 2517
f 2527 2616 2539
f 2534 2545 2546
f 2530 2543 2531
f 2538 2537 2549
f 2527 2540 2528
f 2535 2546 2547
f 2531 2544 2532
f 2528 2541 2529
f 2536 2547 2548
f 2533 2544 2545
f 2529 2542 2530
f 2537 2548 2549
f 2548 2558 2559
f 2545 2555 2556
f 2541 2553 2542
f 2549 2559 2560
f 2539 2616 2550
f 2546 2556 2557
f 2542 2554 2543
f 2538 2549 2560
f 2539 2551 2540
f 2547 2557 2558
f 2543 2555 2544
f 2540 2552 2541
f 2550 2562 2551
f 2558 2568 2569
f 2554 2566 2555
f 2551 2563 2552
f 2559 2569 2570
f 2556 2566 2567
f 2552 2564 2553
f 2560 2570 2571
f 2550 2616 2561
f 2557 2567 2568
f 2553 2565 2554
f 2538 2560 2571
f 2570 2582 2571
f 2561 2616 2572
f 2567 2579 2568
f 2565 2575 2576
f 2538 2571 2582
f 2562 2572 2573
f 2568 2580 2569
f 2566 2576 2577
f 2563 2573 2574
f 2569 2581 2570
f 2566 2578 2567
f 2564 2574 2575
f 2574 2584 2585
f 2580 2592 2581
f 2577 2589 2578
f 2575 2585 2586
f 2581 2593 2582
f 2572 2616 2583
f 2578 2590 2579
f 2576 2586 2587
f 2538 2582 2593
f 2573 2583 2584
f 2579 2591 2580
f 2577 2587 2588
f 2538 2593 2604
f 2584 2594 2595
f 2590 2602 2591
f 2588 2598 2599
f 2585 2595 2596
f 2591 2603 2592
f 2588 2600 2589
f 2586 2596 2597
f 2592 2604 2593
f 2583 2616 2594
f 2589 2601 2590
f 2587 2597 2598
f 2597 2607 2608
f 2603 2615 2604
f 2594 2616 2605
f 2600 2612 2601
f 2598 2608 2609
f 2538 2604 2615
f 2595 2605 2606
f 2601 2613 2602
f 2599 2609 2610
f 2596 2606 2607
f 2602 2614 2603
f 2599 2611 2600
f 2607 2618 2619
f 2613 2626 2614
f 2610 2623 2611
f 2608 2619 2620
f 2614 2627 2615
f 2605 2616 2617
f 2611 2624 2612
f 2609 2620 2621
f 2538 2615 2627
f 2606 2617 2618
f 2612 2625 2613
f 2610 2621 2622
f 2620 2632 2621
f 2538 2627 2638
f 2617 2629 2618
f 2625 2635 2636
f 2621 2633 2622
f 2618 2630 2619
f 2626 2636 2637
f 2623 2633 2634
f 2619 2631 2620
f 2627 2637 2638
f 2617 2616 2628
f 2624 2634 2635
f 2630 2642 2631
f 2638 2648 2649
f 2628 2616 2639
f 2635 2645 2646
f 2631 2643 2632
f 2538 2638 2649
f 2628 2640 2629
f 2636 2646 2647
f 2632 2644 2633
f 2629 2641 2630
f 2637 2647 2648
f 2634 2644 2645
f 2643 2655 2644
f 2640 2652 2641
f 2648 2658 2659
f 2645 2655 2656
f 2641 2653 2642
f 2649 2659 2660
f 2639 2616 2650
f 2646 2656 2657
f 2642 2654 2643
f 2538 2649 2660
f 2639 2651 2640
f 2647 2657 2658
f 2653 2665 2654
f 2538 2660 2671
f 2650 2662 2651
f 2658 2668 2669
f 2654 2666 2655
f 2651 2663 2652
f 2659 2669 2670
f 2656 2666 2667
f 2652 2664 2653
f 2660 2670 2671
f 2650 2616 2661
f 2657 2667 2668
f 2667 2677 2678
f 2663 2675 2664
f 2671 2681 2682
f 2661 2616 2672
f 2668 2678 2679
f 2664 2676 2665
f 2538 2671 2682
f 2661 2673 2662
f 2669 2679 2680
f 2665 2677 2666
f 2662 2674 2663
f 2670 2680 2681
f 2677 2687 2688
f 2674 2684 2685
f 2680 2692 2681
f 2677 2689 2678
f 2675 2685 2686
f 2681 2693 2682
f 2672 2616 2683
f 2678 2690 2679
f 2676 2686 2687
f 2538 2682 2693
f 2673 2683 2684
f 2679 2691 2680
f 2689 2701 2690
f 2687 2697 2698
f 2538 2693 2704
f 2684 2694 2695
f 2690 2702 2691
f 2688 2698 2699
f 2685 2695 2696
f 2691 2703 2692
f 2688 2700 2689
f 2686 2696 2697
f 2692 2704 2693
f 2683 2616 2694
f 2699 2711 2700
f 2697 2707 2708
f 2703 2715 2704
f 2694 2616 2705
f 2700 2712 2701
f 2698 2708 2709
f 2538 2704 2715
f 2695 2705 2706
f 2701 2713 2702
f 2699 2709 2710
f 2696 2706 2707
f 2702 2714 2703
f 2712 2724 2713
f 2710 2720 2721
f 2707 2717 2718
f 2713 2725 2714
f 2710 2722 2711
f 2708 2718 2719
f 2714 2726 2715
f 2705 2616 2716
f 2711 2723 2712
f 2709 2719 2720
f 2538 2715 2726
f 2706 2716 2717
f 2716 2616 2509
f 2722 2729 2723
f 2720 2728 2511
f 2538 2726 2515
f 2717 2509 2510
f 2723 2730 2724
f 2721 2511 2512
f 2718 2510 2727
f 2724 2514 2725
f 2721 2513 2722
f 2719 2727 2728
f 2725 2515 2726
f 2732 2740 2949
f 2736 2746 2747
f 2735 2743 2744
f 2949 2741 2950
f 2736 2748 2737
f 2731 2838 2738
f 2951 2744 2745
f 2950 2742 2733
f 2760 2737 2748
f 2732 2738 2739
f 2951 2746 2952
f 2733 2743 2734
f 2738 2838 2749
f 2745 2755 2756
f 2741 2753 2742
f 2760 2748 2759
f 2739 2749 2750
f 2745 2757 2746
f 2742 2754 2743
f 2740 2750 2751
f 2747 2757 2758
f 2743 2755 2744
f 2740 2752 2741
f 2748 2758 2759
f 2757 2770 2758
f 2755 2766 2767
f 2751 2764 2752
f 2758 2771 2759
f 2749 2838 2761
f 2755 2768 2756
f 2753 2764 2765
f 2760 2759 2771
f 2749 2762 2750
f 2757 2768 2769
f 2753 2766 2754
f 2750 2763 2751
f 2761 2773 2762
f 2769 2779 2780
f 2765 2777 2766
f 2763 2773 2774
f 2770 2780 2781
f 2766 2778 2767
f 2763 2775 2764
f 2771 2781 2782
f 2761 2838 2772
f 2767 2779 2768
f 2764 2776 2765
f 2760 2771 2782
f 2782 2792 2793
f 2772 2838 2783
f 2778 2790 2779
f 2775 2787 2776
f 2760 2782 2793
f 2772 2784 2773
f 2780 2790 2791
f 2776 2788 2777
f 2774 2784 2785
f 2781 2791 2792
f 2777 2789 2778
f 2774 2786 2775
f 2784 2796 2785
f 2792 2802 2803
f 2789 2799 2800
f 2786 2796 2797
f 2793 2803 2804
f 2783 2838 2794
f 2789 2801 2790
f 2787 2797 2798
f 2760 2793 2804
f 2783 2795 2784
f 2790 2802 2791
f 2787 2799 2788
f 2760 2804 2815
f 2795 2805 2806
f 2801 2813 2802
f 2799 2809 2810
f 2795 2807 2796
f 2802 2814 2803
f 2799 2811 2800
f 2797 2807 2808
f 2804 2814 2815
f 2794 2838 2805
f 2800 2812 2801
f 2798 2808 2809
f 2808 2818 2819
f 2815 2825 2826
f 2805 2838 2816
f 2811 2823 2812
f 2809 2819 2820
f 2760 2815 2826
f 2805 2817 2806
f 2813 2823 2824
f 2809 2821 2810
f 2806 2818 2807
f 2814 2824 2825
f 2810 2822 2811
f 2818 2828 2829
f 2825 2835 2836
f 2822 2832 2833
f 2818 2830 2819
f 2826 2836 2837
f 2816 2838 2827
f 2822 2834 2823
f 2820 2830 2831
f 2760 2826 2837
f 2816 2828 2817
f 2824 2834 2835
f 2820 2832 2821
f 2831 2842 2843
f 2760 2837 2849
f 2827 2840 2828
f 2835 2846 2847
f 2831 2844 2832
f 2828 2841 2829
f 2836 2847 2848
f 2833 2844 2845
f 2829 2842 2830
f 2837 2848 2849
f 2827 2838 2839
f 2833 2846 2834
f 2842 2852 2853
f 2848 2860 2849
f 2839 2838 2850
f 2846 2856 2857
f 2842 2854 2843
f 2760 2849 2860
f 2840 2850 2851
f 2846 2858 2847
f 2843 2855 2844
f 2841 2851 2852
f 2847 2859 2848
f 2844 2856 2845
f 2854 2866 2855
f 2851 2863 2852
f 2859 2869 2870
f 2855 2867 2856
f 2853 2863 2864
f 2859 2871 2860
f 2850 2838 2861
f 2857 2867 2868
f 2854 2864 2865
f 2760 2860 2871
f 2850 2862 2851
f 2857 2869 2858
f 2865 2875 2876
f 2760 2871 2882
f 2862 2872 2873
f 2869 2879 2880
f 2866 2876 2877
f 2862 2874 2863
f 2869 2881 2870
f 2866 2878 2867
f 2863 2875 2864
f 2870 2882 2871
f 2861 2838 2872
f 2867 2879 2868
f 2878 2888 2889
f 2874 2886 2875
f 2881 2893 2882
f 2872 2838 2883
f 2878 2890 2879
f 2876 2886 2887
f 2760 2882 2893
f 2872 2884 2873
f 2880 2890 2891
f 2876 2888 2877
f 2874 2884 2885
f 2880 2892 2881
f 2888 2898 2899
f 2885 2895 2896
f 2891 2903 2892
f 2889 2899 2900
f 2886 2896 2897
f 2893 2903 2904
f 2883 2838 2894
f 2890 2900 2901
f 2886 2898 2887
f 2760 2893 2904
f 2883 2895 2884
f 2890 2902 2891
f 2900 2912 2901
f 2898 2908 2909
f 2760 2904 2915
f 2894 2906 2895
f 2902 2912 2913
f 2898 2910 2899
f 2895 2907 2896
f 2903 2913 2914
f 2900 2910 2911
f 2897 2907 2908
f 2903 2915 2904
f 2894 2838 2905
f 2910 2922 2911
f 2908 2918 2919
f 2914 2926 2915
f 2905 2838 2916
f 2911 2923 2912
f 2908 2920 2909
f 2760 2915 2926
f 2905 2917 2906
f 2912 2924 2913
f 2909 2921 2910
f 2906 2918 2907
f 2914 2924 2925
f 2924 2934 2935
f 2921 2931 2932
f 2917 2929 2918
f 2924 2936 2925
f 2922 2932 2933
f 2918 2930 2919
f 2926 2936 2937
f 2916 2838 2927
f 2922 2934 2923
f 2920 2930 2931
f 2760 2926 2937
f 2916 2928 2917
f 2927 2838 2938
f 2933 2945 2934
f 2930 2942 2931
f 2760 2937 2948
f 2927 2939 2928
f 2934 2946 2935
f 2932 2942 2943
f 2928 2940 2929
f 2936 2946 2947
f 2932 2944 2933
f 2930 2940 2941
f 2937 2947 2948
f 2946 2736 2947
f 2944 2734 2735
f 2941 2949 2950
f 2947 2737 2948
f 2938 2838 2731
f 2945 2735 2951
f 2941 2733 2942
f 2760 2948 2737
f 2938 2732 2939
f 2945 2952 2946
f 2942 2734 2943
f 2940 2732 2949
f 2954 2955 2953
f 2955 2958 2957
f 2958 2959 2957
f 2959 2962 2961
f 2962 2963 2961
f 2964 2965 2963
f 2966 2967 2965
f 2968 2969 2967
f 2970 2971 2969
f 2972 2973 2971
f 2974 2975 2973
f 2976 2977 2975
f 2978 2979 2977
f 2980 2981 2979
f 2982 2983 2981
f 2983 2986 2985
f 2985 2988 2987
f 2988 2989 2987
f 2990 2991 2989
f 2992 2993 2991
f 2994 2995 2993
f 2995 2998 2997
f 2990 2974 2958
f 2998 2999 2997
f 3000 2953 2999
f 2967 2983 2999
f 3002 3010 3219
f 3222 3017 3006
f 3004 3014 3005
f 3219 3011 3220
f 3006 3018 3007
f 3001 3108 3008
f 3221 3014 3015
f 3220 3012 3003
f 3030 3007 3018
f 3001 3009 3002
f 3222 3015 3016
f 3003 3013 3004
f 3008 3108 3019
f 3015 3025 3026
f 3012 3022 3023
f 3030 3018 3029
f 3009 3019 3020
f 3016 3026 3027
f 3013 3023 3024
f 3010 3020 3021
f 3016 3028 3017
f 3013 3025 3014
f 3010 3022 3011
f 3018 3028 3029
f 3027 3040 3028
f 3024 3037 3025
f 3022 3033 3034
f 3028 3041 3029
f 3019 3108 3031
f 3025 3038 3026
f 3022 3035 3023
f 3030 3029 3041
f 3019 3032 3020
f 3026 3039 3027
f 3023 3036 3024
f 3020 3033 3021
f 3032 3042 3043
f 3038 3050 3039
f 3035 3047 3036
f 3033 3043 3044
f 3039 3051 3040
f 3036 3048 3037
f 3034 3044 3045
f 3040 3052 3041
f 3031 3108 3042
f 3037 3049 3038
f 3034 3046 3035
f 3030 3041 3052
f 3051 3063 3052
f 3042 3108 3053
f 3048 3060 3049
f 3046 3056 3057
f 3030 3052 3063
f 3043 3053 3054
f 3049 3061 3050
f 3047 3057 3058
f 3044 3054 3055
f 3050 3062 3051
f 3047 3059 3048
f 3044 3056 3045
f 3054 3066 3055
f 3062 3072 3073
f 3059 3069 3070
f 3055 3067 3056
f 3063 3073 3074
f 3053 3108 3064
f 3059 3071 3060
f 3057 3067 3068
f 3030 3063 3074
f 3053 3065 3054
f 3061 3071 3072
f 3058 3068 3069
f 3030 3074 3085
f 3065 3075 3076
f 3072 3082 3083
f 3068 3080 3069
f 3065 3077 3066
f 3073 3083 3084
f 3069 3081 3070
f 3066 3078 3067
f 3074 3084 3085
f 3064 3108 3075
f 3071 3081 3082
f 3068 3078 3079
f 3077 3089 3078
f 3084 3096 3085
f 3075 3108 3086
f 3081 3093 3082
f 3079 3089 3090
f 3030 3085 3096
f 3075 3087 3076
f 3083 3093 3094
f 3079 3091 3080
f 3077 3087 3088
f 3084 3094 3095
f 3080 3092 3081
f 3087 3099 3088
f 3095 3105 3106
f 3091 3103 3092
f 3088 3100 3089
f 3095 3107 3096
f 3086 3108 3097
f 3092 3104 3093
f 3089 3101 3090
f 3030 3096 3107
f 3087 3097 3098
f 3093 3105 3094
f 3090 3102 3091
f 3100 3113 3101
f 3030 3107 3119
f 3098 3109 3110
f 3104 3117 3105
f 3102 3113 3114
f 3098 3111 3099
f 3106 3117 3118
f 3103 3114 3115
f 3099 3112 3100
f 3107 3118 3119
f 3097 3108 3109
f 3104 3115 3116
f 3111 3123 3112
f 3118 3130 3119
f 3109 3108 3120
f 3115 3127 3116
f 3113 3123 3124
f 3030 3119 3130
f 3109 3121 3110
f 3116 3128 3117
f 3113 3125 3114
f 3110 3122 3111
f 3117 3129 3118
f 3115 3125 3126
f 3124 3136 3125
f 3121 3133 3122
f 3128 3140 3129
f 3125 3137 3126
f 3122 3134 3123
f 3130 3140 3141
f 3120 3108 3131
f 3126 3138 3127
f 3124 3134 3135
f 3030 3130 3141
f 3120 3132 3121
f 3128 3138 3139
f 3135 3145 3146
f 3030 3141 3152
f 3132 3142 3143
f 3139 3149 3150
f 3136 3146 3147
f 3133 3143 3144
f 3139 3151 3140
f 3137 3147 3148
f 3133 3145 3134
f 3141 3151 3152
f 3131 3108 3142
f 3137 3149 3138
f 3148 3158 3159
f 3144 3156 3145
f 3151 3163 3152
f 3142 3108 3153
f 3148 3160 3149
f 3146 3156 3157
f 3030 3152 3163
f 3143 3153 3154
f 3150 3160 3161
f 3146 3158 3147
f 3143 3155 3144
f 3151 3161 3162
f 3157 3169 3158
f 3154 3166 3155
f 3161 3173 3162
f 3158 3170 3159
f 3155 3167 3156
f 3162 3174 3163
f 3153 3108 3164
f 3159 3171 3160
f 3157 3167 3168
f 3030 3163 3174
f 3154 3164 3165
f 3160 3172 3161
f 3171 3181 3182
f 3167 3179 3168
f 3030 3174 3185
f 3164 3176 3165
f 3172 3182 3183
f 3168 3180 3169
f 3165 3177 3166
f 3172 3184 3173
f 3170 3180 3181
f 3167 3177 3178
f 3174 3184 3185
f 3164 3108 3175
f 3180 3192 3181
f 3178 3188 3189
f 3184 3196 3185
f 3175 3108 3186
f 3181 3193 3182
f 3179 3189 3190
f 3030 3185 3196
f 3175 3187 3176
f 3182 3194 3183
f 3180 3190 3191
f 3177 3187 3188
f 3183 3195 3184
f 3194 3204 3205
f 3190 3202 3191
f 3187 3199 3188
f 3194 3206 3195
f 3191 3203 3192
f 3188 3200 3189
f 3196 3206 3207
f 3186 3108 3197
f 3192 3204 3193
f 3190 3200 3201
f 3030 3196 3207
f 3186 3198 3187
f 3197 3108 3208
f 3204 3214 3215
f 3200 3212 3201
f 3030 3207 3218
f 3198 3208 3209
f 3205 3215 3216
f 3201 3213 3202
f 3198 3210 3199
f 3206 3216 3217
f 3203 3213 3214
f 3199 3211 3200
f 3206 3218 3207
f 3217 3222 3006
f 3214 3004 3005
f 3210 3220 3211
f 3218 3006 3007
f 3208 3108 3001
f 3215 3005 3221
f 3211 3003 3212
f 3030 3218 3007
f 3208 3002 3209
f 3215 3222 3216
f 3212 3004 3213
f 3209 3219 3210
f 3224 3225 3223
f 3226 3227 3225
f 3228 3229 3227
f 3230 3231 3229
f 3232 3233 3231
f 3234 3235 3233
f 3236 3237 3235
f 3238 3239 3237
f 3240 3241 3239
f 3242 3243 3241
f 3243 3246 3245
f 3246 3247 3245
f 3248 3249 3247
f 3250 3251 3249
f 3252 3253 3251
f 3254 3255 3253
f 3255 3258 3257
f 3257 3260 3259
f 3260 3261 3259
f 3262 3263 3261
f 3264 3265 3263
f 3265 3268 3267
f 3260 3244 3228
f 3268 3269 3267
f 3269 3224 3223
f 3237 3253 3269
f 3272 3273 3271
f 3273 3276 3275
f 3275 3278 3277
f 3277 3280 3279
f 3279 3282 3281
f 3282 3283 3281
f 3283 3286 3285
f 3286 3287 3285
f 3287 3290 3289
f 3289 3292 3291
f 3292 3293 3291
f 3293 3296 3295
f 3296 3297 3295
f 3298 3299 3297
f 3300 3301 3299
f 3301 3304 3303
f 3303 3306 3305
f 3305 3308 3307
f 3308 3309 3307
f 3310 3311 3309
f 3312 3313 3311
f 3313 3316 3315
f 3308 3292 3276
f 3316 3317 3315
f 3318 3271 3317
f 3285 3301 3317
f 3319 3426 3326
f 3539 3332 3333
f 3538 3330 3321
f 3348 3325 3336
f 3319 3327 3320
f 3539 3334 3540
f 3322 3330 3331
f 3320 3328 3537
f 3540 3335 3324
f 3322 3332 3323
f 3537 3329 3538
f 3325 3335 3336
f 3330 3342 3331
f 3327 3339 3328
f 3335 3345 3346
f 3331 3343 3332
f 3329 3339 3340
f 3336 3346 3347
f 3326 3426 3337
f 3332 3344 3333
f 3330 3340 3341
f 3348 3336 3347
f 3326 3338 3327
f 3334 3344 3345
f 3340 3353 3341
f 3348 3347 3359
f 3337 3350 3338
f 3344 3357 3345
f 3341 3354 3342
f 3339 3350 3351
f 3346 3357 3358
f 3343 3354 3355
f 3339 3352 3340
f 3347 3358 3359
f 3337 3426 3349
f 3343 3356 3344
f 3354 3366 3355
f 3352 3362 3363
f 3359 3369 3370
f 3349 3426 3360
f 3356 3366 3367
f 3352 3364 3353
f 3348 3359 3370
f 3349 3361 3350
f 3356 3368 3357
f 3354 3364 3365
f 3351 3361 3362
f 3357 3369 3358
f 3364 3376 3365
f 3361 3373 3362
f 3368 3380 3369
f 3365 3377 3366
f 3363 3373 3374
f 3369 3381 3370
f 3360 3426 3371
f 3366 3378 3367
f 3364 3374 3375
f 3348 3370 3381
f 3361 3371 3372
f 3367 3379 3368
f 3377 3389 3378
f 3375 3385 3386
f 3348 3381 3392
f 3371 3383 3372
f 3379 3389 3390
f 3376 3386 3387
f 3373 3383 3384
f 3379 3391 3380
f 3377 3387 3388
f 3373 3385 3374
f 3380 3392 3381
f 3371 3426 3382
f 3387 3399 3388
f 3384 3396 3385
f 3392 3402 3403
f 3382 3426 3393
f 3389 3399 3400
f 3386 3396 3397
f 3348 3392 3403
f 3382 3394 3383
f 3389 3401 3390
f 3386 3398 3387
f 3383 3395 3384
f 3390 3402 3391
f 3400 3412 3401
f 3398 3408 3409
f 3394 3406 3395
f 3402 3412 3413
f 3398 3410 3399
f 3395 3407 3396
f 3402 3414 3403
f 3393 3426 3404
f 3399 3411 3400
f 3396 3408 3397
f 3348 3403 3414
f 3394 3404 3405
f 3404 3426 3415
f 3410 3422 3411
f 3408 3418 3419
f 3348 3414 3425
f 3405 3415 3416
f 3412 3422 3423
f 3408 3420 3409
f 3406 3416 3417
f 3412 3424 3413
f 3409 3421 3410
f 3407 3417 3418
f 3413 3425 3414
f 3423 3436 3424
f 3420 3433 3421
f 3417 3430 3418
f 3424 3437 3425
f 3415 3426 3427
f 3421 3434 3422
f 3418 3431 3419
f 3348 3425 3437
f 3415 3428 3416
f 3422 3435 3423
f 3419 3432 3420
f 3416 3429 3417
f 3427 3439 3428
f 3434 3446 3435
f 3431 3443 3432
f 3428 3440 3429
f 3436 3446 3447
f 3432 3444 3433
f 3429 3441 3430
f 3437 3447 3448
f 3427 3426 3438
f 3433 3445 3434
f 3430 3442 3431
f 3348 3437 3448
f 3447 3459 3448
f 3438 3426 3449
f 3444 3456 3445
f 3441 3453 3442
f 3348 3448 3459
f 3438 3450 3439
f 3445 3457 3446
f 3442 3454 3443
f 3439 3451 3440
f 3446 3458 3447
f 3443 3455 3444
f 3441 3451 3452
f 3450 3462 3451
f 3457 3469 3458
f 3454 3466 3455
f 3451 3463 3452
f 3458 3470 3459
f 3449 3426 3460
f 3455 3467 3456
f 3453 3463 3464
f 3348 3459 3470
f 3450 3460 3461
f 3456 3468 3457
f 3453 3465 3454
f 3348 3470 3481
f 3460 3472 3461
f 3468 3478 3479
f 3464 3476 3465
f 3462 3472 3473
f 3469 3479 3480
f 3466 3476 3477
f 3462 3474 3463
f 3470 3480 3481
f 3460 3426 3471
f 3466 3478 3467
f 3464 3474 3475
f 3474 3484 3485
f 3480 3492 3481
f 3471 3426 3482
f 3477 3489 3478
f 3475 3485 3486
f 3348 3481 3492
f 3472 3482 3483
f 3479 3489 3490
f 3475 3487 3476
f 3472 3484 3473
f 3480 3490 3491
f 3477 3487 3488
f 3483 3495 3484
f 3490 3502 3491
f 3487 3499 3488
f 3484 3496 3485
f 3491 3503 3492
f 3482 3426 3493
f 3488 3500 3489
f 3486 3496 3497
f 3348 3492 3503
f 3482 3494 3483
f 3489 3501 3490
f 3486 3498 3487
f 3496 3508 3497
f 3348 3503 3514
f 3494 3504 3505
f 3500 3512 3501
f 3498 3508 3509
f 3494 3506 3495
f 3502 3512 3513
f 3498 3510 3499
f 3496 3506 3507
f 3502 3514 3503
f 3493 3426 3504
f 3499 3511 3500
f 3507 3517 3518
f 3513 3525 3514
f 3504 3426 3515
f 3511 3521 3522
f 3507 3519 3508
f 3348 3514 3525
f 3505 3515 3516
f 3512 3522 3523
f 3509 3519 3520
f 3506 3516 3517
f 3512 3524 3513
f 3509 3521 3510
f 3520 3530 3531
f 3516 3528 3517
f 3523 3535 3524
f 3520 3532 3521
f 3517 3529 3518
f 3524 3536 3525
f 3515 3426 3526
f 3522 3532 3533
f 3518 3530 3519
f 3348 3525 3536
f 3515 3527 3516
f 3522 3534 3523
f 3529 3321 3530
f 3348 3536 3325
f 3526 3320 3527
f 3533 3540 3534
f 3530 3322 3531
f 3527 3537 3528
f 3535 3540 3324
f 3531 3323 3532
f 3528 3538 3529
f 3536 3324 3325
f 3526 3426 3319
f 3533 3323 3539
f 3759 3551 3760
f 3547 3557 3558
f 3541 3648 3548
f 3545 3555 3761
f 3760 3552 3543
f 3570 3547 3558
f 3541 3549 3542
f 3762 3555 3556
f 3543 3553 3544
f 3542 3550 3759
f 3546 3556 3557
f 3544 3554 3545
f 3548 3560 3549
f 3555 3567 3556
f 3552 3564 3553
f 3550 3560 3561
f 3556 3568 3557
f 3553 3565 3554
f 3550 3562 3551
f 3557 3569 3558
f 3548 3648 3559
f 3555 3565 3566
f 3551 3563 3552
f 3570 3558 3569
f 3568 3581 3569
f 3559 3648 3571
f 3566 3577 3578
f 3562 3575 3563
f 3570 3569 3581
f 3560 3571 3572
f 3567 3578 3579
f 3564 3575 3576
f 3560 3573 3561
f 3568 3579 3580
f 3564 3577 3565
f 3561 3574 3562
f 3572 3584 3573
f 3579 3591 3580
f 3576 3588 3577
f 3573 3585 3574
f 3580 3592 3581
f 3571 3648 3582
f 3577 3589 3578
f 3575 3585 3586
f 3570 3581 3592
f 3572 3582 3583
f 3579 3589 3590
f 3576 3586 3587
f 3570 3592 3603
f 3582 3594 3583
f 3590 3600 3601
f 3586 3598 3587
f 3584 3594 3595
f 3590 3602 3591
f 3587 3599 3588
f 3584 3596 3585
f 3591 3603 3592
f 3582 3648 3593
f 3588 3600 3589
f 3586 3596 3597
f 3596 3606 3607
f 3602 3614 3603
f 3593 3648 3604
f 3600 3610 3611
f 3596 3608 3597
f 3570 3603 3614
f 3594 3604 3605
f 3600 3612 3601
f 3598 3608 3609
f 3594 3606 3595
f 3601 3613 3602
f 3598 3610 3599
f 3606 3616 3617
f 3612 3624 3613
f 3609 3621 3610
f 3606 3618 3607
f 3614 3624 3625
f 3604 3648 3615
f 3610 3622 3611
f 3608 3618 3619
f 3570 3614 3625
f 3605 3615 3616
f 3611 3623 3612
f 3609 3619 3620
f 3619 3629 3630
f 3570 3625 3636
f 3615 3627 3616
f 3623 3633 3634
f 3620 3630 3631
f 3617 3627 3628
f 3623 3635 3624
f 3620 3632 3621
f 3617 3629 3618
f 3625 3635 3636
f 3615 3648 3626
f 3621 3633 3622
f 3628 3640 3629
f 3636 3646 3647
f 3626 3648 3637
f 3632 3644 3633
f 3629 3641 3630
f 3570 3636 3647
f 3626 3638 3627
f 3634 3644 3645
f 3631 3641 3642
f 3627 3639 3628
f 3635 3645 3646
f 3631 3643 3632
f 3641 3654 3642
f 3638 3651 3639
f 3646 3657 3658
f 3642 3655 3643
f 3639 3652 3640
f 3647 3658 3659
f 3637 3648 3649
f 3643 3656 3644
f 3640 3653 3641
f 3570 3647 3659
f 3638 3649 3650
f 3644 3657 3645
f 3652 3664 3653
f 3570 3659 3670
f 3650 3660 3661
f 3656 3668 3657
f 3653 3665 3654
f 3651 3661 3662
f 3657 3669 3658
f 3654 3666 3655
f 3652 3662 3663
f 3658 3670 3659
f 3649 3648 3660
f 3656 3666 3667
f 3666 3676 3677
f 3662 3674 3663
f 3669 3681 3670
f 3660 3648 3671
f 3666 3678 3667
f 3664 3674 3675
f 3570 3670 3681
f 3661 3671 3672
f 3667 3679 3668
f 3664 3676 3665
f 3662 3672 3673
f 3669 3679 3680
f 3676 3686 3687
f 3672 3684 3673
f 3680 3690 3691
f 3676 3688 3677
f 3673 3685 3674
f 3680 3692 3681
f 3671 3648 3682
f 3677 3689 3678
f 3675 3685 3686
f 3570 3681 3692
f 3672 3682 3683
f 3679 3689 3690
f 3689 3699 3700
f 3686 3696 3697
f 3570 3692 3703
f 3683 3693 3694
f 3689 3701 3690
f 3686 3698 3687
f 3684 3694 3695
f 3691 3701 3702
f 3688 3698 3699
f 3684 3696 3685
f 3691 3703 3692
f 3682 3648 3693
f 3699 3709 3710
f 3696 3706 3707
f 3702 3714 3703
f 3693 3648 3704
f 3699 3711 3700
f 3697 3707 3708
f 3570 3703 3714
f 3693 3705 3694
f 3700 3712 3701
f 3697 3709 3698
f 3695 3705 3706
f 3701 3713 3702
f 3711 3723 3712
f 3709 3719 3720
f 3706 3716 3717
f 3712 3724 3713
f 3709 3721 3710
f 3706 3718 3707
f 3713 3725 3714
f 3704 3648 3715
f 3711 3721 3722
f 3707 3719 3708
f 3570 3714 3725
f 3705 3715 3716
f 3715 3648 3726
f 3721 3733 3722
f 3719 3729 3730
f 3570 3725 3736
f 3715 3727 3716
f 3722 3734 3723
f 3719 3731 3720
f 3716 3728 3717
f 3723 3735 3724
f 3720 3732 3721
f 3718 3728 3729
f 3725 3735 3736
f 3734 3746 3735
f 3731 3743 3732
f 3729 3739 3740
f 3736 3746 3747
f 3726 3648 3737
f 3732 3744 3733
f 3729 3741 3730
f 3570 3736 3747
f 3726 3738 3727
f 3733 3745 3734
f 3731 3741 3742
f 3727 3739 3728
f 3738 3748 3749
f 3744 3756 3745
f 3742 3752 3753
f 3739 3749 3750
f 3746 3756 3757
f 3742 3754 3743
f 3740 3750 3751
f 3746 3758 3747
f 3737 3648 3748
f 3743 3755 3744
f 3740 3752 3741
f 3570 3747 3758
f 3758 3546 3547
f 3748 3648 3541
f 3755 3545 3761
f 3751 3543 3752
f 3570 3758 3547
f 3748 3542 3749
f 3756 3761 3762
f 3753 3543 3544
f 3749 3759 3750
f 3757 3762 3546
f 3753 3545 3754
f 3750 3760 3751
f 3764 3765 3763
f 3766 3767 3765
f 3768 3769 3767
f 3770 3771 3769
f 3772 3773 3771
f 3774 3775 3773
f 3776 3777 3775
f 3777 3780 3779
f 3780 3781 3779
f 3782 3783 3781
f 3783 3786 3785
f 3786 3787 3785
f 3787 3790 3789
f 3790 3791 3789
f 3792 3793 3791
f 3794 3795 3793
f 3796 3797 3795
f 3797 3800 3799
f 3799 3802 3801
f 3802 3803 3801
f 3803 3806 3805
f 3806 3807 3805
f 3800 3784 3768
f 3808 3809 3807
f 3810 3763 3809
f 3777 3793 3809
f 3812 3818 3819
f 4031 3826 4032
f 3814 3822 3823
f 3812 3820 4029
f 3816 3826 3827
f 3814 3824 3815
f 4029 3821 4030
f 3816 3828 3817
f 3811 3918 3818
f 3815 3825 4031
f 3813 3821 3822
f 3840 3817 3828
f 3824 3834 3835
f 3820 3832 3821
f 3827 3839 3828
f 3818 3918 3829
f 3824 3836 3825
f 3822 3832 3833
f 3840 3828 3839
f 3818 3830 3819
f 3826 3836 3837
f 3822 3834 3823
f 3820 3830 3831
f 3827 3837 3838
f 3834 3845 3846
f 3831 3842 3843
f 3837 3850 3838
f 3835 3846 3847
f 3832 3843 3844
f 3838 3851 3839
f 3829 3918 3841
f 3836 3847 3848
f 3832 3845 3833
f 3840 3839 3851
f 3830 3841 3842
f 3836 3849 3837
f 3848 3858 3859
f 3844 3856 3845
f 3840 3851 3862
f 3841 3853 3842
f 3849 3859 3860
f 3845 3857 3846
f 3842 3854 3843
f 3850 3860 3861
f 3846 3858 3847
f 3843 3855 3844
f 3851 3861 3862
f 3841 3918 3852
f 3857 3869 3858
f 3855 3865 3866
f 3861 3873 3862
f 3852 3918 3863
f 3858 3870 3859
f 3855 3867 3856
f 3840 3862 3873
f 3852 3864 3853
f 3859 3871 3860
f 3856 3868 3857
f 3854 3864 3865
f 3860 3872 3861
f 3871 3881 3882
f 3867 3879 3868
f 3865 3875 3876
f 3871 3883 3872
f 3868 3880 3869
f 3866 3876 3877
f 3872 3884 3873
f 3863 3918 3874
f 3869 3881 3870
f 3867 3877 3878
f 3840 3873 3884
f 3864 3874 3875
f 3874 3918 3885
f 3880 3892 3881
f 3877 3889 3878
f 3840 3884 3895
f 3875 3885 3886
f 3881 3893 3882
f 3878 3890 3879
f 3875 3887 3876
f 3883 3893 3894
f 3880 3890 3891
f 3877 3887 3888
f 3883 3895 3884
f 3894 3904 3905
f 3891 3901 3902
f 3888 3898 3899
f 3894 3906 3895
f 3885 3918 3896
f 3891 3903 3892
f 3889 3899 3900
f 3840 3895 3906
f 3885 3897 3886
f 3893 3903 3904
f 3890 3900 3901
f 3886 3898 3887
f 3896 3908 3897
f 3903 3915 3904
f 3901 3911 3912
f 3898 3908 3909
f 3904 3916 3905
f 3901 3913 3902
f 3898 3910 3899
f 3906 3916 3917
f 3896 3918 3907
f 3903 3913 3914
f 3899 3911 3900
f 3840 3906 3917
f 3917 3928 3929
f 3907 3918 3919
f 3913 3926 3914
f 3911 3922 3923
f 3840 3917 3929
f 3907 3920 3908
f 3914 3927 3915
f 3911 3924 3912
f 3908 3921 3909
f 3916 3927 3928
f 3912 3925 3913
f 3909 3922 3910
f 3921 3931 3932
f 3928 3938 3939
f 3924 3936 3925
f 3922 3932 3933
f 3928 3940 3929
f 3919 3918 3930
f 3925 3937 3926
f 3923 3933 3934
f 3840 3929 3940
f 3920 3930 3931
f 3927 3937 3938
f 3924 3934 3935
f 3840 3940 3951
f 3931 3941 3942
f 3938 3948 3949
f 3934 3946 3935
f 3931 3943 3932
f 3939 3949 3950
f 3936 3946 3947
f 3933 3943 3944
f 3939 3951 3940
f 3930 3918 3941
f 3936 3948 3937
f 3934 3944 3945
f 3943 3955 3944
f 3951 3961 3962
f 3941 3918 3952
f 3947 3959 3948
f 3945 3955 3956
f 3840 3951 3962
f 3941 3953 3942
f 3948 3960 3949
f 3945 3957 3946
f 3942 3954 3943
f 3949 3961 3950
f 3946 3958 3947
f 3954 3964 3965
f 3960 3972 3961
f 3957 3969 3958
f 3954 3966 3955
f 3961 3973 3962
f 3952 3918 3963
f 3958 3970 3959
f 3956 3966 3967
f 3840 3962 3973
f 3953 3963 3964
f 3960 3970 3971
f 3956 3968 3957
f 3966 3978 3967
f 3840 3973 3984
f 3964 3974 3975
f 3970 3982 3971
f 3967 3979 3968
f 3965 3975 3976
f 3971 3983 3972
f 3969 3979 3980
f 3965 3977 3966
f 3972 3984 3973
f 3963 3918 3974
f 3969 3981 3970
f 3976 3988 3977
f 3984 3994 3995
f 3974 3918 3985
f 3980 3992 3981
f 3977 3989 3978
f 3840 3984 3995
f 3974 3986 3975
f 3981 3993 3982
f 3978 3990 3979
f 3975 3987 3976
f 3983 3993 3994
f 3979 3991 3980
f 3990 4000 4001
f 3986 3998 3987
f 3994 4004 4005
f 3990 4002 3991
f 3987 3999 3988
f 3994 4006 3995
f 3985 3918 3996
f 3992 4002 4003
f 3989 3999 4000
f 3840 3995 4006
f 3985 3997 3986
f 3992 4004 3993
f 4000 4010 4011
f 3840 4006 4017
f 3997 4007 4008
f 4003 4015 4004
f 4000 4012 4001
f 3997 4009 3998
f 4005 4015 4016
f 4001 4013 4002
f 3998 4010 3999
f 4005 4017 4006
f 3996 3918 4007
f 4002 4014 4003
f 4012 4024 4013
f 4009 4021 4010
f 4016 4028 4017
f 4007 3918 4018
f 4013 4025 4014
f 4011 4021 4022
f 3840 4017 4028
f 4008 4018 4019
f 4015 4025 4026
f 4012 4022 4023
f 4009 4019 4020
f 4015 4027 4016
f 4022 3814 4023
f 4019 4029 4020
f 4026 3816 4027
f 4024 3814 3815
f 4020 4030 4021
f 4028 3816 3817
f 4018 3918 3811
f 4025 3815 4031
f 4021 3813 4022
f 3840 4028 3817
f 4018 3812 4019
f 4026 4031 4032
f 4034 4035 4033
f 4036 4037 4035
f 4038 4039 4037
f 4040 4041 4039
f 4041 4044 4043
f 4044 4045 4043
f 4046 4047 4045
f 4048 4049 4047
f 4050 4051 4049
f 4052 4053 4051
f 4054 4055 4053
f 4055 4058 4057
f 4058 4059 4057
f 4060 4061 4059
f 4061 4064 4063
f 4064 4065 4063
f 4065 4068 4067
f 4068 4069 4067
f 4069 4072 4071
f 4071 4074 4073
f 4073 4076 4075
f 4076 4077 4075
f 4070 4054 4038
f 4077 4080 4079
f 4080 4033 4079
f 4047 4063 4079
f 4084 4094 4085
f 4299 4091 4300
f 4087 4097 4098
f 4081 4188 4088
f 4301 4094 4095
f 4300 4092 4083
f 4110 4087 4098
f 4082 4088 4089
f 4302 4095 4096
f 4084 4092 4093
f 4082 4090 4299
f 4086 4096 4097
f 4110 4098 4109
f 4088 4100 4089
f 4095 4107 4096
f 4092 4104 4093
f 4089 4101 4090
f 4096 4108 4097
f 4094 4104 4105
f 4091 4101 4102
f 4097 4109 4098
f 4088 4188 4099
f 4094 4106 4095
f 4091 4103 4092
f 4101 4114 4102
f 4108 4121 4109
f 4099 4188 4111
f 4105 4118 4106
f 4103 4114 4115
f 4110 4109 4121
f 4099 4112 4100
f 4107 4118 4119
f 4103 4116 4104
f 4100 4113 4101
f 4108 4119 4120
f 4104 4117 4105
f 4112 4124 4113
f 4119 4131 4120
f 4117 4127 4128
f 4114 4124 4125
f 4121 4131 4132
f 4111 4188 4122
f 4117 4129 4118
f 4115 4125 4126
f 4110 4121 4132
f 4111 4123 4112
f 4118 4130 4119
f 4115 4127 4116
f 4126 4136 4137
f 4110 4132 4143
f 4123 4133 4134
f 4130 4140 4141
f 4126 4138 4127
f 4123 4135 4124
f 4131 4141 4142
f 4127 4139 4128
f 4124 4136 4125
f 4131 4143 4132
f 4122 4188 4133
f 4128 4140 4129
f 4135 4147 4136
f 4142 4154 4143
f 4133 4188 4144
f 4140 4150 4151
f 4136 4148 4137
f 4110 4143 4154
f 4133 4145 4134
f 4141 4151 4152
f 4137 4149 4138
f 4135 4145 4146
f 4141 4153 4142
f 4139 4149 4150
f 4149 4159 4160
f 4145 4157 4146
f 4153 4163 4164
f 4149 4161 4150
f 4146 4158 4147
f 4153 4165 4154
f 4144 4188 4155
f 4151 4161 4162
f 4147 4159 4148
f 4110 4154 4165
f 4144 4156 4145
f 4152 4162 4163
f 4159 4169 4170
f 4110 4165 4176
f 4155 4167 4156
f 4162 4174 4163
f 4159 4171 4160
f 4156 4168 4157
f 4164 4174 4175
f 4161 4171 4172
f 4158 4168 4169
f 4165 4175 4176
f 4155 4188 4166
f 4162 4172 4173
f 4172 4182 4183
f 4168 4180 4169
f 4176 4186 4187
f 4166 4188 4177
f 4173 4183 4184
f 4169 4181 4170
f 4110 4176 4187
f 4167 4177 4178
f 4174 4184 4185
f 4171 4181 4182
f 4167 4179 4168
f 4174 4186 4175
f 4182 4193 4194
f 4179 4190 4191
f 4185 4198 4186
f 4182 4195 4183
f 4180 4191 4192
f 4186 4199 4187
f 4177 4188 4189
f 4183 4196 4184
f 4180 4193 4181
f 4110 4187 4199
f 4178 4189 4190
f 4184 4197 4185
f 4195 4207 4196
f 4192 4204 4193
f 4110 4199 4210
f 4190 4200 4201
f 4197 4207 4208
f 4193 4205 4194
f 4190 4202 4191
f 4198 4208 4209
f 4194 4206 4195
f 4191 4203 4192
f 4198 4210 4199
f 4189 4188 4200
f 4206 4216 4217
f 4203 4213 4214
f 4209 4221 4210
f 4200 4188 4211
f 4207 4217 4218
f 4203 4215 4204
f 4110 4210 4221
f 4200 4212 4201
f 4207 4219 4208
f 4204 4216 4205
f 4202 4212 4213
f 4209 4219 4220
f 4218 4230 4219
f 4215 4227 4216
f 4212 4224 4213
f 4220 4230 4231
f 4217 4227 4228
f 4214 4224 4225
f 4220 4232 4221
f 4211 4188 4222
f 4218 4228 4229
f 4214 4226 4215
f 4110 4221 4232
f 4212 4222 4223
f 4222 4188 4233
f 4228 4240 4229
f 4226 4236 4237
f 4110 4232 4243
f 4223 4233 4234
f 4229 4241 4230
f 4226 4238 4227
f 4223 4235 4224
f 4230 4242 4231
f 4228 4238 4239
f 4224 4236 4225
f 4232 4242 4243
f 4241 4253 4242
f 4238 4250 4239
f 4235 4247 4236
f 4242 4254 4243
f 4233 4188 4244
f 4240 4250 4251
f 4237 4247 4248
f 4110 4243 4254
f 4234 4244 4245
f 4240 4252 4241
f 4238 4248 4249
f 4235 4245 4246
f 4244 4256 4245
f 4251 4263 4252
f 4248 4260 4249
f 4246 4256 4257
f 4252 4264 4253
f 4250 4260 4261
f 4246 4258 4247
f 4253 4265 4254
f 4244 4188 4255
f 4250 4262 4251
f 4247 4259 4248
f 4110 4254 4265
f 4265 4275 4276
f 4255 4188 4266
f 4261 4273 4262
f 4259 4269 4270
f 4110 4265 4276
f 4255 4267 4256
f 4262 4274 4263
f 4259 4271 4260
f 4256 4268 4257
f 4264 4274 4275
f 4261 4271 4272
f 4257 4269 4258
f 4268 4278 4279
f 4274 4286 4275
f 4272 4282 4283
f 4268 4280 4269
f 4276 4286 4287
f 4266 4188 4277
f 4272 4284 4273
f 4269 4281 4270
f 4110 4276 4287
f 4266 4278 4267
f 4274 4284 4285
f 4270 4282 4271
f 4110 4287 4298
f 4278 4288 4289
f 4285 4295 4296
f 4282 4292 4293
f 4278 4290 4279
f 4286 4296 4297
f 4282 4294 4283
f 4279 4291 4280
f 4287 4297 4298
f 4277 4188 4288
f 4284 4294 4295
f 4280 4292 4281
f 4291 4299 4300
f 4298 4086 4087
f 4288 4188 4081
f 4295 4085 4301
f 4291 4083 4292
f 4110 4298 4087
f 4289 4081 4082
f 4295 4302 4296
f 4293 4083 4084
f 4289 4299 4290
f 4297 4302 4086
f 4293 4085 4294
f 4307 4315 4316
f 4521 4313 4522
f 4309 4319 4320
f 4303 4410 4310
f 4523 4316 4317
f 4522 4314 4305
f 4332 4309 4320
f 4303 4311 4304
f 4524 4317 4318
f 4305 4315 4306
f 4304 4312 4521
f 4308 4318 4319
f 4332 4320 4331
f 4310 4322 4311
f 4318 4328 4329
f 4314 4326 4315
f 4311 4323 4312
f 4319 4329 4330
f 4316 4326 4327
f 4312 4324 4313
f 4320 4330 4331
f 4310 4410 4321
f 4317 4327 4328
f 4313 4325 4314
f 4323 4336 4324
f 4331 4342 4343
f 4321 4410 4333
f 4328 4339 4340
f 4324 4337 4325
f 4332 4331 4343
f 4321 4334 4322
f 4329 4340 4341
f 4325 4338 4326
f 4322 4335 4323
f 4330 4341 4342
f 4327 4338 4339
f 4334 4346 4335
f 4342 4352 4353
f 4339 4349 4350
f 4335 4347 4336
f 4343 4353 4354
f 4333 4410 4344
f 4340 4350 4351
f 4336 4348 4337
f 4332 4343 4354
f 4333 4345 4334
f 4341 4351 4352
f 4337 4349 4338
f 4347 4359 4348
f 4332 4354 4365
f 4344 4356 4345
f 4352 4362 4363
f 4348 4360 4349
f 4345 4357 4346
f 4353 4363 4364
f 4350 4360 4361
f 4346 4358 4347
f 4354 4364 4365
f 4344 4410 4355
f 4351 4361 4362
f 4358 4368 4369
f 4364 4376 4365
f 4355 4410 4366
f 4361 4373 4362
f 4359 4369 4370
f 4332 4365 4376
f 4356 4366 4367
f 4362 4374 4363
f 4360 4370 4371
f 4357 4367 4368
f 4363 4375 4364
f 4360 4372 4361
f 4371 4381 4382
f 4368 4378 4379
f 4374 4386 4375
f 4371 4383 4372
f 4369 4379 4380
f 4375 4387 4376
f 4366 4410 4377
f 4372 4384 4373
f 4370 4380 4381
f 4332 4376 4387
f 4367 4377 4378
f 4373 4385 4374
f 4381 4391 4392
f 4332 4387 4398
f 4378 4388 4389
f 4384 4396 4385
f 4382 4392 4393
f 4379 4389 4390
f 4385 4397 4386
f 4382 4394 4383
f 4380 4390 4391
f 4386 4398 4387
f 4377 4410 4388
f 4383 4395 4384
f 4393 4405 4394
f 4391 4401 4402
f 4397 4409 4398
f 4388 4410 4399
f 4394 4406 4395
f 4392 4402 4403
f 4332 4398 4409
f 4389 4399 4400
f 4395 4407 4396
f 4393 4403 4404
f 4390 4400 4401
f 4396 4408 4397
f 4404 4415 4416
f 4401 4412 4413
f 4407 4420 4408
f 4404 4417 4405
f 4402 4413 4414
f 4408 4421 4409
f 4399 4410 4411
f 4405 4418 4406
f 4403 4414 4415
f 4332 4409 4421
f 4400 4411 4412
f 4406 4419 4407
f 4418 4428 4429
f 4414 4426 4415
f 4332 4421 4432
f 4411 4423 4412
f 4419 4429 4430
f 4415 4427 4416
f 4412 4424 4413
f 4420 4430 4431
f 4417 4427 4428
f 4413 4425 4414
f 4421 4431 4432
f 4411 4410 4422
f 4428 4438 4439
f 4424 4436 4425
f 4432 4442 4443
f 4422 4410 4433
f 4429 4439 4440
f 4425 4437 4426
f 4332 4432 4443
f 4422 4434 4423
f 4430 4440 4441
f 4426 4438 4427
f 4423 4435 4424
f 4431 4441 4442
f 4441 4451 4452
f 4437 4449 4438
f 4434 4446 4435
f 4442 4452 4453
f 4439 4449 4450
f 4435 4447 4436
f 4443 4453 4454
f 4433 4410 4444
f 4440 4450 4451
f 4436 4448 4437
f 4332 4443 4454
f 4433 4445 4434
f 4444 4410 4455
f 4451 4461 4462
f 4447 4459 4448
f 4332 4454 4465
f 4444 4456 4445
f 4452 4462 4463
f 4448 4460 4449
f 4445 4457 4446
f 4453 4463 4464
f 4450 4460 4461
f 4446 4458 4447
f 4454 4464 4465
f 4464 4474 4475
f 4461 4471 4472
f 4457 4469 4458
f 4465 4475 4476
f 4455 4410 4466
f 4462 4472 4473
f 4458 4470 4459
f 4332 4465 4476
f 4455 4467 4456
f 4463 4473 4474
f 4459 4471 4460
f 4456 4468 4457
f 4467 4477 4478
f 4473 4485 4474
f 4471 4481 4482
f 4468 4478 4479
f 4474 4486 4475
f 4471 4483 4472
f 4469 4479 4480
f 4475 4487 4476
f 4466 4410 4477
f 4472 4484 4473
f 4470 4480 4481
f 4332 4476 4487
f 4486 4498 4487
f 4477 4410 4488
f 4483 4495 4484
f 4481 4491 4492
f 4332 4487 4498
f 4478 4488 4489
f 4484 4496 4485
f 4482 4492 4493
f 4479 4489 4490
f 4485 4497 4486
f 4482 4494 4483
f 4480 4490 4491
f 4490 4500 4501
f 4496 4508 4497
f 4493 4505 4494
f 4491 4501 4502
f 4497 4509 4498
f 4488 4410 4499
f 4494 4506 4495
f 4492 4502 4503
f 4332 4498 4509
f 4489 4499 4500
f 4495 4507 4496
f 4493 4503 4504
f 4332 4509 4520
f 4500 4510 4511
f 4506 4518 4507
f 4504 4514 4515
f 4501 4511 4512
f 4507 4519 4508
f 4504 4516 4505
f 4502 4512 4513
f 4508 4520 4509
f 4499 4410 4510
f 4505 4517 4506
f 4503 4513 4514
f 4513 4521 4522
f 4519 4309 4520
f 4510 4410 4303
f 4516 4523 4517
f 4514 4522 4305
f 4332 4520 4309
f 4511 4303 4304
f 4517 4524 4518
f 4515 4305 4306
f 4512 4304 4521
f 4518 4308 4519
f 4515 4307 4516
f 222 221 15
f 3 12 13
f 2 9 10
f 6 222 16
f 5 4 13
f 219 10 11
f 7 6 17
f 221 5 14
f 220 11 12
f 1 8 9
f 10 21 22
f 18 17 28
f 15 14 25
f 11 22 23
f 8 19 20
f 16 15 26
f 12 23 24
f 9 20 21
f 17 16 27
f 14 13 24
f 23 35 36
f 20 32 33
f 28 27 39
f 25 24 36
f 21 33 34
f 29 28 40
f 26 25 37
f 22 34 35
f 19 31 32
f 27 26 38
f 34 45 46
f 31 42 43
f 39 38 49
f 35 46 47
f 32 43 44
f 40 39 50
f 37 36 47
f 33 44 45
f 41 40 51
f 38 37 48
f 48 47 58
f 44 55 56
f 52 51 62
f 49 48 59
f 45 56 57
f 42 53 54
f 50 49 60
f 46 57 58
f 43 54 55
f 51 50 61
f 58 57 68
f 55 54 65
f 61 72 73
f 58 69 70
f 56 55 66
f 62 73 74
f 59 70 71
f 57 56 67
f 54 53 64
f 60 71 72
f 70 81 82
f 68 67 78
f 65 64 75
f 71 82 83
f 69 68 79
f 66 65 76
f 72 83 84
f 69 80 81
f 67 66 77
f 73 84 85
f 80 91 92
f 78 77 88
f 84 95 96
f 81 92 93
f 79 78 89
f 76 75 86
f 82 93 94
f 80 79 90
f 77 76 87
f 83 94 95
f 93 104 105
f 91 90 101
f 88 87 98
f 94 105 106
f 91 102 103
f 89 88 99
f 95 106 107
f 92 103 104
f 90 89 100
f 87 86 97
f 103 115 116
f 101 100 112
f 98 97 109
f 104 116 117
f 102 101 113
f 99 98 110
f 105 117 118
f 102 114 115
f 100 99 111
f 106 118 119
f 118 117 128
f 115 114 125
f 111 122 123
f 119 118 129
f 116 115 126
f 112 123 124
f 109 120 121
f 117 116 127
f 113 124 125
f 110 121 122
f 120 131 132
f 128 127 138
f 124 135 136
f 121 132 133
f 129 128 139
f 126 125 136
f 122 133 134
f 130 129 140
f 127 126 137
f 123 134 135
f 141 140 151
f 138 137 148
f 134 145 146
f 131 142 143
f 139 138 149
f 135 146 147
f 132 143 144
f 140 139 150
f 137 136 147
f 133 144 145
f 143 154 155
f 151 150 161
f 148 147 158
f 144 155 156
f 152 151 162
f 149 148 159
f 145 156 157
f 142 153 154
f 150 149 160
f 146 157 158
f 153 164 165
f 161 160 171
f 157 168 169
f 154 165 166
f 162 161 172
f 159 158 169
f 155 166 167
f 163 162 173
f 160 159 170
f 156 167 168
f 167 166 177
f 173 184 185
f 170 181 182
f 168 167 178
f 165 164 175
f 171 182 183
f 169 168 179
f 166 165 176
f 172 183 184
f 169 180 181
f 177 176 187
f 183 194 195
f 180 191 192
f 178 177 188
f 184 195 196
f 181 192 193
f 179 178 189
f 176 175 186
f 182 193 194
f 180 179 190
f 190 189 200
f 187 186 197
f 193 204 205
f 191 190 201
f 188 187 198
f 194 205 206
f 191 202 203
f 189 188 199
f 195 206 207
f 192 203 204
f 200 199 210
f 206 217 218
f 203 214 215
f 201 200 211
f 198 197 208
f 204 215 216
f 202 201 212
f 199 198 209
f 205 216 217
f 202 213 214
f 213 212 3
f 210 209 2
f 216 222 6
f 213 4 5
f 211 210 219
f 217 6 7
f 214 5 221
f 212 211 220
f 209 208 1
f 215 221 222
f 444 443 237
f 225 234 235
f 224 231 232
f 228 444 238
f 227 226 235
f 441 232 233
f 229 228 239
f 443 227 236
f 442 233 234
f 223 230 231
f 232 243 244
f 240 239 250
f 237 236 247
f 233 244 245
f 230 241 242
f 238 237 248
f 234 245 246
f 231 242 243
f 239 238 249
f 236 235 246
f 245 257 258
f 242 254 255
f 250 249 261
f 247 246 258
f 243 255 256
f 251 250 262
f 248 247 259
f 244 256 257
f 241 253 254
f 249 248 260
f 256 267 268
f 253 264 265
f 261 260 271
f 257 268 269
f 254 265 266
f 262 261 272
f 259 258 269
f 255 266 267
f 263 262 273
f 260 259 270
f 270 269 280
f 266 277 278
f 274 273 284
f 271 270 281
f 267 278 279
f 264 275 276
f 272 271 282
f 268 279 280
f 265 276 277
f 273 272 283
f 280 279 290
f 277 276 287
f 283 294 295
f 280 291 292
f 278 277 288
f 284 295 296
f 281 292 293
f 279 278 289
f 276 275 286
f 282 293 294
f 292 303 304
f 290 289 300
f 287 286 297
f 293 304 305
f 291 290 301
f 288 287 298
f 294 305 306
f 291 302 303
f 289 288 299
f 295 306 307
f 302 313 314
f 300 299 310
f 306 317 318
f 303 314 315
f 301 300 311
f 298 297 308
f 304 315 316
f 302 301 312
f 299 298 309
f 305 316 317
f 315 326 327
f 313 312 323
f 310 309 320
f 316 327 328
f 313 324 325
f 311 310 321
f 317 328 329
f 314 325 326
f 312 311 322
f 309 308 319
f 325 337 338
f 323 322 334
f 320 319 331
f 326 338 339
f 324 323 335
f 321 320 332
f 327 339 340
f 324 336 337
f 322 321 333
f 328 340 341
f 340 339 350
f 337 336 347
f 333 344 345
f 341 340 351
f 338 337 348
f 334 345 346
f 331 342 343
f 339 338 349
f 335 346 347
f 332 343 344
f 342 353 354
f 350 349 360
f 346 357 358
f 343 354 355
f 351 350 361
f 348 347 358
f 344 355 356
f 352 351 362
f 349 348 359
f 345 356 357
f 363 362 373
f 360 359 370
f 356 367 368
f 353 364 365
f 361 360 371
f 357 368 369
f 354 365 366
f 362 361 372
f 359 358 369
f 355 366 367
f 365 376 377
f 373 372 383
f 370 369 380
f 366 377 378
f 374 373 384
f 371 370 381
f 367 378 379
f 364 375 376
f 372 371 382
f 368 379 380
f 375 386 387
f 383 382 393
f 379 390 391
f 376 387 388
f 384 383 394
f 381 380 391
f 377 388 389
f 385 384 395
f 382 381 392
f 378 389 390
f 389 388 399
f 395 406 407
f 392 403 404
f 390 389 400
f 387 386 397
f 393 404 405
f 391 390 401
f 388 387 398
f 394 405 406
f 391 402 403
f 399 398 409
f 405 416 417
f 402 413 414
f 400 399 410
f 406 417 418
f 403 414 415
f 401 400 411
f 398 397 408
f 404 415 416
f 402 401 412
f 412 411 422
f 409 408 419
f 415 426 427
f 413 412 423
f 410 409 420
f 416 427 428
f 413 424 425
f 411 410 421
f 417 428 429
f 414 425 426
f 422 421 432
f 428 439 440
f 425 436 437
f 423 422 433
f 420 419 430
f 426 437 438
f 424 423 434
f 421 420 431
f 427 438 439
f 424 435 436
f 435 434 225
f 432 431 224
f 438 444 228
f 435 226 227
f 433 432 441
f 439 228 229
f 436 227 443
f 434 433 442
f 431 430 223
f 437 443 444
f 666 665 459
f 448 447 456
f 663 446 453
f 666 460 461
f 448 457 458
f 663 454 455
f 451 450 461
f 665 449 458
f 664 455 456
f 445 452 453
f 454 465 466
f 461 472 473
f 459 458 469
f 455 466 467
f 452 463 464
f 460 459 470
f 456 467 468
f 453 464 465
f 461 460 471
f 457 468 469
f 467 479 480
f 465 464 476
f 471 483 484
f 468 480 481
f 465 477 478
f 473 472 484
f 469 481 482
f 467 466 478
f 463 475 476
f 470 482 483
f 479 478 489
f 475 486 487
f 483 482 493
f 479 490 491
f 476 487 488
f 484 483 494
f 481 480 491
f 477 488 489
f 484 495 496
f 481 492 493
f 491 502 503
f 488 499 500
f 495 506 507
f 492 503 504
f 490 489 500
f 486 497 498
f 494 493 504
f 490 501 502
f 487 498 499
f 494 505 506
f 501 512 513
f 498 509 510
f 505 516 517
f 503 502 513
f 499 510 511
f 507 506 517
f 503 514 515
f 501 500 511
f 497 508 509
f 505 504 515
f 514 525 526
f 512 511 522
f 508 519 520
f 515 526 527
f 512 523 524
f 510 509 520
f 517 516 527
f 513 524 525
f 510 521 522
f 518 517 528
f 524 535 536
f 522 521 532
f 528 539 540
f 525 536 537
f 523 522 533
f 520 519 530
f 526 537 538
f 524 523 534
f 521 520 531
f 527 538 539
f 538 537 548
f 534 545 546
f 532 531 542
f 538 549 550
f 535 546 547
f 532 543 544
f 540 539 550
f 536 547 548
f 534 533 544
f 530 541 542
f 547 559 560
f 545 544 556
f 542 541 553
f 548 560 561
f 546 545 557
f 543 542 554
f 549 561 562
f 547 546 558
f 543 555 556
f 551 550 562
f 561 572 573
f 558 569 570
f 555 566 567
f 562 573 574
f 559 570 571
f 557 556 567
f 553 564 565
f 561 560 571
f 557 568 569
f 554 565 566
f 564 575 576
f 572 571 582
f 568 579 580
f 565 576 577
f 572 583 584
f 569 580 581
f 566 577 578
f 574 573 584
f 570 581 582
f 568 567 578
f 584 595 596
f 581 592 593
f 579 578 589
f 576 575 586
f 583 582 593
f 580 579 590
f 577 576 587
f 583 594 595
f 581 580 591
f 577 588 589
f 588 587 598
f 594 605 606
f 592 591 602
f 588 599 600
f 596 595 606
f 592 603 604
f 589 600 601
f 586 597 598
f 594 593 604
f 590 601 602
f 598 597 608
f 604 615 616
f 601 612 613
f 599 598 609
f 605 616 617
f 602 613 614
f 600 599 610
f 606 617 618
f 603 614 615
f 601 600 611
f 610 621 622
f 617 628 629
f 614 625 626
f 612 611 622
f 608 619 620
f 615 626 627
f 612 623 624
f 609 620 621
f 616 627 628
f 614 613 624
f 620 631 632
f 627 638 639
f 624 635 636
f 622 621 632
f 628 639 640
f 625 636 637
f 622 633 634
f 620 619 630
f 626 637 638
f 623 634 635
f 634 633 644
f 630 641 642
f 637 648 649
f 634 645 646
f 631 642 643
f 638 649 650
f 636 635 646
f 632 643 644
f 640 639 650
f 636 647 648
f 644 643 654
f 650 661 662
f 647 658 659
f 645 644 655
f 641 652 653
f 648 659 660
f 645 656 657
f 642 653 654
f 649 660 661
f 647 646 657
f 656 447 448
f 653 446 663
f 661 660 666
f 658 657 448
f 655 654 663
f 662 661 450
f 659 658 449
f 655 664 447
f 652 445 446
f 659 665 666
f 888 887 681
f 669 678 679
f 668 675 676
f 672 888 682
f 671 670 679
f 885 676 677
f 673 672 683
f 887 671 680
f 886 677 678
f 667 674 675
f 676 687 688
f 684 683 694
f 681 680 691
f 677 688 689
f 674 685 686
f 682 681 692
f 678 689 690
f 675 686 687
f 683 682 693
f 680 679 690
f 689 701 702
f 686 698 699
f 694 693 705
f 691 690 702
f 687 699 700
f 695 694 706
f 692 691 703
f 688 700 701
f 685 697 698
f 693 692 704
f 700 711 712
f 697 708 709
f 705 704 715
f 701 712 713
f 698 709 710
f 706 705 716
f 703 702 713
f 699 710 711
f 707 706 717
f 704 703 714
f 714 713 724
f 710 721 722
f 718 717 728
f 715 714 725
f 711 722 723
f 708 719 720
f 716 715 726
f 712 723 724
f 709 720 721
f 717 716 727
f 724 723 734
f 721 720 731
f 727 738 739
f 724 735 736
f 722 721 732
f 728 739 740
f 725 736 737
f 723 722 733
f 720 719 730
f 726 737 738
f 736 747 748
f 734 733 744
f 731 730 741
f 737 748 749
f 735 734 745
f 732 731 742
f 738 749 750
f 735 746 747
f 733 732 743
f 739 750 751
f 746 757 758
f 744 743 754
f 750 761 762
f 747 758 759
f 745 744 755
f 742 741 752
f 748 759 760
f 746 745 756
f 743 742 753
f 749 760 761
f 759 770 771
f 757 756 767
f 754 753 764
f 760 771 772
f 757 768 769
f 755 754 765
f 761 772 773
f 758 769 770
f 756 755 766
f 753 752 763
f 769 781 782
f 767 766 778
f 764 763 775
f 770 782 783
f 768 767 779
f 765 764 776
f 771 783 784
f 768 780 781
f 766 765 777
f 772 784 785
f 784 783 794
f 781 780 791
f 777 788 789
f 785 784 795
f 782 781 792
f 778 789 790
f 775 786 787
f 783 782 793
f 779 790 791
f 776 787 788
f 786 797 798
f 794 793 804
f 790 801 802
f 787 798 799
f 795 794 805
f 792 791 802
f 788 799 800
f 796 795 806
f 793 792 803
f 789 800 801
f 807 806 817
f 804 803 814
f 800 811 812
f 797 808 809
f 805 804 815
f 801 812 813
f 798 809 810
f 806 805 816
f 803 802 813
f 799 810 811
f 809 820 821
f 817 816 827
f 814 813 824
f 810 821 822
f 818 817 828
f 815 814 825
f 811 822 823
f 808 819 820
f 816 815 826
f 812 823 824
f 819 830 831
f 827 826 837
f 823 834 835
f 820 831 832
f 828 827 838
f 825 824 835
f 821 832 833
f 829 828 839
f 826 825 836
f 822 833 834
f 833 832 843
f 839 850 851
f 836 847 848
f 834 833 844
f 831 830 841
f 837 848 849
f 835 834 845
f 832 831 842
f 838 849 850
f 835 846 847
f 843 842 853
f 849 860 861
f 846 857 858
f 844 843 854
f 850 861 862
f 847 858 859
f 845 844 855
f 842 841 852
f 848 859 860
f 846 845 856
f 856 855 866
f 853 852 863
f 859 870 871
f 857 856 867
f 854 853 864
f 860 871 872
f 857 868 869
f 855 854 865
f 861 872 873
f 858 869 870
f 866 865 876
f 872 883 884
f 869 880 881
f 867 866 877
f 864 863 874
f 870 881 882
f 868 867 878
f 865 864 875
f 871 882 883
f 868 879 880
f 879 878 669
f 876 875 668
f 882 888 672
f 879 670 671
f 877 876 885
f 883 672 673
f 880 671 887
f 878 877 886
f 875 874 667
f 881 887 888
f 889 890 892
f 891 892 894
f 894 896 895
f 896 898 897
f 898 900 899
f 900 902 901
f 902 904 903
f 904 906 905
f 905 906 908
f 908 910 909
f 910 912 911
f 912 914 913
f 914 916 915
f 916 918 917
f 918 920 919
f 920 922 921
f 921 922 924
f 923 924 926
f 926 928 927
f 927 928 930
f 929 930 932
f 932 934 933
f 894 892 890
f 890 936 934
f 934 932 930
f 930 928 926
f 926 924 922
f 922 920 918
f 918 916 914
f 914 912 910
f 910 908 906
f 906 904 902
f 902 900 898
f 898 896 894
f 894 890 934
f 934 930 926
f 926 922 918
f 918 914 910
f 910 906 902
f 902 898 894
f 894 934 926
f 926 918 910
f 910 902 894
f 934 936 935
f 935 936 890
f 935 889 891
f 891 893 895
f 895 897 899
f 899 901 903
f 903 905 907
f 907 909 911
f 911 913 915
f 915 917 919
f 919 921 923
f 923 925 927
f 927 929 931
f 931 933 935
f 935 891 895
f 895 899 903
f 903 907 911
f 911 915 919
f 919 923 927
f 927 931 935
f 935 895 903
f 903 911 919
f 919 927 935
f 1158 1157 951
f 939 948 949
f 938 945 946
f 942 1158 952
f 941 940 949
f 1155 946 947
f 942 953 954
f 1157 941 950
f 1156 947 948
f 938 937 944
f 946 957 958
f 953 964 965
f 951 950 961
f 947 958 959
f 945 944 955
f 951 962 963
f 948 959 960
f 945 956 957
f 952 963 964
f 949 960 961
f 959 971 972
f 957 956 968
f 963 975 976
f 960 972 973
f 957 969 970
f 964 976 977
f 961 973 974
f 959 958 970
f 955 967 968
f 963 962 974
f 971 970 981
f 968 967 978
f 974 985 986
f 972 971 982
f 969 968 979
f 975 986 987
f 972 983 984
f 970 969 980
f 977 976 987
f 973 984 985
f 983 994 995
f 980 991 992
f 988 987 998
f 984 995 996
f 981 992 993
f 978 989 990
f 985 996 997
f 982 993 994
f 979 990 991
f 986 997 998
f 993 1004 1005
f 991 990 1001
f 997 1008 1009
f 995 994 1005
f 992 991 1002
f 998 1009 1010
f 995 1006 1007
f 993 992 1003
f 990 989 1000
f 997 996 1007
f 1006 1017 1018
f 1003 1014 1015
f 1000 1011 1012
f 1007 1018 1019
f 1004 1015 1016
f 1001 1012 1013
f 1009 1008 1019
f 1006 1005 1016
f 1003 1002 1013
f 1009 1020 1021
f 1016 1027 1028
f 1014 1013 1024
f 1021 1020 1031
f 1017 1028 1029
f 1015 1014 1025
f 1011 1022 1023
f 1018 1029 1030
f 1015 1026 1027
f 1012 1023 1024
f 1020 1019 1030
f 1029 1040 1041
f 1026 1037 1038
f 1024 1023 1034
f 1030 1041 1042
f 1028 1027 1038
f 1024 1035 1036
f 1031 1042 1043
f 1028 1039 1040
f 1026 1025 1036
f 1023 1022 1033
f 1039 1051 1052
f 1037 1036 1048
f 1033 1045 1046
f 1040 1052 1053
f 1037 1049 1050
f 1034 1046 1047
f 1042 1041 1053
f 1039 1038 1050
f 1035 1047 1048
f 1043 1042 1054
f 1053 1064 1065
f 1050 1061 1062
f 1048 1047 1058
f 1054 1065 1066
f 1051 1062 1063
f 1048 1059 1060
f 1046 1045 1056
f 1052 1063 1064
f 1050 1049 1060
f 1047 1046 1057
f 1057 1056 1067
f 1063 1074 1075
f 1060 1071 1072
f 1057 1068 1069
f 1065 1064 1075
f 1062 1061 1072
f 1059 1058 1069
f 1065 1076 1077
f 1063 1062 1073
f 1060 1059 1070
f 1076 1087 1088
f 1073 1084 1085
f 1071 1070 1081
f 1068 1067 1078
f 1075 1074 1085
f 1072 1071 1082
f 1069 1068 1079
f 1075 1086 1087
f 1072 1083 1084
f 1069 1080 1081
f 1080 1079 1090
f 1086 1097 1098
f 1084 1083 1094
f 1080 1091 1092
f 1088 1087 1098
f 1084 1095 1096
f 1082 1081 1092
f 1078 1089 1090
f 1086 1085 1096
f 1083 1082 1093
f 1089 1100 1101
f 1096 1107 1108
f 1093 1104 1105
f 1090 1101 1102
f 1097 1108 1109
f 1095 1094 1105
f 1091 1102 1103
f 1099 1098 1109
f 1095 1106 1107
f 1092 1103 1104
f 1102 1113 1114
f 1109 1120 1121
f 1106 1117 1118
f 1104 1103 1114
f 1100 1111 1112
f 1107 1118 1119
f 1104 1115 1116
f 1101 1112 1113
f 1108 1119 1120
f 1105 1116 1117
f 1112 1123 1124
f 1120 1119 1130
f 1117 1116 1127
f 1114 1113 1124
f 1120 1131 1132
f 1117 1128 1129
f 1115 1114 1125
f 1111 1122 1123
f 1118 1129 1130
f 1115 1126 1127
f 1126 1125 1136
f 1122 1133 1134
f 1129 1140 1141
f 1126 1137 1138
f 1123 1134 1135
f 1131 1130 1141
f 1128 1127 1138
f 1124 1135 1136
f 1132 1131 1142
f 1128 1139 1140
f 1136 1135 1146
f 1143 1142 1153
f 1140 1139 1150
f 1136 1147 1148
f 1133 1144 1145
f 1140 1151 1152
f 1137 1148 1149
f 1135 1134 1145
f 1142 1141 1152
f 1138 1149 1150
f 1148 939 940
f 1145 938 1155
f 1152 1158 942
f 1149 940 941
f 1147 1146 1155
f 1153 942 943
f 1151 1150 941
f 1147 1156 939
f 1144 937 938
f 1151 1157 1158
f 1159 1160 1162
f 1161 1162 1164
f 1164 1166 1165
f 1165 1166 1168
f 1167 1168 1170
f 1170 1172 1171
f 1172 1174 1173
f 1174 1176 1175
f 1175 1176 1178
f 1177 1178 1180
f 1180 1182 1181
f 1182 1184 1183
f 1184 1186 1185
f 1185 1186 1188
f 1188 1190 1189
f 1190 1192 1191
f 1191 1192 1194
f 1193 1194 1196
f 1195 1196 1198
f 1198 1200 1199
f 1199 1200 1202
f 1201 1202 1204
f 1164 1162 1160
f 1160 1206 1204
f 1204 1202 1200
f 1200 1198 1196
f 1196 1194 1192
f 1192 1190 1188
f 1188 1186 1184
f 1184 1182 1180
f 1180 1178 1176
f 1176 1174 1172
f 1172 1170 1168
f 1168 1166 1164
f 1164 1160 1204
f 1204 1200 1196
f 1196 1192 1188
f 1188 1184 1180
f 1180 1176 1172
f 1172 1168 1164
f 1164 1204 1196
f 1196 1188 1180
f 1180 1172 1164
f 1203 1204 1206
f 1205 1206 1160
f 1205 1159 1161
f 1161 1163 1165
f 1165 1167 1169
f 1169 1171 1173
f 1173 1175 1177
f 1177 1179 1181
f 1181 1183 1185
f 1185 1187 1189
f 1189 1191 1193
f 1193 1195 1197
f 1197 1199 1201
f 1201 1203 1205
f 1205 1161 1165
f 1165 1169 1173
f 1173 1177 1181
f 1181 1185 1189
f 1189 1193 1197
f 1197 1201 1205
f 1205 1165 1173
f 1173 1181 1189
f 1189 1197 1205
f 1208 1215 1216
f 1212 1428 1222
f 1210 1219 1220
f 1425 1216 1217
f 1213 1212 1223
f 1427 1211 1220
f 1426 1217 1218
f 1207 1214 1215
f 1428 1427 1221
f 1210 1209 1218
f 1221 1220 1231
f 1218 1217 1228
f 1214 1225 1226
f 1222 1221 1232
f 1219 1218 1229
f 1216 1215 1226
f 1222 1233 1234
f 1219 1230 1231
f 1216 1227 1228
f 1224 1223 1234
f 1230 1242 1243
f 1227 1239 1240
f 1234 1246 1247
f 1231 1243 1244
f 1229 1228 1240
f 1225 1237 1238
f 1233 1232 1244
f 1230 1229 1241
f 1226 1238 1239
f 1234 1233 1245
f 1244 1255 1256
f 1242 1241 1252
f 1238 1249 1250
f 1245 1256 1257
f 1242 1253 1254
f 1240 1239 1250
f 1246 1257 1258
f 1244 1243 1254
f 1241 1240 1251
f 1238 1237 1248
f 1254 1265 1266
f 1251 1262 1263
f 1249 1248 1259
f 1255 1266 1267
f 1253 1252 1263
f 1249 1260 1261
f 1256 1267 1268
f 1253 1264 1265
f 1251 1250 1261
f 1257 1268 1269
f 1268 1267 1278
f 1264 1275 1276
f 1261 1272 1273
f 1268 1279 1280
f 1265 1276 1277
f 1262 1273 1274
f 1259 1270 1271
f 1267 1266 1277
f 1263 1274 1275
f 1261 1260 1271
f 1270 1281 1282
f 1278 1277 1288
f 1275 1274 1285
f 1272 1271 1282
f 1278 1289 1290
f 1275 1286 1287
f 1272 1283 1284
f 1280 1279 1290
f 1276 1287 1288
f 1274 1273 1284
f 1291 1290 1301
f 1287 1298 1299
f 1285 1284 1295
f 1281 1292 1293
f 1288 1299 1300
f 1285 1296 1297
f 1282 1293 1294
f 1289 1300 1301
f 1286 1297 1298
f 1283 1294 1295
f 1293 1304 1305
f 1300 1311 1312
f 1297 1308 1309
f 1294 1305 1306
f 1301 1312 1313
f 1299 1298 1309
f 1295 1306 1307
f 1293 1292 1303
f 1300 1299 1310
f 1297 1296 1307
f 1304 1303 1315
f 1310 1322 1323
f 1307 1319 1320
f 1304 1316 1317
f 1311 1323 1324
f 1308 1320 1321
f 1305 1317 1318
f 1312 1324 1325
f 1310 1309 1321
f 1306 1318 1319
f 1318 1317 1328
f 1324 1335 1336
f 1321 1332 1333
f 1318 1329 1330
f 1315 1326 1327
f 1323 1322 1333
f 1320 1319 1330
f 1316 1327 1328
f 1323 1334 1335
f 1320 1331 1332
f 1327 1338 1339
f 1334 1345 1346
f 1332 1331 1342
f 1329 1328 1339
f 1336 1335 1346
f 1332 1343 1344
f 1330 1329 1340
f 1326 1337 1338
f 1333 1344 1345
f 1330 1341 1342
f 1341 1340 1351
f 1337 1348 1349
f 1344 1355 1356
f 1341 1352 1353
f 1339 1338 1349
f 1345 1356 1357
f 1343 1342 1353
f 1339 1350 1351
f 1346 1357 1358
f 1343 1354 1355
f 1350 1361 1362
f 1358 1357 1368
f 1354 1365 1366
f 1352 1351 1362
f 1348 1359 1360
f 1355 1366 1367
f 1352 1363 1364
f 1349 1360 1361
f 1356 1367 1368
f 1354 1353 1364
f 1363 1374 1375
f 1360 1371 1372
f 1368 1367 1378
f 1365 1364 1375
f 1361 1372 1373
f 1369 1368 1379
f 1365 1376 1377
f 1363 1362 1373
f 1359 1370 1371
f 1366 1377 1378
f 1373 1384 1385
f 1370 1381 1382
f 1377 1388 1389
f 1375 1374 1385
f 1372 1371 1382
f 1379 1378 1389
f 1375 1386 1387
f 1372 1383 1384
f 1380 1379 1390
f 1376 1387 1388
f 1386 1397 1398
f 1383 1394 1395
f 1390 1401 1402
f 1387 1398 1399
f 1385 1384 1395
f 1382 1381 1392
f 1389 1388 1399
f 1385 1396 1397
f 1383 1382 1393
f 1389 1400 1401
f 1397 1396 1407
f 1393 1404 1405
f 1401 1400 1411
f 1397 1408 1409
f 1395 1394 1405
f 1401 1412 1413
f 1398 1409 1410
f 1396 1395 1406
f 1393 1392 1403
f 1400 1399 1410
f 1410 1409 1420
f 1406 1417 1418
f 1404 1403 1414
f 1411 1410 1421
f 1407 1418 1419
f 1404 1415 1416
f 1412 1411 1422
f 1409 1408 1419
f 1405 1416 1417
f 1412 1423 1424
f 1419 1210 1211
f 1416 1425 1426
f 1424 1423 1212
f 1421 1420 1211
f 1417 1426 1209
f 1415 1414 1207
f 1421 1427 1428
f 1418 1209 1210
f 1415 1208 1425
f 1422 1428 1212
f 1429 1430 1432
f 1432 1434 1433
f 1434 1436 1435
f 1436 1438 1437
f 1437 1438 1440
f 1439 1440 1442
f 1442 1444 1443
f 1444 1446 1445
f 1446 1448 1447
f 1448 1450 1449
f 1450 1452 1451
f 1451 1452 1454
f 1454 1456 1455
f 1455 1456 1458
f 1457 1458 1460
f 1460 1462 1461
f 1461 1462 1464
f 1464 1466 1465
f 1466 1468 1467
f 1468 1470 1469
f 1470 1472 1471
f 1472 1474 1473
f 1434 1432 1430
f 1430 1476 1474
f 1474 1472 1470
f 1470 1468 1466
f 1466 1464 1462
f 1462 1460 1458
f 1458 1456 1454
f 1454 1452 1450
f 1450 1448 1446
f 1446 1444 1442
f 1442 1440 1438
f 1438 1436 1434
f 1434 1430 1474
f 1474 1470 1466
f 1466 1462 1458
f 1458 1454 1450
f 1450 1446 1442
f 1442 1438 1434
f 1434 1474 1466
f 1466 1458 1450
f 1450 1442 1434
f 1474 1476 1475
f 1476 1430 1429
f 1475 1429 1431
f 1431 1433 1435
f 1435 1437 1439
f 1439 1441 1443
f 1443 1445 1447
f 1447 1449 1451
f 1451 1453 1455
f 1455 1457 1459
f 1459 1461 1463
f 1463 1465 1467
f 1467 1469 1471
f 1471 1473 1475
f 1475 1431 1435
f 1435 1439 1443
f 1443 1447 1451
f 1451 1455 1459
f 1459 1463 1467
f 1467 1471 1475
f 1475 1435 1443
f 1443 1451 1459
f 1459 1467 1475
f 1478 1480 1479
f 1480 1482 1481
f 1482 1484 1483
f 1484 1486 1485
f 1485 1486 1488
f 1487 1488 1490
f 1490 1492 1491
f 1491 1492 1494
f 1494 1496 1495
f 1495 1496 1498
f 1498 1500 1499
f 1500 1502 1501
f 1502 1504 1503
f 1503 1504 1506
f 1506 1508 1507
f 1508 1510 1509
f 1510 1512 1511
f 1511 1512 1514
f 1514 1516 1515
f 1515 1516 1518
f 1518 1520 1519
f 1520 1522 1521
f 1482 1480 1478
f 1478 1524 1522
f 1522 1520 1518
f 1518 1516 1514
f 1514 1512 1510
f 1510 1508 1506
f 1506 1504 1502
f 1502 1500 1498
f 1498 1496 1494
f 1494 1492 1490
f 1490 1488 1486
f 1486 1484 1482
f 1482 1478 1522
f 1522 1518 1514
f 1514 1510 1506
f 1506 1502 1498
f 1498 1494 1490
f 1490 1486 1482
f 1482 1522 1514
f 1514 1506 1498
f 1498 1490 1482
f 1521 1522 1524
f 1524 1478 1477
f 1523 1477 1479
f 1479 1481 1483
f 1483 1485 1487
f 1487 1489 1491
f 1491 1493 1495
f 1495 1497 1499
f 1499 1501 1503
f 1503 1505 1507
f 1507 1509 1511
f 1511 1513 1515
f 1515 1517 1519
f 1519 1521 1523
f 1523 1479 1483
f 1483 1487 1491
f 1491 1495 1499
f 1499 1503 1507
f 1507 1511 1515
f 1515 1519 1523
f 1523 1483 1491
f 1491 1499 1507
f 1507 1515 1523
f 1743 1526 1533
f 1746 1540 1541
f 1529 1528 1537
f 1743 1534 1535
f 1530 1541 1542
f 1745 1529 1538
f 1744 1535 1536
f 1526 1525 1532
f 1746 1745 1539
f 1527 1536 1537
f 1539 1538 1549
f 1535 1546 1547
f 1533 1532 1543
f 1539 1550 1551
f 1537 1536 1547
f 1533 1544 1545
f 1541 1540 1551
f 1537 1548 1549
f 1534 1545 1546
f 1541 1552 1553
f 1548 1560 1561
f 1546 1545 1557
f 1553 1552 1564
f 1550 1549 1561
f 1547 1546 1558
f 1543 1555 1556
f 1550 1562 1563
f 1548 1547 1559
f 1544 1556 1557
f 1551 1563 1564
f 1562 1573 1574
f 1559 1570 1571
f 1557 1556 1567
f 1564 1563 1574
f 1561 1560 1571
f 1558 1557 1568
f 1564 1575 1576
f 1562 1561 1572
f 1558 1569 1570
f 1556 1555 1566
f 1572 1583 1584
f 1569 1580 1581
f 1567 1566 1577
f 1573 1584 1585
f 1571 1570 1581
f 1567 1578 1579
f 1574 1585 1586
f 1571 1582 1583
f 1569 1568 1579
f 1576 1575 1586
f 1586 1585 1596
f 1582 1593 1594
f 1579 1590 1591
f 1586 1597 1598
f 1584 1583 1594
f 1580 1591 1592
f 1578 1577 1588
f 1585 1584 1595
f 1581 1592 1593
f 1578 1589 1590
f 1588 1599 1600
f 1596 1595 1606
f 1593 1592 1603
f 1590 1589 1600
f 1596 1607 1608
f 1593 1604 1605
f 1590 1601 1602
f 1598 1597 1608
f 1594 1605 1606
f 1592 1591 1602
f 1609 1608 1619
f 1605 1616 1617
f 1602 1613 1614
f 1599 1610 1611
f 1607 1606 1617
f 1603 1614 1615
f 1600 1611 1612
f 1607 1618 1619
f 1604 1615 1616
f 1601 1612 1613
f 1611 1622 1623
f 1618 1629 1630
f 1616 1615 1626
f 1613 1612 1623
f 1619 1630 1631
f 1616 1627 1628
f 1613 1624 1625
f 1611 1610 1621
f 1617 1628 1629
f 1614 1625 1626
f 1621 1633 1634
f 1628 1640 1641
f 1625 1637 1638
f 1623 1622 1634
f 1629 1641 1642
f 1627 1626 1638
f 1624 1623 1635
f 1631 1630 1642
f 1628 1627 1639
f 1625 1624 1636
f 1635 1646 1647
f 1643 1642 1653
f 1640 1639 1650
f 1636 1647 1648
f 1634 1633 1644
f 1641 1640 1651
f 1638 1637 1648
f 1634 1645 1646
f 1641 1652 1653
f 1638 1649 1650
f 1646 1645 1656
f 1652 1663 1664
f 1649 1660 1661
f 1646 1657 1658
f 1654 1653 1664
f 1650 1661 1662
f 1647 1658 1659
f 1644 1655 1656
f 1652 1651 1662
f 1649 1648 1659
f 1659 1658 1669
f 1655 1666 1667
f 1662 1673 1674
f 1659 1670 1671
f 1656 1667 1668
f 1663 1674 1675
f 1661 1660 1671
f 1658 1657 1668
f 1665 1664 1675
f 1661 1672 1673
f 1669 1668 1679
f 1675 1686 1687
f 1673 1672 1683
f 1669 1680 1681
f 1667 1666 1677
f 1673 1684 1685
f 1671 1670 1681
f 1668 1667 1678
f 1675 1674 1685
f 1671 1682 1683
f 1681 1692 1693
f 1679 1678 1689
f 1685 1696 1697
f 1683 1682 1693
f 1680 1679 1690
f 1686 1697 1698
f 1684 1683 1694
f 1680 1691 1692
f 1678 1677 1688
f 1685 1684 1695
f 1692 1691 1702
f 1688 1699 1700
f 1696 1695 1706
f 1692 1703 1704
f 1689 1700 1701
f 1697 1696 1707
f 1693 1704 1705
f 1690 1701 1702
f 1698 1697 1708
f 1694 1705 1706
f 1705 1704 1715
f 1701 1712 1713
f 1708 1719 1720
f 1705 1716 1717
f 1703 1702 1713
f 1700 1699 1710
f 1707 1706 1717
f 1703 1714 1715
f 1701 1700 1711
f 1707 1718 1719
f 1714 1725 1726
f 1711 1722 1723
f 1718 1729 1730
f 1715 1726 1727
f 1713 1712 1723
f 1720 1719 1730
f 1717 1716 1727
f 1713 1724 1725
f 1710 1721 1722
f 1717 1728 1729
f 1728 1727 1738
f 1724 1735 1736
f 1722 1721 1732
f 1728 1739 1740
f 1725 1736 1737
f 1722 1733 1734
f 1730 1729 1740
f 1727 1726 1737
f 1724 1723 1734
f 1730 1741 1742
f 1737 1528 1529
f 1735 1734 1743
f 1742 1741 1530
f 1739 1738 1529
f 1735 1744 1527
f 1732 1525 1526
f 1739 1745 1746
f 1737 1736 1527
f 1733 1526 1743
f 1741 1740 1746
f 1748 1755 1756
f 1752 1968 1762
f 1750 1759 1760
f 1965 1756 1757
f 1753 1752 1763
f 1967 1751 1760
f 1966 1757 1758
f 1747 1754 1755
f 1968 1967 1761
f 1750 1749 1758
f 1760 1771 1772
f 1757 1768 1769
f 1754 1765 1766
f 1761 1772 1773
f 1759 1758 1769
f 1756 1755 1766
f 1762 1773 1774
f 1759 1770 1771
f 1756 1767 1768
f 1763 1774 1775
f 1771 1770 1782
f 1768 1767 1779
f 1774 1786 1787
f 1771 1783 1784
f 1769 1768 1780
f 1766 1765 1777
f 1772 1784 1785
f 1769 1781 1782
f 1766 1778 1779
f 1774 1773 1785
f 1784 1795 1796
f 1781 1792 1793
f 1778 1789 1790
f 1786 1785 1796
f 1782 1793 1794
f 1779 1790 1791
f 1786 1797 1798
f 1783 1794 1795
f 1781 1780 1791
f 1778 1777 1788
f 1794 1805 1806
f 1791 1802 1803
f 1788 1799 1800
f 1796 1795 1806
f 1792 1803 1804
f 1790 1789 1800
f 1796 1807 1808
f 1794 1793 1804
f 1790 1801 1802
f 1798 1797 1808
f 1807 1818 1819
f 1804 1815 1816
f 1802 1801 1812
f 1808 1819 1820
f 1806 1805 1816
f 1802 1813 1814
f 1800 1799 1810
f 1806 1817 1818
f 1804 1803 1814
f 1801 1800 1811
f 1811 1810 1821
f 1818 1817 1828
f 1815 1814 1825
f 1811 1822 1823
f 1818 1829 1830
f 1815 1826 1827
f 1812 1823 1824
f 1820 1819 1830
f 1817 1816 1827
f 1813 1824 1825
f 1830 1841 1842
f 1827 1838 1839
f 1824 1835 1836
f 1821 1832 1833
f 1828 1839 1840
f 1825 1836 1837
f 1823 1822 1833
f 1829 1840 1841
f 1826 1837 1838
f 1824 1823 1834
f 1833 1844 1845
f 1841 1840 1851
f 1837 1848 1849
f 1835 1834 1845
f 1842 1841 1852
f 1838 1849 1850
f 1836 1835 1846
f 1832 1843 1844
f 1839 1850 1851
f 1837 1836 1847
f 1843 1855 1856
f 1850 1862 1863
f 1847 1859 1860
f 1845 1844 1856
f 1851 1863 1864
f 1848 1860 1861
f 1846 1845 1857
f 1853 1852 1864
f 1849 1861 1862
f 1847 1846 1858
f 1858 1857 1868
f 1864 1875 1876
f 1862 1861 1872
f 1859 1858 1869
f 1855 1866 1867
f 1862 1873 1874
f 1859 1870 1871
f 1856 1867 1868
f 1864 1863 1874
f 1860 1871 1872
f 1868 1867 1878
f 1875 1874 1885
f 1872 1871 1882
f 1869 1868 1879
f 1876 1875 1886
f 1872 1883 1884
f 1870 1869 1880
f 1866 1877 1878
f 1874 1873 1884
f 1870 1881 1882
f 1881 1880 1891
f 1877 1888 1889
f 1884 1895 1896
f 1881 1892 1893
f 1878 1889 1890
f 1886 1885 1896
f 1882 1893 1894
f 1879 1890 1891
f 1887 1886 1897
f 1883 1894 1895
f 1890 1901 1902
f 1898 1897 1908
f 1894 1905 1906
f 1891 1902 1903
f 1888 1899 1900
f 1896 1895 1906
f 1892 1903 1904
f 1889 1900 1901
f 1897 1896 1907
f 1894 1893 1904
f 1903 1914 1915
f 1900 1911 1912
f 1908 1907 1918
f 1905 1904 1915
f 1902 1901 1912
f 1908 1919 1920
f 1905 1916 1917
f 1903 1902 1913
f 1899 1910 1911
f 1906 1917 1918
f 1914 1913 1924
f 1911 1910 1921
f 1918 1917 1928
f 1914 1925 1926
f 1912 1911 1922
f 1918 1929 1930
f 1915 1926 1927
f 1912 1923 1924
f 1919 1930 1931
f 1916 1927 1928
f 1927 1926 1937
f 1924 1923 1934
f 1930 1941 1942
f 1928 1927 1938
f 1924 1935 1936
f 1922 1921 1932
f 1928 1939 1940
f 1925 1936 1937
f 1922 1933 1934
f 1929 1940 1941
f 1936 1947 1948
f 1933 1944 1945
f 1940 1951 1952
f 1937 1948 1949
f 1934 1945 1946
f 1942 1941 1952
f 1938 1949 1950
f 1936 1935 1946
f 1932 1943 1944
f 1939 1950 1951
f 1949 1960 1961
f 1946 1957 1958
f 1944 1943 1954
f 1950 1961 1962
f 1948 1947 1958
f 1944 1955 1956
f 1952 1951 1962
f 1948 1959 1960
f 1946 1945 1956
f 1952 1963 1964
f 1960 1959 1750
f 1956 1965 1966
f 1963 1752 1753
f 1961 1960 1751
f 1957 1966 1749
f 1955 1954 1747
f 1962 1961 1967
f 1958 1749 1750
f 1955 1748 1965
f 1962 1968 1752
f 1970 1972 1971
f 1972 1974 1973
f 1974 1976 1975
f 1976 1978 1977
f 1978 1980 1979
f 1980 1982 1981
f 1982 1984 1983
f 1984 1986 1985
f 1986 1988 1987
f 1988 1990 1989
f 1990 1992 1991
f 1992 1994 1993
f 1994 1996 1995
f 1995 1996 1998
f 1998 2000 1999
f 2000 2002 2001
f 2001 2002 2004
f 2004 2006 2005
f 2006 2008 2007
f 2008 2010 2009
f 2010 2012 2011
f 2012 2014 2013
f 1974 1972 1970
f 1970 2016 2014
f 2014 2012 2010
f 2010 2008 2006
f 2006 2004 2002
f 2002 2000 1998
f 1998 1996 1994
f 1994 1992 1990
f 1990 1988 1986
f 1986 1984 1982
f 1982 1980 1978
f 1978 1976 1974
f 1974 1970 2014
f 2014 2010 2006
f 2006 2002 1998
f 1998 1994 1990
f 1990 1986 1982
f 1982 1978 1974
f 1974 2014 2006
f 2006 1998 1990
f 1990 1982 1974
f 2014 2016 2015
f 2015 2016 1970
f 2015 1969 1971
f 1971 1973 1975
f 1975 1977 1979
f 1979 1981 1983
f 1983 1985 1987
f 1987 1989 1991
f 1991 1993 1995
f 1995 1997 1999
f 1999 2001 2003
f 2003 2005 2007
f 2007 2009 2011
f 2011 2013 2015
f 2015 1971 1975
f 1975 1979 1983
f 1983 1987 1991
f 1991 1995 1999
f 1999 2003 2007
f 2007 2011 2015
f 2015 1975 1983
f 1983 1991 1999
f 1999 2007 2015
f 2017 2024 2025
f 2238 2237 2031
f 2019 2028 2029
f 2018 2025 2026
f 2238 2032 2033
f 2020 2029 2030
f 2235 2026 2027
f 2023 2022 2033
f 2237 2021 2030
f 2236 2027 2028
f 2029 2040 2041
f 2027 2026 2037
f 2033 2044 2045
f 2030 2041 2042
f 2028 2027 2038
f 2025 2024 2035
f 2031 2042 2043
f 2029 2028 2039
f 2026 2025 2036
f 2032 2043 2044
f 2042 2054 2055
f 2040 2039 2051
f 2036 2048 2049
f 2044 2043 2055
f 2040 2052 2053
f 2037 2049 2050
f 2044 2056 2057
f 2042 2041 2053
f 2038 2050 2051
f 2035 2047 2048
f 2053 2064 2065
f 2051 2050 2061
f 2047 2058 2059
f 2054 2065 2066
f 2051 2062 2063
f 2048 2059 2060
f 2055 2066 2067
f 2053 2052 2063
f 2050 2049 2060
f 2056 2067 2068
f 2067 2066 2077
f 2064 2063 2074
f 2061 2060 2071
f 2067 2078 2079
f 2065 2064 2075
f 2061 2072 2073
f 2059 2058 2069
f 2065 2076 2077
f 2062 2073 2074
f 2059 2070 2071
f 2069 2080 2081
f 2076 2087 2088
f 2073 2084 2085
f 2070 2081 2082
f 2078 2077 2088
f 2074 2085 2086
f 2072 2071 2082
f 2078 2089 2090
f 2076 2075 2086
f 2072 2083 2084
f 2090 2089 2100
f 2086 2097 2098
f 2084 2083 2094
f 2081 2080 2091
f 2088 2087 2098
f 2084 2095 2096
f 2081 2092 2093
f 2089 2088 2099
f 2086 2085 2096
f 2083 2082 2093
f 2092 2103 2104
f 2100 2099 2110
f 2096 2107 2108
f 2094 2093 2104
f 2101 2100 2111
f 2097 2108 2109
f 2095 2094 2105
f 2091 2102 2103
f 2098 2109 2110
f 2096 2095 2106
f 2103 2102 2113
f 2109 2120 2121
f 2106 2117 2118
f 2104 2103 2114
f 2111 2110 2121
f 2107 2118 2119
f 2105 2104 2115
f 2111 2122 2123
f 2108 2119 2120
f 2106 2105 2116
f 2115 2127 2128
f 2123 2122 2134
f 2119 2131 2132
f 2117 2116 2128
f 2114 2113 2125
f 2121 2120 2132
f 2118 2117 2129
f 2114 2126 2127
f 2121 2133 2134
f 2118 2130 2131
f 2127 2126 2137
f 2133 2144 2145
f 2130 2141 2142
f 2128 2127 2138
f 2134 2145 2146
f 2131 2142 2143
f 2129 2128 2139
f 2126 2125 2136
f 2132 2143 2144
f 2129 2140 2141
f 2140 2139 2150
f 2136 2147 2148
f 2143 2154 2155
f 2140 2151 2152
f 2137 2148 2149
f 2145 2144 2155
f 2142 2141 2152
f 2139 2138 2149
f 2146 2145 2156
f 2143 2142 2153
f 2150 2149 2160
f 2156 2167 2168
f 2154 2153 2164
f 2150 2161 2162
f 2147 2158 2159
f 2154 2165 2166
f 2152 2151 2162
f 2149 2148 2159
f 2155 2166 2167
f 2152 2163 2164
f 2162 2173 2174
f 2159 2170 2171
f 2167 2166 2177
f 2163 2174 2175
f 2160 2171 2172
f 2167 2178 2179
f 2164 2175 2176
f 2161 2172 2173
f 2158 2169 2170
f 2165 2176 2177
f 2172 2183 2184
f 2169 2180 2181
f 2176 2187 2188
f 2173 2184 2185
f 2170 2181 2182
f 2178 2177 2188
f 2175 2174 2185
f 2171 2182 2183
f 2178 2189 2190
f 2175 2186 2187
f 2185 2196 2197
f 2182 2193 2194
f 2189 2200 2201
f 2186 2197 2198
f 2184 2183 2194
f 2180 2191 2192
f 2188 2187 2198
f 2185 2184 2195
f 2182 2181 2192
f 2188 2199 2200
f 2195 2206 2207
f 2193 2192 2203
f 2200 2199 2210
f 2197 2196 2207
f 2193 2204 2205
f 2201 2200 2211
f 2198 2197 2208
f 2194 2205 2206
f 2192 2191 2202
f 2198 2209 2210
f 2208 2219 2220
f 2205 2216 2217
f 2202 2213 2214
f 2210 2209 2220
f 2206 2217 2218
f 2203 2214 2215
f 2211 2210 2221
f 2208 2207 2218
f 2204 2215 2216
f 2212 2211 2222
f 2219 2218 2229
f 2215 2226 2227
f 2222 2233 2234
f 2219 2230 2231
f 2216 2227 2228
f 2213 2224 2225
f 2220 2231 2232
f 2217 2228 2229
f 2215 2214 2225
f 2222 2221 2232
f 2231 2237 2238
f 2228 2019 2020
f 2226 2225 2018
f 2233 2232 2238
f 2229 2020 2021
f 2226 2235 2236
f 2234 2233 2022
f 2231 2230 2021
f 2227 2236 2019
f 2224 2017 2018
f 2240 2242 2241
f 2241 2242 2244
f 2243 2244 2246
f 2246 2248 2247
f 2248 2250 2249
f 2250 2252 2251
f 2251 2252 2254
f 2254 2256 2255
f 2256 2258 2257
f 2258 2260 2259
f 2259 2260 2262
f 2261 2262 2264
f 2264 2266 2265
f 2265 2266 2268
f 2268 2270 2269
f 2269 2270 2272
f 2271 2272 2274
f 2274 2276 2275
f 2276 2278 2277
f 2278 2280 2279
f 2280 2282 2281
f 2282 2284 2283
f 2244 2242 2240
f 2240 2286 2284
f 2284 2282 2280
f 2280 2278 2276
f 2276 2274 2272
f 2272 2270 2268
f 2268 2266 2264
f 2264 2262 2260
f 2260 2258 2256
f 2256 2254 2252
f 2252 2250 2248
f 2248 2246 2244
f 2244 2240 2284
f 2284 2280 2276
f 2276 2272 2268
f 2268 2264 2260
f 2260 2256 2252
f 2252 2248 2244
f 2244 2284 2276
f 2276 2268 2260
f 2260 2252 2244
f 2284 2286 2285
f 2285 2286 2240
f 2285 2239 2241
f 2241 2243 2245
f 2245 2247 2249
f 2249 2251 2253
f 2253 2255 2257
f 2257 2259 2261
f 2261 2263 2265
f 2265 2267 2269
f 2269 2271 2273
f 2273 2275 2277
f 2277 2279 2281
f 2281 2283 2285
f 2285 2241 2245
f 2245 2249 2253
f 2253 2257 2261
f 2261 2265 2269
f 2269 2273 2277
f 2277 2281 2285
f 2285 2245 2253
f 2253 2261 2269
f 2269 2277 2285
f 2287 2294 2295
f 2508 2507 2301
f 2289 2298 2299
f 2288 2295 2296
f 2292 2508 2302
f 2291 2290 2299
f 2505 2296 2297
f 2293 2292 2303
f 2291 2300 2301
f 2506 2297 2298
f 2300 2299 2310
f 2296 2307 2308
f 2303 2314 2315
f 2300 2311 2312
f 2298 2297 2308
f 2294 2305 2306
f 2302 2301 2312
f 2298 2309 2310
f 2295 2306 2307
f 2302 2313 2314
f 2313 2312 2324
f 2309 2321 2322
f 2306 2318 2319
f 2314 2313 2325
f 2310 2322 2323
f 2307 2319 2320
f 2315 2314 2326
f 2311 2323 2324
f 2309 2308 2320
f 2306 2305 2317
f 2323 2334 2335
f 2321 2320 2331
f 2317 2328 2329
f 2324 2335 2336
f 2321 2332 2333
f 2319 2318 2329
f 2325 2336 2337
f 2323 2322 2333
f 2319 2330 2331
f 2326 2337 2338
f 2337 2336 2347
f 2334 2333 2344
f 2331 2330 2341
f 2337 2348 2349
f 2334 2345 2346
f 2332 2331 2342
f 2328 2339 2340
f 2335 2346 2347
f 2332 2343 2344
f 2329 2340 2341
f 2339 2350 2351
f 2346 2357 2358
f 2343 2354 2355
f 2341 2340 2351
f 2347 2358 2359
f 2344 2355 2356
f 2341 2352 2353
f 2349 2348 2359
f 2346 2345 2356
f 2342 2353 2354
f 2359 2370 2371
f 2356 2367 2368
f 2353 2364 2365
f 2351 2350 2361
f 2357 2368 2369
f 2354 2365 2366
f 2352 2351 2362
f 2358 2369 2370
f 2355 2366 2367
f 2352 2363 2364
f 2363 2362 2373
f 2369 2380 2381
f 2367 2366 2377
f 2363 2374 2375
f 2371 2370 2381
f 2367 2378 2379
f 2365 2364 2375
f 2362 2361 2372
f 2368 2379 2380
f 2365 2376 2377
f 2372 2383 2384
f 2380 2379 2390
f 2377 2376 2387
f 2373 2384 2385
f 2380 2391 2392
f 2377 2388 2389
f 2374 2385 2386
f 2381 2392 2393
f 2378 2389 2390
f 2376 2375 2386
f 2385 2397 2398
f 2392 2404 2405
f 2390 2389 2401
f 2386 2398 2399
f 2384 2383 2395
f 2390 2402 2403
f 2387 2399 2400
f 2385 2384 2396
f 2391 2403 2404
f 2388 2400 2401
f 2396 2407 2408
f 2404 2403 2414
f 2401 2400 2411
f 2397 2408 2409
f 2405 2404 2415
f 2401 2412 2413
f 2399 2398 2409
f 2395 2406 2407
f 2403 2402 2413
f 2399 2410 2411
f 2409 2420 2421
f 2406 2417 2418
f 2414 2413 2424
f 2410 2421 2422
f 2407 2418 2419
f 2414 2425 2426
f 2412 2411 2422
f 2409 2408 2419
f 2415 2426 2427
f 2413 2412 2423
f 2419 2430 2431
f 2426 2437 2438
f 2424 2423 2434
f 2420 2431 2432
f 2418 2417 2428
f 2424 2435 2436
f 2421 2432 2433
f 2419 2418 2429
f 2426 2425 2436
f 2423 2422 2433
f 2432 2443 2444
f 2430 2429 2440
f 2436 2447 2448
f 2433 2444 2445
f 2430 2441 2442
f 2438 2437 2448
f 2434 2445 2446
f 2431 2442 2443
f 2428 2439 2440
f 2435 2446 2447
f 2442 2453 2454
f 2440 2439 2450
f 2447 2446 2457
f 2444 2443 2454
f 2440 2451 2452
f 2448 2447 2458
f 2444 2455 2456
f 2441 2452 2453
f 2448 2459 2460
f 2446 2445 2456
f 2456 2455 2466
f 2453 2452 2463
f 2460 2459 2470
f 2456 2467 2468
f 2454 2453 2464
f 2451 2450 2461
f 2457 2468 2469
f 2454 2465 2466
f 2452 2451 2462
f 2458 2469 2470
f 2465 2476 2477
f 2463 2462 2473
f 2470 2469 2480
f 2466 2477 2478
f 2463 2474 2475
f 2470 2481 2482
f 2468 2467 2478
f 2464 2475 2476
f 2461 2472 2473
f 2469 2468 2479
f 2478 2489 2490
f 2476 2475 2486
f 2473 2472 2483
f 2480 2479 2490
f 2477 2476 2487
f 2473 2484 2485
f 2481 2480 2491
f 2478 2477 2488
f 2474 2485 2486
f 2482 2481 2492
f 2488 2499 2500
f 2486 2485 2496
f 2492 2503 2504
f 2490 2489 2500
f 2486 2497 2498
f 2483 2494 2495
f 2491 2490 2501
f 2487 2498 2499
f 2484 2495 2496
f 2491 2502 2503
f 2501 2507 2508
f 2498 2289 2290
f 2496 2495 2288
f 2502 2508 2292
f 2499 2290 2291
f 2497 2496 2505
f 2503 2292 2293
f 2501 2500 2291
f 2497 2506 2289
f 2494 2287 2288
f 2727 2518 2519
f 2515 2514 2525
f 2729 2513 2522
f 2728 2519 2520
f 2509 2516 2517
f 2730 2729 2523
f 2511 2520 2521
f 2510 2517 2518
f 2514 2730 2524
f 2513 2512 2521
f 2524 2523 2534
f 2520 2531 2532
f 2517 2528 2529
f 2525 2524 2535
f 2522 2521 2532
f 2518 2529 2530
f 2526 2525 2536
f 2523 2522 2533
f 2519 2530 2531
f 2516 2527 2528
f 2534 2533 2545
f 2530 2542 2543
f 2527 2539 2540
f 2535 2534 2546
f 2531 2543 2544
f 2528 2540 2541
f 2536 2535 2547
f 2533 2532 2544
f 2529 2541 2542
f 2537 2536 2548
f 2548 2547 2558
f 2545 2544 2555
f 2541 2552 2553
f 2549 2548 2559
f 2546 2545 2556
f 2542 2553 2554
f 2539 2550 2551
f 2547 2546 2557
f 2543 2554 2555
f 2540 2551 2552
f 2550 2561 2562
f 2558 2557 2568
f 2554 2565 2566
f 2551 2562 2563
f 2559 2558 2569
f 2556 2555 2566
f 2552 2563 2564
f 2560 2559 2570
f 2557 2556 2567
f 2553 2564 2565
f 2570 2581 2582
f 2567 2578 2579
f 2565 2564 2575
f 2562 2561 2572
f 2568 2579 2580
f 2566 2565 2576
f 2563 2562 2573
f 2569 2580 2581
f 2566 2577 2578
f 2564 2563 2574
f 2574 2573 2584
f 2580 2591 2592
f 2577 2588 2589
f 2575 2574 2585
f 2581 2592 2593
f 2578 2589 2590
f 2576 2575 2586
f 2573 2572 2583
f 2579 2590 2591
f 2577 2576 2587
f 2584 2583 2594
f 2590 2601 2602
f 2588 2587 2598
f 2585 2584 2595
f 2591 2602 2603
f 2588 2599 2600
f 2586 2585 2596
f 2592 2603 2604
f 2589 2600 2601
f 2587 2586 2597
f 2597 2596 2607
f 2603 2614 2615
f 2600 2611 2612
f 2598 2597 2608
f 2595 2594 2605
f 2601 2612 2613
f 2599 2598 2609
f 2596 2595 2606
f 2602 2613 2614
f 2599 2610 2611
f 2607 2606 2618
f 2613 2625 2626
f 2610 2622 2623
f 2608 2607 2619
f 2614 2626 2627
f 2611 2623 2624
f 2609 2608 2620
f 2606 2605 2617
f 2612 2624 2625
f 2610 2609 2621
f 2620 2631 2632
f 2617 2628 2629
f 2625 2624 2635
f 2621 2632 2633
f 2618 2629 2630
f 2626 2625 2636
f 2623 2622 2633
f 2619 2630 2631
f 2627 2626 2637
f 2624 2623 2634
f 2630 2641 2642
f 2638 2637 2648
f 2635 2634 2645
f 2631 2642 2643
f 2628 2639 2640
f 2636 2635 2646
f 2632 2643 2644
f 2629 2640 2641
f 2637 2636 2647
f 2634 2633 2644
f 2643 2654 2655
f 2640 2651 2652
f 2648 2647 2658
f 2645 2644 2655
f 2641 2652 2653
f 2649 2648 2659
f 2646 2645 2656
f 2642 2653 2654
f 2639 2650 2651
f 2647 2646 2657
f 2653 2664 2665
f 2650 2661 2662
f 2658 2657 2668
f 2654 2665 2666
f 2651 2662 2663
f 2659 2658 2669
f 2656 2655 2666
f 2652 2663 2664
f 2660 2659 2670
f 2657 2656 2667
f 2667 2666 2677
f 2663 2674 2675
f 2671 2670 2681
f 2668 2667 2678
f 2664 2675 2676
f 2661 2672 2673
f 2669 2668 2679
f 2665 2676 2677
f 2662 2673 2674
f 2670 2669 2680
f 2677 2676 2687
f 2674 2673 2684
f 2680 2691 2692
f 2677 2688 2689
f 2675 2674 2685
f 2681 2692 2693
f 2678 2689 2690
f 2676 2675 2686
f 2673 2672 2683
f 2679 2690 2691
f 2689 2700 2701
f 2687 2686 2697
f 2684 2683 2694
f 2690 2701 2702
f 2688 2687 2698
f 2685 2684 2695
f 2691 2702 2703
f 2688 2699 2700
f 2686 2685 2696
f 2692 2703 2704
f 2699 2710 2711
f 2697 2696 2707
f 2703 2714 2715
f 2700 2711 2712
f 2698 2697 2708
f 2695 2694 2705
f 2701 2712 2713
f 2699 2698 2709
f 2696 2695 2706
f 2702 2713 2714
f 2712 2723 2724
f 2710 2709 2720
f 2707 2706 2717
f 2713 2724 2725
f 2710 2721 2722
f 2708 2707 2718
f 2714 2725 2726
f 2711 2722 2723
f 2709 2708 2719
f 2706 2705 2716
f 2722 2513 2729
f 2720 2719 2728
f 2717 2716 2509
f 2723 2729 2730
f 2721 2720 2511
f 2718 2717 2510
f 2724 2730 2514
f 2721 2512 2513
f 2719 2718 2727
f 2725 2514 2515
f 2732 2739 2740
f 2736 2952 2746
f 2735 2734 2743
f 2949 2740 2741
f 2736 2747 2748
f 2951 2735 2744
f 2950 2741 2742
f 2732 2731 2738
f 2951 2745 2746
f 2733 2742 2743
f 2745 2744 2755
f 2741 2752 2753
f 2739 2738 2749
f 2745 2756 2757
f 2742 2753 2754
f 2740 2739 2750
f 2747 2746 2757
f 2743 2754 2755
f 2740 2751 2752
f 2748 2747 2758
f 2757 2769 2770
f 2755 2754 2766
f 2751 2763 2764
f 2758 2770 2771
f 2755 2767 2768
f 2753 2752 2764
f 2749 2761 2762
f 2757 2756 2768
f 2753 2765 2766
f 2750 2762 2763
f 2761 2772 2773
f 2769 2768 2779
f 2765 2776 2777
f 2763 2762 2773
f 2770 2769 2780
f 2766 2777 2778
f 2763 2774 2775
f 2771 2770 2781
f 2767 2778 2779
f 2764 2775 2776
f 2782 2781 2792
f 2778 2789 2790
f 2775 2786 2787
f 2772 2783 2784
f 2780 2779 2790
f 2776 2787 2788
f 2774 2773 2784
f 2781 2780 2791
f 2777 2788 2789
f 2774 2785 2786
f 2784 2795 2796
f 2792 2791 2802
f 2789 2788 2799
f 2786 2785 2796
f 2793 2792 2803
f 2789 2800 2801
f 2787 2786 2797
f 2783 2794 2795
f 2790 2801 2802
f 2787 2798 2799
f 2795 2794 2805
f 2801 2812 2813
f 2799 2798 2809
f 2795 2806 2807
f 2802 2813 2814
f 2799 2810 2811
f 2797 2796 2807
f 2804 2803 2814
f 2800 2811 2812
f 2798 2797 2808
f 2808 2807 2818
f 2815 2814 2825
f 2811 2822 2823
f 2809 2808 2819
f 2805 2816 2817
f 2813 2812 2823
f 2809 2820 2821
f 2806 2817 2818
f 2814 2813 2824
f 2810 2821 2822
f 2818 2817 2828
f 2825 2824 2835
f 2822 2821 2832
f 2818 2829 2830
f 2826 2825 2836
f 2822 2833 2834
f 2820 2819 2830
f 2816 2827 2828
f 2824 2823 2834
f 2820 2831 2832
f 2831 2830 2842
f 2827 2839 2840
f 2835 2834 2846
f 2831 2843 2844
f 2828 2840 2841
f 2836 2835 2847
f 2833 2832 2844
f 2829 2841 2842
f 2837 2836 2848
f 2833 2845 2846
f 2842 2841 2852
f 2848 2859 2860
f 2846 2845 2856
f 2842 2853 2854
f 2840 2839 2850
f 2846 2857 2858
f 2843 2854 2855
f 2841 2840 2851
f 2847 2858 2859
f 2844 2855 2856
f 2854 2865 2866
f 2851 2862 2863
f 2859 2858 2869
f 2855 2866 2867
f 2853 2852 2863
f 2859 2870 2871
f 2857 2856 2867
f 2854 2853 2864
f 2850 2861 2862
f 2857 2868 2869
f 2865 2864 2875
f 2862 2861 2872
f 2869 2868 2879
f 2866 2865 2876
f 2862 2873 2874
f 2869 2880 2881
f 2866 2877 2878
f 2863 2874 2875
f 2870 2881 2882
f 2867 2878 2879
f 2878 2877 2888
f 2874 2885 2886
f 2881 2892 2893
f 2878 2889 2890
f 2876 2875 2886
f 2872 2883 2884
f 2880 2879 2890
f 2876 2887 2888
f 2874 2873 2884
f 2880 2891 2892
f 2888 2887 2898
f 2885 2884 2895
f 2891 2902 2903
f 2889 2888 2899
f 2886 2885 2896
f 2893 2892 2903
f 2890 2889 2900
f 2886 2897 2898
f 2883 2894 2895
f 2890 2901 2902
f 2900 2911 2912
f 2898 2897 2908
f 2894 2905 2906
f 2902 2901 2912
f 2898 2909 2910
f 2895 2906 2907
f 2903 2902 2913
f 2900 2899 2910
f 2897 2896 2907
f 2903 2914 2915
f 2910 2921 2922
f 2908 2907 2918
f 2914 2925 2926
f 2911 2922 2923
f 2908 2919 2920
f 2905 2916 2917
f 2912 2923 2924
f 2909 2920 2921
f 2906 2917 2918
f 2914 2913 2924
f 2924 2923 2934
f 2921 2920 2931
f 2917 2928 2929
f 2924 2935 2936
f 2922 2921 2932
f 2918 2929 2930
f 2926 2925 2936
f 2922 2933 2934
f 2920 2919 2930
f 2916 2927 2928
f 2933 2944 2945
f 2930 2941 2942
f 2927 2938 2939
f 2934 2945 2946
f 2932 2931 2942
f 2928 2939 2940
f 2936 2935 2946
f 2932 2943 2944
f 2930 2929 2940
f 2937 2936 2947
f 2946 2952 2736
f 2944 2943 2734
f 2941 2940 2949
f 2947 2736 2737
f 2945 2944 2735
f 2941 2950 2733
f 2938 2731 2732
f 2945 2951 2952
f 2942 2733 2734
f 2940 2939 2732
f 2954 2956 2955
f 2955 2956 2958
f 2958 2960 2959
f 2959 2960 2962
f 2962 2964 2963
f 2964 2966 2965
f 2966 2968 2967
f 2968 2970 2969
f 2970 2972 2971
f 2972 2974 2973
f 2974 2976 2975
f 2976 2978 2977
f 2978 2980 2979
f 2980 2982 2981
f 2982 2984 2983
f 2983 2984 2986
f 2985 2986 2988
f 2988 2990 2989
f 2990 2992 2991
f 2992 2994 2993
f 2994 2996 2995
f 2995 2996 2998
f 2958 2956 2954
f 2954 3000 2998
f 2998 2996 2994
f 2994 2992 2990
f 2990 2988 2986
f 2986 2984 2982
f 2982 2980 2978
f 2978 2976 2974
f 2974 2972 2970
f 2970 2968 2966
f 2966 2964 2962
f 2962 2960 2958
f 2958 2954 2998
f 2998 2994 2990
f 2990 2986 2982
f 2982 2978 2974
f 2974 2970 2966
f 2966 2962 2958
f 2958 2998 2990
f 2990 2982 2974
f 2974 2966 2958
f 2998 3000 2999
f 3000 2954 2953
f 2999 2953 2955
f 2955 2957 2959
f 2959 2961 2963
f 2963 2965 2967
f 2967 2969 2971
f 2971 2973 2975
f 2975 2977 2979
f 2979 2981 2983
f 2983 2985 2987
f 2987 2989 2991
f 2991 2993 2995
f 2995 2997 2999
f 2999 2955 2959
f 2959 2963 2967
f 2967 2971 2975
f 2975 2979 2983
f 2983 2987 2991
f 2991 2995 2999
f 2999 2959 2967
f 2967 2975 2983
f 2983 2991 2999
f 3002 3009 3010
f 3222 3016 3017
f 3004 3013 3014
f 3219 3010 3011
f 3006 3017 3018
f 3221 3005 3014
f 3220 3011 3012
f 3001 3008 3009
f 3222 3221 3015
f 3003 3012 3013
f 3015 3014 3025
f 3012 3011 3022
f 3009 3008 3019
f 3016 3015 3026
f 3013 3012 3023
f 3010 3009 3020
f 3016 3027 3028
f 3013 3024 3025
f 3010 3021 3022
f 3018 3017 3028
f 3027 3039 3040
f 3024 3036 3037
f 3022 3021 3033
f 3028 3040 3041
f 3025 3037 3038
f 3022 3034 3035
f 3019 3031 3032
f 3026 3038 3039
f 3023 3035 3036
f 3020 3032 3033
f 3032 3031 3042
f 3038 3049 3050
f 3035 3046 3047
f 3033 3032 3043
f 3039 3050 3051
f 3036 3047 3048
f 3034 3033 3044
f 3040 3051 3052
f 3037 3048 3049
f 3034 3045 3046
f 3051 3062 3063
f 3048 3059 3060
f 3046 3045 3056
f 3043 3042 3053
f 3049 3060 3061
f 3047 3046 3057
f 3044 3043 3054
f 3050 3061 3062
f 3047 3058 3059
f 3044 3055 3056
f 3054 3065 3066
f 3062 3061 3072
f 3059 3058 3069
f 3055 3066 3067
f 3063 3062 3073
f 3059 3070 3071
f 3057 3056 3067
f 3053 3064 3065
f 3061 3060 3071
f 3058 3057 3068
f 3065 3064 3075
f 3072 3071 3082
f 3068 3079 3080
f 3065 3076 3077
f 3073 3072 3083
f 3069 3080 3081
f 3066 3077 3078
f 3074 3073 3084
f 3071 3070 3081
f 3068 3067 3078
f 3077 3088 3089
f 3084 3095 3096
f 3081 3092 3093
f 3079 3078 3089
f 3075 3086 3087
f 3083 3082 3093
f 3079 3090 3091
f 3077 3076 3087
f 3084 3083 3094
f 3080 3091 3092
f 3087 3098 3099
f 3095 3094 3105
f 3091 3102 3103
f 3088 3099 3100
f 3095 3106 3107
f 3092 3103 3104
f 3089 3100 3101
f 3087 3086 3097
f 3093 3104 3105
f 3090 3101 3102
f 3100 3112 3113
f 3098 3097 3109
f 3104 3116 3117
f 3102 3101 3113
f 3098 3110 3111
f 3106 3105 3117
f 3103 3102 3114
f 3099 3111 3112
f 3107 3106 3118
f 3104 3103 3115
f 3111 3122 3123
f 3118 3129 3130
f 3115 3126 3127
f 3113 3112 3123
f 3109 3120 3121
f 3116 3127 3128
f 3113 3124 3125
f 3110 3121 3122
f 3117 3128 3129
f 3115 3114 3125
f 3124 3135 3136
f 3121 3132 3133
f 3128 3139 3140
f 3125 3136 3137
f 3122 3133 3134
f 3130 3129 3140
f 3126 3137 3138
f 3124 3123 3134
f 3120 3131 3132
f 3128 3127 3138
f 3135 3134 3145
f 3132 3131 3142
f 3139 3138 3149
f 3136 3135 3146
f 3133 3132 3143
f 3139 3150 3151
f 3137 3136 3147
f 3133 3144 3145
f 3141 3140 3151
f 3137 3148 3149
f 3148 3147 3158
f 3144 3155 3156
f 3151 3162 3163
f 3148 3159 3160
f 3146 3145 3156
f 3143 3142 3153
f 3150 3149 3160
f 3146 3157 3158
f 3143 3154 3155
f 3151 3150 3161
f 3157 3168 3169
f 3154 3165 3166
f 3161 3172 3173
f 3158 3169 3170
f 3155 3166 3167
f 3162 3173 3174
f 3159 3170 3171
f 3157 3156 3167
f 3154 3153 3164
f 3160 3171 3172
f 3171 3170 3181
f 3167 3178 3179
f 3164 3175 3176
f 3172 3171 3182
f 3168 3179 3180
f 3165 3176 3177
f 3172 3183 3184
f 3170 3169 3180
f 3167 3166 3177
f 3174 3173 3184
f 3180 3191 3192
f 3178 3177 3188
f 3184 3195 3196
f 3181 3192 3193
f 3179 3178 3189
f 3175 3186 3187
f 3182 3193 3194
f 3180 3179 3190
f 3177 3176 3187
f 3183 3194 3195
f 3194 3193 3204
f 3190 3201 3202
f 3187 3198 3199
f 3194 3205 3206
f 3191 3202 3203
f 3188 3199 3200
f 3196 3195 3206
f 3192 3203 3204
f 3190 3189 3200
f 3186 3197 3198
f 3204 3203 3214
f 3200 3211 3212
f 3198 3197 3208
f 3205 3204 3215
f 3201 3212 3213
f 3198 3209 3210
f 3206 3205 3216
f 3203 3202 3213
f 3199 3210 3211
f 3206 3217 3218
f 3217 3216 3222
f 3214 3213 3004
f 3210 3219 3220
f 3218 3217 3006
f 3215 3214 3005
f 3211 3220 3003
f 3208 3001 3002
f 3215 3221 3222
f 3212 3003 3004
f 3209 3002 3219
f 3224 3226 3225
f 3226 3228 3227
f 3228 3230 3229
f 3230 3232 3231
f 3232 3234 3233
f 3234 3236 3235
f 3236 3238 3237
f 3238 3240 3239
f 3240 3242 3241
f 3242 3244 3243
f 3243 3244 3246
f 3246 3248 3247
f 3248 3250 3249
f 3250 3252 3251
f 3252 3254 3253
f 3254 3256 3255
f 3255 3256 3258
f 3257 3258 3260
f 3260 3262 3261
f 3262 3264 3263
f 3264 3266 3265
f 3265 3266 3268
f 3228 3226 3224
f 3224 3270 3268
f 3268 3266 3264
f 3264 3262 3260
f 3260 3258 3256
f 3256 3254 3252
f 3252 3250 3248
f 3248 3246 3244
f 3244 3242 3240
f 3240 3238 3236
f 3236 3234 3232
f 3232 3230 3228
f 3228 3224 3268
f 3268 3264 3260
f 3260 3256 3252
f 3252 3248 3244
f 3244 3240 3236
f 3236 3232 3228
f 3228 3268 3260
f 3260 3252 3244
f 3244 3236 3228
f 3268 3270 3269
f 3269 3270 3224
f 3269 3223 3225
f 3225 3227 3229
f 3229 3231 3233
f 3233 3235 3237
f 3237 3239 3241
f 3241 3243 3245
f 3245 3247 3249
f 3249 3251 3253
f 3253 3255 3257
f 3257 3259 3261
f 3261 3263 3265
f 3265 3267 3269
f 3269 3225 3229
f 3229 3233 3237
f 3237 3241 3245
f 3245 3249 3253
f 3253 3257 3261
f 3261 3265 3269
f 3269 3229 3237
f 3237 3245 3253
f 3253 3261 3269
f 3272 3274 3273
f 3273 3274 3276
f 3275 3276 3278
f 3277 3278 3280
f 3279 3280 3282
f 3282 3284 3283
f 3283 3284 3286
f 3286 3288 3287
f 3287 3288 3290
f 3289 3290 3292
f 3292 3294 3293
f 3293 3294 3296
f 3296 3298 3297
f 3298 3300 3299
f 3300 3302 3301
f 3301 3302 3304
f 3303 3304 3306
f 3305 3306 3308
f 3308 3310 3309
f 3310 3312 3311
f 3312 3314 3313
f 3313 3314 3316
f 3276 3274 3272
f 3272 3318 3316
f 3316 3314 3312
f 3312 3310 3308
f 3308 3306 3304
f 3304 3302 3300
f 3300 3298 3296
f 3296 3294 3292
f 3292 3290 3288
f 3288 3286 3284
f 3284 3282 3280
f 3280 3278 3276
f 3276 3272 3316
f 3316 3312 3308
f 3308 3304 3300
f 3300 3296 3292
f 3292 3288 3284
f 3284 3280 3276
f 3276 3316 3308
f 3308 3300 3292
f 3292 3284 3276
f 3316 3318 3317
f 3318 3272 3271
f 3317 3271 3273
f 3273 3275 3277
f 3277 3279 3281
f 3281 3283 3285
f 3285 3287 3289
f 3289 3291 3293
f 3293 3295 3297
f 3297 3299 3301
f 3301 3303 3305
f 3305 3307 3309
f 3309 3311 3313
f 3313 3315 3317
f 3317 3273 3277
f 3277 3281 3285
f 3285 3289 3293
f 3293 3297 3301
f 3301 3305 3309
f 3309 3313 3317
f 3317 3277 3285
f 3285 3293 3301
f 3301 3309 3317
f 3539 3323 3332
f 3538 3329 3330
f 3319 3326 3327
f 3539 3333 3334
f 3322 3321 3330
f 3320 3327 3328
f 3540 3334 3335
f 3322 3331 3332
f 3537 3328 3329
f 3325 3324 3335
f 3330 3341 3342
f 3327 3338 3339
f 3335 3334 3345
f 3331 3342 3343
f 3329 3328 3339
f 3336 3335 3346
f 3332 3343 3344
f 3330 3329 3340
f 3326 3337 3338
f 3334 3333 3344
f 3340 3352 3353
f 3337 3349 3350
f 3344 3356 3357
f 3341 3353 3354
f 3339 3338 3350
f 3346 3345 3357
f 3343 3342 3354
f 3339 3351 3352
f 3347 3346 3358
f 3343 3355 3356
f 3354 3365 3366
f 3352 3351 3362
f 3359 3358 3369
f 3356 3355 3366
f 3352 3363 3364
f 3349 3360 3361
f 3356 3367 3368
f 3354 3353 3364
f 3351 3350 3361
f 3357 3368 3369
f 3364 3375 3376
f 3361 3372 3373
f 3368 3379 3380
f 3365 3376 3377
f 3363 3362 3373
f 3369 3380 3381
f 3366 3377 3378
f 3364 3363 3374
f 3361 3360 3371
f 3367 3378 3379
f 3377 3388 3389
f 3375 3374 3385
f 3371 3382 3383
f 3379 3378 3389
f 3376 3375 3386
f 3373 3372 3383
f 3379 3390 3391
f 3377 3376 3387
f 3373 3384 3385
f 3380 3391 3392
f 3387 3398 3399
f 3384 3395 3396
f 3392 3391 3402
f 3389 3388 3399
f 3386 3385 3396
f 3382 3393 3394
f 3389 3400 3401
f 3386 3397 3398
f 3383 3394 3395
f 3390 3401 3402
f 3400 3411 3412
f 3398 3397 3408
f 3394 3405 3406
f 3402 3401 3412
f 3398 3409 3410
f 3395 3406 3407
f 3402 3413 3414
f 3399 3410 3411
f 3396 3407 3408
f 3394 3393 3404
f 3410 3421 3422
f 3408 3407 3418
f 3405 3404 3415
f 3412 3411 3422
f 3408 3419 3420
f 3406 3405 3416
f 3412 3423 3424
f 3409 3420 3421
f 3407 3406 3417
f 3413 3424 3425
f 3423 3435 3436
f 3420 3432 3433
f 3417 3429 3430
f 3424 3436 3437
f 3421 3433 3434
f 3418 3430 3431
f 3415 3427 3428
f 3422 3434 3435
f 3419 3431 3432
f 3416 3428 3429
f 3427 3438 3439
f 3434 3445 3446
f 3431 3442 3443
f 3428 3439 3440
f 3436 3435 3446
f 3432 3443 3444
f 3429 3440 3441
f 3437 3436 3447
f 3433 3444 3445
f 3430 3441 3442
f 3447 3458 3459
f 3444 3455 3456
f 3441 3452 3453
f 3438 3449 3450
f 3445 3456 3457
f 3442 3453 3454
f 3439 3450 3451
f 3446 3457 3458
f 3443 3454 3455
f 3441 3440 3451
f 3450 3461 3462
f 3457 3468 3469
f 3454 3465 3466
f 3451 3462 3463
f 3458 3469 3470
f 3455 3466 3467
f 3453 3452 3463
f 3450 3449 3460
f 3456 3467 3468
f 3453 3464 3465
f 3460 3471 3472
f 3468 3467 3478
f 3464 3475 3476
f 3462 3461 3472
f 3469 3468 3479
f 3466 3465 3476
f 3462 3473 3474
f 3470 3469 3480
f 3466 3477 3478
f 3464 3463 3474
f 3474 3473 3484
f 3480 3491 3492
f 3477 3488 3489
f 3475 3474 3485
f 3472 3471 3482
f 3479 3478 3489
f 3475 3486 3487
f 3472 3483 3484
f 3480 3479 3490
f 3477 3476 3487
f 3483 3494 3495
f 3490 3501 3502
f 3487 3498 3499
f 3484 3495 3496
f 3491 3502 3503
f 3488 3499 3500
f 3486 3485 3496
f 3482 3493 3494
f 3489 3500 3501
f 3486 3497 3498
f 3496 3507 3508
f 3494 3493 3504
f 3500 3511 3512
f 3498 3497 3508
f 3494 3505 3506
f 3502 3501 3512
f 3498 3509 3510
f 3496 3495 3506
f 3502 3513 3514
f 3499 3510 3511
f 3507 3506 3517
f 3513 3524 3525
f 3511 3510 3521
f 3507 3518 3519
f 3505 3504 3515
f 3512 3511 3522
f 3509 3508 3519
f 3506 3505 3516
f 3512 3523 3524
f 3509 3520 3521
f 3520 3519 3530
f 3516 3527 3528
f 3523 3534 3535
f 3520 3531 3532
f 3517 3528 3529
f 3524 3535 3536
f 3522 3521 3532
f 3518 3529 3530
f 3515 3526 3527
f 3522 3533 3534
f 3529 3538 3321
f 3526 3319 3320
f 3533 3539 3540
f 3530 3321 3322
f 3527 3320 3537
f 3535 3534 3540
f 3531 3322 3323
f 3528 3537 3538
f 3536 3535 3324
f 3533 3532 3323
f 3759 3550 3551
f 3547 3546 3557
f 3545 3554 3555
f 3760 3551 3552
f 3541 3548 3549
f 3762 3761 3555
f 3543 3552 3553
f 3542 3549 3550
f 3546 3762 3556
f 3544 3553 3554
f 3548 3559 3560
f 3555 3566 3567
f 3552 3563 3564
f 3550 3549 3560
f 3556 3567 3568
f 3553 3564 3565
f 3550 3561 3562
f 3557 3568 3569
f 3555 3554 3565
f 3551 3562 3563
f 3568 3580 3581
f 3566 3565 3577
f 3562 3574 3575
f 3560 3559 3571
f 3567 3566 3578
f 3564 3563 3575
f 3560 3572 3573
f 3568 3567 3579
f 3564 3576 3577
f 3561 3573 3574
f 3572 3583 3584
f 3579 3590 3591
f 3576 3587 3588
f 3573 3584 3585
f 3580 3591 3592
f 3577 3588 3589
f 3575 3574 3585
f 3572 3571 3582
f 3579 3578 3589
f 3576 3575 3586
f 3582 3593 3594
f 3590 3589 3600
f 3586 3597 3598
f 3584 3583 3594
f 3590 3601 3602
f 3587 3598 3599
f 3584 3595 3596
f 3591 3602 3603
f 3588 3599 3600
f 3586 3585 3596
f 3596 3595 3606
f 3602 3613 3614
f 3600 3599 3610
f 3596 3607 3608
f 3594 3593 3604
f 3600 3611 3612
f 3598 3597 3608
f 3594 3605 3606
f 3601 3612 3613
f 3598 3609 3610
f 3606 3605 3616
f 3612 3623 3624
f 3609 3620 3621
f 3606 3617 3618
f 3614 3613 3624
f 3610 3621 3622
f 3608 3607 3618
f 3605 3604 3615
f 3611 3622 3623
f 3609 3608 3619
f 3619 3618 3629
f 3615 3626 3627
f 3623 3622 3633
f 3620 3619 3630
f 3617 3616 3627
f 3623 3634 3635
f 3620 3631 3632
f 3617 3628 3629
f 3625 3624 3635
f 3621 3632 3633
f 3628 3639 3640
f 3636 3635 3646
f 3632 3643 3644
f 3629 3640 3641
f 3626 3637 3638
f 3634 3633 3644
f 3631 3630 3641
f 3627 3638 3639
f 3635 3634 3645
f 3631 3642 3643
f 3641 3653 3654
f 3638 3650 3651
f 3646 3645 3657
f 3642 3654 3655
f 3639 3651 3652
f 3647 3646 3658
f 3643 3655 3656
f 3640 3652 3653
f 3638 3637 3649
f 3644 3656 3657
f 3652 3663 3664
f 3650 3649 3660
f 3656 3667 3668
f 3653 3664 3665
f 3651 3650 3661
f 3657 3668 3669
f 3654 3665 3666
f 3652 3651 3662
f 3658 3669 3670
f 3656 3655 3666
f 3666 3665 3676
f 3662 3673 3674
f 3669 3680 3681
f 3666 3677 3678
f 3664 3663 3674
f 3661 3660 3671
f 3667 3678 3679
f 3664 3675 3676
f 3662 3661 3672
f 3669 3668 3679
f 3676 3675 3686
f 3672 3683 3684
f 3680 3679 3690
f 3676 3687 3688
f 3673 3684 3685
f 3680 3691 3692
f 3677 3688 3689
f 3675 3674 3685
f 3672 3671 3682
f 3679 3678 3689
f 3689 3688 3699
f 3686 3685 3696
f 3683 3682 3693
f 3689 3700 3701
f 3686 3697 3698
f 3684 3683 3694
f 3691 3690 3701
f 3688 3687 3698
f 3684 3695 3696
f 3691 3702 3703
f 3699 3698 3709
f 3696 3695 3706
f 3702 3713 3714
f 3699 3710 3711
f 3697 3696 3707
f 3693 3704 3705
f 3700 3711 3712
f 3697 3708 3709
f 3695 3694 3705
f 3701 3712 3713
f 3711 3722 3723
f 3709 3708 3719
f 3706 3705 3716
f 3712 3723 3724
f 3709 3720 3721
f 3706 3717 3718
f 3713 3724 3725
f 3711 3710 3721
f 3707 3718 3719
f 3705 3704 3715
f 3721 3732 3733
f 3719 3718 3729
f 3715 3726 3727
f 3722 3733 3734
f 3719 3730 3731
f 3716 3727 3728
f 3723 3734 3735
f 3720 3731 3732
f 3718 3717 3728
f 3725 3724 3735
f 3734 3745 3746
f 3731 3742 3743
f 3729 3728 3739
f 3736 3735 3746
f 3732 3743 3744
f 3729 3740 3741
f 3726 3737 3738
f 3733 3744 3745
f 3731 3730 3741
f 3727 3738 3739
f 3738 3737 3748
f 3744 3755 3756
f 3742 3741 3752
f 3739 3738 3749
f 3746 3745 3756
f 3742 3753 3754
f 3740 3739 3750
f 3746 3757 3758
f 3743 3754 3755
f 3740 3751 3752
f 3758 3757 3546
f 3755 3754 3545
f 3751 3760 3543
f 3748 3541 3542
f 3756 3755 3761
f 3753 3752 3543
f 3749 3542 3759
f 3757 3756 3762
f 3753 3544 3545
f 3750 3759 3760
f 3764 3766 3765
f 3766 3768 3767
f 3768 3770 3769
f 3770 3772 3771
f 3772 3774 3773
f 3774 3776 3775
f 3776 3778 3777
f 3777 3778 3780
f 3780 3782 3781
f 3782 3784 3783
f 3783 3784 3786
f 3786 3788 3787
f 3787 3788 3790
f 3790 3792 3791
f 3792 3794 3793
f 3794 3796 3795
f 3796 3798 3797
f 3797 3798 3800
f 3799 3800 3802
f 3802 3804 3803
f 3803 3804 3806
f 3806 3808 3807
f 3768 3766 3764
f 3764 3810 3808
f 3808 3806 3804
f 3804 3802 3800
f 3800 3798 3796
f 3796 3794 3792
f 3792 3790 3788
f 3788 3786 3784
f 3784 3782 3780
f 3780 3778 3776
f 3776 3774 3772
f 3772 3770 3768
f 3768 3764 3808
f 3808 3804 3800
f 3800 3796 3792
f 3792 3788 3784
f 3784 3780 3776
f 3776 3772 3768
f 3768 3808 3800
f 3800 3792 3784
f 3784 3776 3768
f 3808 3810 3809
f 3810 3764 3763
f 3809 3763 3765
f 3765 3767 3769
f 3769 3771 3773
f 3773 3775 3777
f 3777 3779 3781
f 3781 3783 3785
f 3785 3787 3789
f 3789 3791 3793
f 3793 3795 3797
f 3797 3799 3801
f 3801 3803 3805
f 3805 3807 3809
f 3809 3765 3769
f 3769 3773 3777
f 3777 3781 3785
f 3785 3789 3793
f 3793 3797 3801
f 3801 3805 3809
f 3809 3769 3777
f 3777 3785 3793
f 3793 3801 3809
f 3812 3811 3818
f 4031 3825 3826
f 3814 3813 3822
f 3812 3819 3820
f 3816 4032 3826
f 3814 3823 3824
f 4029 3820 3821
f 3816 3827 3828
f 3815 3824 3825
f 3813 4030 3821
f 3824 3823 3834
f 3820 3831 3832
f 3827 3838 3839
f 3824 3835 3836
f 3822 3821 3832
f 3818 3829 3830
f 3826 3825 3836
f 3822 3833 3834
f 3820 3819 3830
f 3827 3826 3837
f 3834 3833 3845
f 3831 3830 3842
f 3837 3849 3850
f 3835 3834 3846
f 3832 3831 3843
f 3838 3850 3851
f 3836 3835 3847
f 3832 3844 3845
f 3830 3829 3841
f 3836 3848 3849
f 3848 3847 3858
f 3844 3855 3856
f 3841 3852 3853
f 3849 3848 3859
f 3845 3856 3857
f 3842 3853 3854
f 3850 3849 3860
f 3846 3857 3858
f 3843 3854 3855
f 3851 3850 3861
f 3857 3868 3869
f 3855 3854 3865
f 3861 3872 3873
f 3858 3869 3870
f 3855 3866 3867
f 3852 3863 3864
f 3859 3870 3871
f 3856 3867 3868
f 3854 3853 3864
f 3860 3871 3872
f 3871 3870 3881
f 3867 3878 3879
f 3865 3864 3875
f 3871 3882 3883
f 3868 3879 3880
f 3866 3865 3876
f 3872 3883 3884
f 3869 3880 3881
f 3867 3866 3877
f 3864 3863 3874
f 3880 3891 3892
f 3877 3888 3889
f 3875 3874 3885
f 3881 3892 3893
f 3878 3889 3890
f 3875 3886 3887
f 3883 3882 3893
f 3880 3879 3890
f 3877 3876 3887
f 3883 3894 3895
f 3894 3893 3904
f 3891 3890 3901
f 3888 3887 3898
f 3894 3905 3906
f 3891 3902 3903
f 3889 3888 3899
f 3885 3896 3897
f 3893 3892 3903
f 3890 3889 3900
f 3886 3897 3898
f 3896 3907 3908
f 3903 3914 3915
f 3901 3900 3911
f 3898 3897 3908
f 3904 3915 3916
f 3901 3912 3913
f 3898 3909 3910
f 3906 3905 3916
f 3903 3902 3913
f 3899 3910 3911
f 3917 3916 3928
f 3913 3925 3926
f 3911 3910 3922
f 3907 3919 3920
f 3914 3926 3927
f 3911 3923 3924
f 3908 3920 3921
f 3916 3915 3927
f 3912 3924 3925
f 3909 3921 3922
f 3921 3920 3931
f 3928 3927 3938
f 3924 3935 3936
f 3922 3921 3932
f 3928 3939 3940
f 3925 3936 3937
f 3923 3922 3933
f 3920 3919 3930
f 3927 3926 3937
f 3924 3923 3934
f 3931 3930 3941
f 3938 3937 3948
f 3934 3945 3946
f 3931 3942 3943
f 3939 3938 3949
f 3936 3935 3946
f 3933 3932 3943
f 3939 3950 3951
f 3936 3947 3948
f 3934 3933 3944
f 3943 3954 3955
f 3951 3950 3961
f 3947 3958 3959
f 3945 3944 3955
f 3941 3952 3953
f 3948 3959 3960
f 3945 3956 3957
f 3942 3953 3954
f 3949 3960 3961
f 3946 3957 3958
f 3954 3953 3964
f 3960 3971 3972
f 3957 3968 3969
f 3954 3965 3966
f 3961 3972 3973
f 3958 3969 3970
f 3956 3955 3966
f 3953 3952 3963
f 3960 3959 3970
f 3956 3967 3968
f 3966 3977 3978
f 3964 3963 3974
f 3970 3981 3982
f 3967 3978 3979
f 3965 3964 3975
f 3971 3982 3983
f 3969 3968 3979
f 3965 3976 3977
f 3972 3983 3984
f 3969 3980 3981
f 3976 3987 3988
f 3984 3983 3994
f 3980 3991 3992
f 3977 3988 3989
f 3974 3985 3986
f 3981 3992 3993
f 3978 3989 3990
f 3975 3986 3987
f 3983 3982 3993
f 3979 3990 3991
f 3990 3989 4000
f 3986 3997 3998
f 3994 3993 4004
f 3990 4001 4002
f 3987 3998 3999
f 3994 4005 4006
f 3992 3991 4002
f 3989 3988 3999
f 3985 3996 3997
f 3992 4003 4004
f 4000 3999 4010
f 3997 3996 4007
f 4003 4014 4015
f 4000 4011 4012
f 3997 4008 4009
f 4005 4004 4015
f 4001 4012 4013
f 3998 4009 4010
f 4005 4016 4017
f 4002 4013 4014
f 4012 4023 4024
f 4009 4020 4021
f 4016 4027 4028
f 4013 4024 4025
f 4011 4010 4021
f 4008 4007 4018
f 4015 4014 4025
f 4012 4011 4022
f 4009 4008 4019
f 4015 4026 4027
f 4022 3813 3814
f 4019 3812 4029
f 4026 4032 3816
f 4024 4023 3814
f 4020 4029 4030
f 4028 4027 3816
f 4025 4024 3815
f 4021 4030 3813
f 4018 3811 3812
f 4026 4025 4031
f 4034 4036 4035
f 4036 4038 4037
f 4038 4040 4039
f 4040 4042 4041
f 4041 4042 4044
f 4044 4046 4045
f 4046 4048 4047
f 4048 4050 4049
f 4050 4052 4051
f 4052 4054 4053
f 4054 4056 4055
f 4055 4056 4058
f 4058 4060 4059
f 4060 4062 4061
f 4061 4062 4064
f 4064 4066 4065
f 4065 4066 4068
f 4068 4070 4069
f 4069 4070 4072
f 4071 4072 4074
f 4073 4074 4076
f 4076 4078 4077
f 4038 4036 4034
f 4034 4080 4078
f 4078 4076 4074
f 4074 4072 4070
f 4070 4068 4066
f 4066 4064 4062
f 4062 4060 4058
f 4058 4056 4054
f 4054 4052 4050
f 4050 4048 4046
f 4046 4044 4042
f 4042 4040 4038
f 4038 4034 4078
f 4078 4074 4070
f 4070 4066 4062
f 4062 4058 4054
f 4054 4050 4046
f 4046 4042 4038
f 4038 4078 4070
f 4070 4062 4054
f 4054 4046 4038
f 4077 4078 4080
f 4080 4034 4033
f 4079 4033 4035
f 4035 4037 4039
f 4039 4041 4043
f 4043 4045 4047
f 4047 4049 4051
f 4051 4053 4055
f 4055 4057 4059
f 4059 4061 4063
f 4063 4065 4067
f 4067 4069 4071
f 4071 4073 4075
f 4075 4077 4079
f 4079 4035 4039
f 4039 4043 4047
f 4047 4051 4055
f 4055 4059 4063
f 4063 4067 4071
f 4071 4075 4079
f 4079 4039 4047
f 4047 4055 4063
f 4063 4071 4079
f 4084 4093 4094
f 4299 4090 4091
f 4087 4086 4097
f 4301 4085 4094
f 4300 4091 4092
f 4082 4081 4088
f 4302 4301 4095
f 4084 4083 4092
f 4082 4089 4090
f 4086 4302 4096
f 4088 4099 4100
f 4095 4106 4107
f 4092 4103 4104
f 4089 4100 4101
f 4096 4107 4108
f 4094 4093 4104
f 4091 4090 4101
f 4097 4108 4109
f 4094 4105 4106
f 4091 4102 4103
f 4101 4113 4114
f 4108 4120 4121
f 4105 4117 4118
f 4103 4102 4114
f 4099 4111 4112
f 4107 4106 4118
f 4103 4115 4116
f 4100 4112 4113
f 4108 4107 4119
f 4104 4116 4117
f 4112 4123 4124
f 4119 4130 4131
f 4117 4116 4127
f 4114 4113 4124
f 4121 4120 4131
f 4117 4128 4129
f 4115 4114 4125
f 4111 4122 4123
f 4118 4129 4130
f 4115 4126 4127
f 4126 4125 4136
f 4123 4122 4133
f 4130 4129 4140
f 4126 4137 4138
f 4123 4134 4135
f 4131 4130 4141
f 4127 4138 4139
f 4124 4135 4136
f 4131 4142 4143
f 4128 4139 4140
f 4135 4146 4147
f 4142 4153 4154
f 4140 4139 4150
f 4136 4147 4148
f 4133 4144 4145
f 4141 4140 4151
f 4137 4148 4149
f 4135 4134 4145
f 4141 4152 4153
f 4139 4138 4149
f 4149 4148 4159
f 4145 4156 4157
f 4153 4152 4163
f 4149 4160 4161
f 4146 4157 4158
f 4153 4164 4165
f 4151 4150 4161
f 4147 4158 4159
f 4144 4155 4156
f 4152 4151 4162
f 4159 4158 4169
f 4155 4166 4167
f 4162 4173 4174
f 4159 4170 4171
f 4156 4167 4168
f 4164 4163 4174
f 4161 4160 4171
f 4158 4157 4168
f 4165 4164 4175
f 4162 4161 4172
f 4172 4171 4182
f 4168 4179 4180
f 4176 4175 4186
f 4173 4172 4183
f 4169 4180 4181
f 4167 4166 4177
f 4174 4173 4184
f 4171 4170 4181
f 4167 4178 4179
f 4174 4185 4186
f 4182 4181 4193
f 4179 4178 4190
f 4185 4197 4198
f 4182 4194 4195
f 4180 4179 4191
f 4186 4198 4199
f 4183 4195 4196
f 4180 4192 4193
f 4178 4177 4189
f 4184 4196 4197
f 4195 4206 4207
f 4192 4203 4204
f 4190 4189 4200
f 4197 4196 4207
f 4193 4204 4205
f 4190 4201 4202
f 4198 4197 4208
f 4194 4205 4206
f 4191 4202 4203
f 4198 4209 4210
f 4206 4205 4216
f 4203 4202 4213
f 4209 4220 4221
f 4207 4206 4217
f 4203 4214 4215
f 4200 4211 4212
f 4207 4218 4219
f 4204 4215 4216
f 4202 4201 4212
f 4209 4208 4219
f 4218 4229 4230
f 4215 4226 4227
f 4212 4223 4224
f 4220 4219 4230
f 4217 4216 4227
f 4214 4213 4224
f 4220 4231 4232
f 4218 4217 4228
f 4214 4225 4226
f 4212 4211 4222
f 4228 4239 4240
f 4226 4225 4236
f 4223 4222 4233
f 4229 4240 4241
f 4226 4237 4238
f 4223 4234 4235
f 4230 4241 4242
f 4228 4227 4238
f 4224 4235 4236
f 4232 4231 4242
f 4241 4252 4253
f 4238 4249 4250
f 4235 4246 4247
f 4242 4253 4254
f 4240 4239 4250
f 4237 4236 4247
f 4234 4233 4244
f 4240 4251 4252
f 4238 4237 4248
f 4235 4234 4245
f 4244 4255 4256
f 4251 4262 4263
f 4248 4259 4260
f 4246 4245 4256
f 4252 4263 4264
f 4250 4249 4260
f 4246 4257 4258
f 4253 4264 4265
f 4250 4261 4262
f 4247 4258 4259
f 4265 4264 4275
f 4261 4272 4273
f 4259 4258 4269
f 4255 4266 4267
f 4262 4273 4274
f 4259 4270 4271
f 4256 4267 4268
f 4264 4263 4274
f 4261 4260 4271
f 4257 4268 4269
f 4268 4267 4278
f 4274 4285 4286
f 4272 4271 4282
f 4268 4279 4280
f 4276 4275 4286
f 4272 4283 4284
f 4269 4280 4281
f 4266 4277 4278
f 4274 4273 4284
f 4270 4281 4282
f 4278 4277 4288
f 4285 4284 4295
f 4282 4281 4292
f 4278 4289 4290
f 4286 4285 4296
f 4282 4293 4294
f 4279 4290 4291
f 4287 4286 4297
f 4284 4283 4294
f 4280 4291 4292
f 4291 4290 4299
f 4298 4297 4086
f 4295 4294 4085
f 4291 4300 4083
f 4289 4288 4081
f 4295 4301 4302
f 4293 4292 4083
f 4289 4082 4299
f 4297 4296 4302
f 4293 4084 4085
f 4307 4306 4315
f 4521 4312 4313
f 4309 4308 4319
f 4523 4307 4316
f 4522 4313 4314
f 4303 4310 4311
f 4524 4523 4317
f 4305 4314 4315
f 4304 4311 4312
f 4308 4524 4318
f 4310 4321 4322
f 4318 4317 4328
f 4314 4325 4326
f 4311 4322 4323
f 4319 4318 4329
f 4316 4315 4326
f 4312 4323 4324
f 4320 4319 4330
f 4317 4316 4327
f 4313 4324 4325
f 4323 4335 4336
f 4331 4330 4342
f 4328 4327 4339
f 4324 4336 4337
f 4321 4333 4334
f 4329 4328 4340
f 4325 4337 4338
f 4322 4334 4335
f 4330 4329 4341
f 4327 4326 4338
f 4334 4345 4346
f 4342 4341 4352
f 4339 4338 4349
f 4335 4346 4347
f 4343 4342 4353
f 4340 4339 4350
f 4336 4347 4348
f 4333 4344 4345
f 4341 4340 4351
f 4337 4348 4349
f 4347 4358 4359
f 4344 4355 4356
f 4352 4351 4362
f 4348 4359 4360
f 4345 4356 4357
f 4353 4352 4363
f 4350 4349 4360
f 4346 4357 4358
f 4354 4353 4364
f 4351 4350 4361
f 4358 4357 4368
f 4364 4375 4376
f 4361 4372 4373
f 4359 4358 4369
f 4356 4355 4366
f 4362 4373 4374
f 4360 4359 4370
f 4357 4356 4367
f 4363 4374 4375
f 4360 4371 4372
f 4371 4370 4381
f 4368 4367 4378
f 4374 4385 4386
f 4371 4382 4383
f 4369 4368 4379
f 4375 4386 4387
f 4372 4383 4384
f 4370 4369 4380
f 4367 4366 4377
f 4373 4384 4385
f 4381 4380 4391
f 4378 4377 4388
f 4384 4395 4396
f 4382 4381 4392
f 4379 4378 4389
f 4385 4396 4397
f 4382 4393 4394
f 4380 4379 4390
f 4386 4397 4398
f 4383 4394 4395
f 4393 4404 4405
f 4391 4390 4401
f 4397 4408 4409
f 4394 4405 4406
f 4392 4391 4402
f 4389 4388 4399
f 4395 4406 4407
f 4393 4392 4403
f 4390 4389 4400
f 4396 4407 4408
f 4404 4403 4415
f 4401 4400 4412
f 4407 4419 4420
f 4404 4416 4417
f 4402 4401 4413
f 4408 4420 4421
f 4405 4417 4418
f 4403 4402 4414
f 4400 4399 4411
f 4406 4418 4419
f 4418 4417 4428
f 4414 4425 4426
f 4411 4422 4423
f 4419 4418 4429
f 4415 4426 4427
f 4412 4423 4424
f 4420 4419 4430
f 4417 4416 4427
f 4413 4424 4425
f 4421 4420 4431
f 4428 4427 4438
f 4424 4435 4436
f 4432 4431 4442
f 4429 4428 4439
f 4425 4436 4437
f 4422 4433 4434
f 4430 4429 4440
f 4426 4437 4438
f 4423 4434 4435
f 4431 4430 4441
f 4441 4440 4451
f 4437 4448 4449
f 4434 4445 4446
f 4442 4441 4452
f 4439 4438 4449
f 4435 4446 4447
f 4443 4442 4453
f 4440 4439 4450
f 4436 4447 4448
f 4433 4444 4445
f 4451 4450 4461
f 4447 4458 4459
f 4444 4455 4456
f 4452 4451 4462
f 4448 4459 4460
f 4445 4456 4457
f 4453 4452 4463
f 4450 4449 4460
f 4446 4457 4458
f 4454 4453 4464
f 4464 4463 4474
f 4461 4460 4471
f 4457 4468 4469
f 4465 4464 4475
f 4462 4461 4472
f 4458 4469 4470
f 4455 4466 4467
f 4463 4462 4473
f 4459 4470 4471
f 4456 4467 4468
f 4467 4466 4477
f 4473 4484 4485
f 4471 4470 4481
f 4468 4467 4478
f 4474 4485 4486
f 4471 4482 4483
f 4469 4468 4479
f 4475 4486 4487
f 4472 4483 4484
f 4470 4469 4480
f 4486 4497 4498
f 4483 4494 4495
f 4481 4480 4491
f 4478 4477 4488
f 4484 4495 4496
f 4482 4481 4492
f 4479 4478 4489
f 4485 4496 4497
f 4482 4493 4494
f 4480 4479 4490
f 4490 4489 4500
f 4496 4507 4508
f 4493 4504 4505
f 4491 4490 4501
f 4497 4508 4509
f 4494 4505 4506
f 4492 4491 4502
f 4489 4488 4499
f 4495 4506 4507
f 4493 4492 4503
f 4500 4499 4510
f 4506 4517 4518
f 4504 4503 4514
f 4501 4500 4511
f 4507 4518 4519
f 4504 4515 4516
f 4502 4501 4512
f 4508 4519 4520
f 4505 4516 4517
f 4503 4502 4513
f 4513 4512 4521
f 4519 4308 4309
f 4516 4307 4523
f 4514 4513 4522
f 4511 4510 4303
f 4517 4523 4524
f 4515 4514 4305
f 4512 4511 4304
f 4518 4524 4308
f 4515 4306 4307
